Année;Mois;Date d'emergence;No Serie Infection;Type d'animal;Province;District;Zone;Village;Quartier;Code QR Animale;Animal Sous APCC;Age de l'Animal;Sexe de l'age;Nom de l'animal;Type d'attachement;Animal Attache;Contamination des Sources d'eau;Date de detection;Date d'Investigation;Infection Isolee?;Latitude;Longitude
2025;Janvier;01/01/2025;1;Chien Domestique;Tandjile;Lai;Gabri-ngolo;Hamakara;Pas de Quartier;*AIGW*230229;non;6-11_mois;M;Servi;Non-_Lanimal_nest_pas_attache;Non;Non;01/01/2025;01/01/2025;Oui;9.294136;16.352733
2025;Janvier;03/01/2025;2;Chien Domestique;MC;Sarh;Maibo;Kotbiri;Pas de Quartier;*AIGW*240152;non;7;M;Patience;Oui- Attaché avec une chaîne et deux cadenas;Oui;Oui;01/01/2025;03/01/2025;Non;8.991139;18.505587
2025;Janvier;07/01/2025;3;Chien Domestique;MKE;Guelendeng;Mitau;Goussou;Pas de Quartier;*AIGW*240425;non;1;M;Marba;Oui- Attaché avec une chaîne et deux cadenas;Oui;Oui;03/01/2025;03/01/2025;Non;10.84542;15.697289
2025;Janvier;16/01/2025;4;Chien Domestique;SLM;Haraze;Daha;Miabesse;Pas de Quartier;*AIGW*240583;Non;1;F;Khachoumnass;Oui-_Attache_avec_une_chaine_et_deux_cadenas;Oui;Non;13/01/2025;14/01/2025;Non;9.337588;20.535028
2025;Janvier;19/01/2025;5;Chien Domestique;SLM;Haraze;Daha;Ndobe;Pas de Quartier;*AIGW*240584;Non;3;M;Machato;Non-_Lanimal_nest_pas_attache;Non;Oui;18/01/2025;20/01/2025;Non;9.29918;20.487122
2025;Mars;05/03/2025;6;Chien Domestique;MKE;Bongor;Tena boyna;Maya;Bai-bai;*AIGW*231197;non;1;F;Moulkoudirangou;Non-_Lanimal_nest_pas_attache;Non;Non;28/01/2025;28/01/2025;Oui;10.192146;15.618031
2025;Mars;19/03/2025;7;Chien Domestique;MKE;Guene;Kolong;Kolong 2;Malao;*AIGW*240487;non;1;F;Ngouloumpetsou;Non-_Lanimal_nest_pas_attache;Non;Non;11/03/2025;11/03/2025;Oui;9.960164;15.675426
2025;Mars;21/03/2025;8;Chien Domestique;MKE;Bongor;Nahaina;Nahaina;Gaibrang 2;*AIGW*231176;non;1;F;Databoïna;Non-_Lanimal_nest_pas_attache;Non;Non;10/03/2025;10/03/2025;Oui;9.960164;15.675426
2025;Mars;23/03/2025;9;Chat Domestique;MKE;Guene;Yamlhoka;Yamlhoka 3;Gonona;*AIGW*240427;non;1;M;Batou;Non-_Lanimal_nest_pas_attache;Non;Non;22/03/2025;22/03/2025;Oui;9.892583;15.57422
2025;Mars;24/03/2025;10;Chien Domestique;MC;Sarh;Kemata;Tanda;Tanda Carre;*AIGW*240380;non;1;M;Lavie;Non-_Lanimal_nest_pas_attache;Non;Non;16/03/2025;17/03/2025;Oui;9.219741;18.375054
2025;Mars;25/03/2025;11;Chien Domestique;MKE;Bongor;Nahaina;Nahaina;Gaibrang 1;*AIGW*231175;non;2;M;Mangaïna;Oui- Attaché avec une chaîne et deux cadenas;Oui;Oui;10/03/2025;10/03/2025;Non;9.892583;15.57422
2025;Mars;26/03/2025;12;Chien Domestique;MKE;Guene;Kaourang Viri;Kaourang Viri;Dodi Mallam Djigue;*AIGW*240428;Oui;8;F;Kawida;Oui-_Attache_avec_une_chaine_et_deux_cadenas;Non;Oui;23/03/2025;23/03/2025;Non;9.892583;15.57422
2025;Mars;29/03/2025;13;Chien Domestique;MKE;Bongor;Nahaina;Nahaina;Gaibrang 1;*AIGW*240431;non;1;F;Chaff;Non-_Lanimal_nest_pas_attache;Non;Non;23/03/2025;23/03/2025;Oui;9.892583;15.57422
2025;Mars;30/03/2025;14;Chat Domestique;CB;Massenya;Onoko;Onoko Coton Tchad;Pas de Quartier;*AIGW*240601;non;2;M;Mariam;Oui- Attaché avec une chaîne et deux cadenas;Oui;Oui;24/03/2025;24/03/2025;Non;10.910739;15.621572
2025;Avril;03/04/2025;15;Chien Domestique;MKE;Bongor;Ham;Ham bogol;pas de quartier;*AIGW*231198;non;2;M;Police;Oui- Attaché avec une chaîne et deux cadenas;Oui;Oui;01/04/2025;01/04/2025;Non;10.012582;15.680488
2025;Avril;05/04/2025;16;Chien Domestique;MC;Kyabe;Marabe;Marabodokouya 2;Marabodokouya 2 Centre;*AIGW*231286;non;7;M;Dohebé;Non-_Lanimal_nest_pas_attache;Non;Non;02/04/2025;02/04/2025;Oui;9.327059;18.71874
2025;Avril;07/04/2025;17;Chat Domestique;MKE;Koyom;Ere;Ere;Kodomco;*AIGW*240609;Oui;1;M;Qui t'a dit;Oui-_Attache_avec_une_chaine_et_deux_cadenas;Non;Non;26/03/2025;26/03/2025;Oui;10.012582;15.680488
2025;Avril;09/04/2025;18;Chien Domestique;MKE;Bongor;Balampouta;Daba zero;Saini 1;*AIGW*240622;non;1;M;Danghivounsia;Non-_Lanimal_nest_pas_attache;Non;Non;20/03/2025;21/03/2025;Oui;10.192406;15.45958
2025;Avril;10/04/2025;19;Chien Domestique;MKE;Guene;Kolong;Kolong 1;Lacka;*AIGW*230464;non;2;F;Jaguar;Non-_Lanimal_nest_pas_attache;Non;Non;11/02/2025;11/02/2025;Oui;9.943908;15.691223
2025;Avril;14/04/2025;20;Chien Domestique;MKE;Guene;NGuelengou;Mouna;Mouna 2;*AIGW*240613;non;2;F;Ngaripetsou;Oui- Attaché avec une chaîne et deux cadenas;Oui;Non;11/04/2025;11/04/2025;Non;9.939308;15.648042
2025;Avril;14/04/2025;21;Chien Domestique;MKE;Bongor;Nahaina;Nahaina;Gaibrang 1;*AIGW*240432;Oui;1;M;Refugié;Oui-_Attache_avec_une_chaine_et_deux_cadenas;Non;Non;14/04/2025;14/04/2025;Oui;9.939308;15.648042
2025;Avril;15/04/2025;22;Chien Domestique;MKE;Bongor;Balampouta;Daba zero;Saini 2;*AIGW*240450;non;1;F;Haissitangou;Non-_Lanimal_nest_pas_attache;Non;Non;10/04/2025;10/04/2025;Oui;10.195653;15.454283
2025;Avril;15/04/2025;23;Chien Domestique;MKE;Guene;Kolong;Kolong 1;Lacka;*AIGW*240605;non;1;M;Moullah;Non-_Lanimal_nest_pas_attache;Non;Non;12/04/2025;12/04/2025;Oui;9.943908;15.691223
2025;Avril;16/04/2025;24;Chien Domestique;MKE;Bongor;Bongor Sieke;Daba;Kourou;*AIGW*240617;non;1;M;Kamouké;Non-_Lanimal_nest_pas_attache;Non;Non;11/04/2025;11/04/2025;Oui;10.204278;15.436908
2025;Avril;17/04/2025;25;Chien Domestique;MKE;Guene;Kolong;Kolong 1;Lacka;*AIGW*240488;non;2;M;Garde Nomade;Non-_Lanimal_nest_pas_attache;Non;Non;08/04/2025;08/04/2025;Oui;9.943908;15.691223
2025;Avril;17/04/2025;26;Chien Domestique;MKE;Guene;Kolong;Kolong 2;Hackna1;*AIGW*240429;non;1;M;Fakarsemé;Non-_Lanimal_nest_pas_attache;Non;Non;10/04/2025;10/04/2025;Oui;9.951118;15.686529
2025;Avril;18/04/2025;27;Chat Domestique;MKE;Bongor;Nahaina;Nahaina;Maidenga 2;*AIGW*240629;non;1;F;Miss;Non-_Lanimal_nest_pas_attache;Non;Non;26/03/2025;26/03/2025;Oui;9.951118;15.686529
2025;Avril;19/04/2025;28;Chien Domestique;MKE;Bongor;Djarwaye;Moussa;Dorbol 2;*AIGW*240619;non;2;M;Commandant;Non-_Lanimal_nest_pas_attache;Non;Non;18/04/2025;19/04/2025;Oui;10.045284;15.621515
2025;Avril;19/04/2025;29;Chien Domestique;MC;Sarh;Kemata;Gotobendja;Pas de Quartier;*AIGW*240392;non;2;F;Mamiassial;Non-_Lanimal_nest_pas_attache;Non;Non;11/04/2025;11/04/2025;Oui;9.205539;18.518569
2025;Avril;21/04/2025;30;Chien Domestique;MKE;Guene;Kolong;Kolong 2;Hackna1;*AIGW*230586;non;3;M;Paul biya;Non-_Lanimal_nest_pas_attache;Non;Non;17/04/2025;17/04/2025;Oui;9.951118;15.686529
2025;Avril;22/04/2025;31;Chien Domestique;MKE;Koyom;Kolobo;Kaoutil;Pas de Quartier;*AIGW*240611;Oui;1;M;Taratanga;Oui-_Mais_pas_avec_une_chaine_et_deux_cadenas;Non;Oui;15/04/2025;15/04/2025;Non;9.942453;15.721567
2025;Avril;23/04/2025;32;Chien Domestique;MKE;Guene;NGuelengou;Mouna;Mouna 2;*AIGW*240614;non;2;M;Marandémaïssou;Oui- Attaché avec une chaîne et deux cadenas;Oui;Non;14/04/2025;14/04/2025;Non;9.939308;15.648042
2025;Avril;26/04/2025;33;Chien Domestique;MKE;Guene;Kolong;Kolong 1;Lacka;*AIGW*240430;non;3;F;Jaguar;Non-_Lanimal_nest_pas_attache;Non;Non;14/04/2025;14/04/2025;Oui;9.943908;15.691223
2025;Avril;26/04/2025;34;Chien Domestique;MKE;Bongor;Nahaina;Nahaina;Gaibrang 1;*AIGW*240630;non;2;M;Service;Non-_Lanimal_nest_pas_attache;Non;Non;14/04/2025;14/04/2025;Oui;9.943908;15.691223
2025;Avril;27/04/2025;35;Chien Domestique;MC;Sarh;Kokaga;Mbaigoro;Pas de Quartier;*AIGW*240391;Oui;6-11_mois;F;Supporté;Oui-_Attache_avec_une_chaine_et_deux_cadenas;Non;Non;18/03/2025;18/03/2025;Oui;9.255217;18.372695
2025;Avril;28/04/2025;36;Chien Domestique;MC;Sarh;Kemata;Gotobendja;Pas de Quartier;*AIGW*240394;non;2;M;Supporté;Oui- Attaché avec une chaîne et deux cadenas;Oui;Oui;19/04/2025;19/04/2025;Non;9.205539;18.518569
2025;Avril;30/04/2025;37;Chat Domestique;MKE;Bongor;Djarwaye;Zigui;Guilik;*AIGW*240620;non;2;F;Miss;Non-_Lanimal_nest_pas_attache;Non;Non;16/04/2025;16/04/2025;Oui;10.06399;15.588506
2025;Mai;06/05/2025;38;Chien Domestique;MKE;Bongor;Nahaina;Nahaina;Gaibrang 1;*AIGW*240623;non;2;M;Djafat;Non-_Lanimal_nest_pas_attache;Non;Non;26/04/2025;26/04/2025;Oui;10.06399;15.588506
2025;Mai;06/05/2025;39;Chat Domestique;MKE;Bongor;Djarwaye;Moussa;Dorbol 2;*AIGW*240624;non;1;M;Miss;Non-_Lanimal_nest_pas_attache;Non;Non;22/04/2025;22/04/2025;Oui;10.045284;15.621515
2025;Mai;06/05/2025;40;Chien Domestique;MKE;Koyom;Kolobo;Kaoutil;Pas de Quartier;*AIGW*240612;non;2;F;DANKO;Non-_Lanimal_nest_pas_attache;Non;Non;05/05/2025;05/05/2025;Oui;9.942453;15.721567
2025;Mai;08/05/2025;41;Chien Domestique;NDJ;9e Arrondissement;Ngonba Djanga;Ngonba;Carre 23;*AIGW*240833;Oui;4;F;Supporté;Oui-_Attache_avec_une_chaine_et_deux_cadenas;Oui;Oui;08/05/2025;08/05/2025;Non;12.071311;15.105542
2025;Mai;09/05/2025;42;Chien Domestique;CB;Bailli;Kelengue;Goudoum Goudoum;Eglise;*AIGW*240251;non;1;M;GOBI;Non-_Lanimal_nest_pas_attache;Non;Non;05/05/2025;05/05/2025;Oui;10.654541;16.302375
2025;Mai;10/05/2025;43;Chien Domestique;MKE;Bongor;Bongor Sieke;Bongor Sieke;Soulgouna;*AIGW*240618;non;1;F;Express;Non-_Lanimal_nest_pas_attache;Non;Non;15/04/2025;16/04/2025;Oui;10.243882;15.409931
2025;Mai;12/05/2025;44;Chien Domestique;MKE;Bongor;Ham;Mouroup 1;Zigui;*AIGW*240610;Oui;1;M;Lion;Oui-_Attache_avec_une_chaine_et_deux_cadenas;Non;Non;10/05/2025;10/05/2025;Oui;9.959571;15.716736
2025;Mai;12/05/2025;45;Chien Domestique;MKE;Guelendeng;Mogrom;Mogrom;Mousgoum;*AIGW*240446;non;1;M;Suporté;Non-_Lanimal_nest_pas_attache;Non;Non;09/05/2025;09/05/2025;Oui;11.104265;15.414551
2025;Mai;13/05/2025;46;Chien Domestique;MKE;Guene;NGuelengou;Mouna;Mouna 1;*AIGW*240606;non;4;F;Konikossia;Oui- Attaché avec une chaîne et deux cadenas;Oui;Non;13/05/2025;13/05/2025;Non;9.937768;15.649173
2025;Mai;14/05/2025;47;Chien Domestique;MKE;Guene;Kolong;Kolong 1;Lacka;*AIGW*240615;non;2;M;Attend;Non-_Lanimal_nest_pas_attache;Non;Non;17/03/2025;17/03/2025;Oui;9.943908;15.691223
2025;Mai;21/05/2025;48;Chien Domestique;MKE;Bongor;Nahaina;Grand-Tougoude;Lakka;*AIGW*240634;non;1;M;Libye;Non-_Lanimal_nest_pas_attache;Non;Non;21/05/2025;21/05/2025;Oui;9.943908;15.691223
2025;Mai;22/05/2025;49;Chien Domestique;NDJ;9e Arrondissement;Ngonba Djanga;Ngonba;Carre 8;*AIGW*240834;Oui;1;F;Galaxie;Oui-_Attache_avec_une_chaine_et_deux_cadenas;Non;Non;07/04/2025;07/04/2025;Oui;12.071311;15.105542
2025;Mai;22/05/2025;50;Chien Domestique;MC;Danamadji;Maimana;Maimana;Maimana Centre;*AIGW*240339;non;3;F;Jalousie;Non-_Lanimal_nest_pas_attache;Non;Non;16/05/2025;16/05/2025;Oui;8.941674;18.570567
2025;Mai;23/05/2025;51;Chien Domestique;MC;Sarh;Kemata;Bebita;Pas de Quartier;*AIGW*230872;non;2;M;Ngombé;Non-_Lanimal_nest_pas_attache;Non;Non;06/05/2025;06/05/2025;Oui;9.202032;18.554865
2025;Mai;23/05/2025;52;Chat Domestique;MKE;Guene;Kolong;Goudi;Komngole-Ferng;*AIGW*230495;non;2;F;Miss;Non-_Lanimal_nest_pas_attache;Non;Non;18/04/2025;18/04/2025;Oui;9.912944;15.717329
2025;Juin;17/06/2025;53;Chien Domestique;MKE;Bongor;Balampouta;Grand Tougoude;Djarwidi;*AIGW*240625;Oui;1;M;Moulpetsou;Oui-_Attache_avec_une_chaine_et_deux_cadenas;Non;Non;28/05/2025;28/05/2025;Non;10.147293;15.501837
2025;Mai;29/05/2025;54;Chien Domestique;MKE;Koyom;Kolobo;Kaoutil;Pas de Quartier;*AIGW*240607;non;2;M;Minmanga;Non-_Lanimal_nest_pas_attache;Non;Non;26/05/2025;26/05/2025;Oui;9.942453;15.721567
2025;Mai;30/05/2025;55;Chien Domestique;MC;Danamadji;Maimana;Maimana;Maimana Centre;*AIGW*240395;non;2;M;Supporté;Non-_Lanimal_nest_pas_attache;Non;Non;09/05/2025;09/05/2025;Oui;8.941674;18.570567
2025;Mai;30/05/2025;56;Chien Domestique;MKE;Bongor;Djarwaye;Moussa;Moussa 2;*AIGW*240631;non;2;M;Gadafi;Non-_Lanimal_nest_pas_attache;Non;Non;29/04/2025;29/04/2025;Oui;10.037353;15.620031
2025;Juin;02/06/2025;57;Chien Domestique;MKE;Bongor;Nahaina;Fougadi;Gommo;*AIGW*240637;non;1;M;Dounia;Oui- Attaché avec une chaîne et deux cadenas;Oui;Oui;02/06/2025;02/06/2025;Non;10.102108;15.537364
2025;Juin;02/06/2025;58;Chien Domestique;MKE;Bongor;Nahaina;Fougadi;Hakna;*AIGW*240633;non;1;M;Garde corps;Oui- Attaché avec une chaîne et deux cadenas;Oui;Oui;01/06/2025;01/06/2025;Non;10.100778;15.534688
2025;Juin;03/06/2025;59;Chien Domestique;MKE;Bongor;Djarwaye;Lakka;Fianga;*AIGW*240632;non;1;F;Ngakatangtassou;Non-_Lanimal_nest_pas_attache;Non;Non;01/06/2025;01/06/2025;Oui;10.070098;15.588224
2025;Juin;03/06/2025;60;Chien Domestique;MKE;Guene;Yamlhoka;Ngamdi;Hoida;*AIGW*240749;non;1;F;Kong-migué;Non-_Lanimal_nest_pas_attache;Non;Non;12/05/2025;12/05/2025;Oui;10.070098;15.588224
2025;Juin;04/06/2025;61;Chien Domestique;CB;Bailli;Bailli 1;Mandjala;Pas de Quartier;*AIGW*240252;non;4;M;Canton;Non-_Lanimal_nest_pas_attache;Non;Non;02/06/2025;02/06/2025;Oui;10.554525;16.390476
2025;Juin;05/06/2025;62;Chien Domestique;MKE;Bongor;Djarwaye;Moussa;Moussa 2;*AIGW*240483;non;3;M;Ngananguimaygué;Non-_Lanimal_nest_pas_attache;Non;Non;31/05/2025;31/05/2025;Oui;10.037353;15.620031
2025;Juin;05/06/2025;63;Chien Domestique;MKE;Bongor;Nahaina;Fougadi;Hakna;*AIGW*240638;non;1;M;Politique;Oui- Attaché avec une chaîne et deux cadenas;Oui;Oui;05/06/2025;05/06/2025;Non;10.100778;15.534688
2025;Juin;05/06/2025;64;Chien Domestique;MKE;Guene;Kolong;Kolong 2;Hackna1;*AIGW*240743;non;3;F;Laslili;Non-_Lanimal_nest_pas_attache;Non;Non;10/04/2025;10/04/2025;Oui;9.951118;15.686529
2025;Juin;09/06/2025;65;Chien Domestique;MC;Sarh;Kemata;Bebita;Pas de Quartier;*AIGW*240426;Oui;1;M;Tout passe;Oui-_Attache_avec_une_chaine_et_deux_cadenas;Oui;Non;13/05/2025;14/05/2025;Non;9.202032;18.554865
2025;Juin;09/06/2025;66;Chien Domestique;MKE;Bongor;Balampouta;Petit Tougoude;Bele;*AIGW*240626;non;2;F;Samsin-Vidi;Non-_Lanimal_nest_pas_attache;Non;Non;11/04/2025;11/04/2025;Oui;10.18443;15.471968
2025;Juin;09/06/2025;67;Chien Domestique;LOGONE ORIENTAL;Doba;Doba Aeroport;Djarabe 2;Carre C;*AIGW*231170;Oui;1;M;Raïba obi;Oui-_Attache_avec_une_chaine_et_deux_cadenas;Non;Non;07/06/2025;08/06/2025;Oui;8.676772;16.853013
2025;Juin;12/06/2025;68;Chien Domestique;MC;Danamadji;Maimana;Maimana;Maimana Centre;*AIGW*240424;non;3;F;DJOBE;Non-_Lanimal_nest_pas_attache;Non;Oui;10/06/2025;12/06/2025;Non;8.941674;18.570567
2025;Juin;12/06/2025;69;Chat Domestique;MKE;Bongor;Djarwaye;Zigui;Guilik;*AIGW*240703;non;1;F;Miss;Non-_Lanimal_nest_pas_attache;Non;Non;21/04/2025;21/04/2025;Oui;10.06399;15.588506
2025;Juin;12/06/2025;70;Chien Domestique;MKE;Guene;Kolong;Goudi;Mongo;*AIGW*240754;non;2;F;Dji;Non-_Lanimal_nest_pas_attache;Non;Non;10/06/2025;10/06/2025;Oui;9.90891;15.72003
2025;Juin;13/06/2025;71;Chien Domestique;MKE;Guene;NGuelengou;Mady gouh;Gouh 2;*AIGW*240762;non;2;M;Dog;Non-_Lanimal_nest_pas_attache;Non;Non;07/06/2025;07/06/2025;Oui;9.90891;15.72003
2025;Juin;13/06/2025;72;Chat Domestique;MKE;Bongor;Ham;Ham bogol;pas de quartier;*AIGW*231199;non;2;F;Miss;Non-_Lanimal_nest_pas_attache;Non;Non;04/04/2025;04/04/2025;Oui;10.012582;15.680488
2025;Juin;16/06/2025;73;Chien Domestique;MKE;Bongor;Nahaina;Fougadi;Fougadi 1;*AIGW*240709;non;2;F;Bongonda;Non-_Lanimal_nest_pas_attache;Non;Non;09/06/2025;09/06/2025;Oui;10.09888;15.540124
2025;Juin;20/06/2025;74;Chien Domestique;MC;Danamadji;Maimana;Maimana;Maimana Centre;*AIGW*240341;non;5;F;Djongofio;Oui- Attaché avec une chaîne et deux cadenas;Oui;Oui;20/06/2025;20/06/2025;Non;8.941674;18.570567
2025;Juin;22/06/2025;75;Chien Domestique;MKE;Guelendeng;Guelendeng 2;Gourlong;Gourwai;*AIGW*240416;Oui;2;M;Champion;Non-_Lanimal_nest_pas_attache;Oui;Oui;18/06/2025;23/06/2025;Non;10.828965;15.444951
2025;Juin;23/06/2025;76;Chien Domestique;MKE;Bongor;Nahaina;Grand-Tougoude;Lakka;*AIGW*240710;non;2;M;Police;Non-_Lanimal_nest_pas_attache;Non;Non;30/05/2025;30/05/2025;Oui;10.828965;15.444951
2025;Juin;23/06/2025;77;Chien Domestique;MKE;Bongor;Bongor Sieke;Bongor Sieke;Falkagou2;*AIGW*230589;non;7;F;LacTchad;Non-_Lanimal_nest_pas_attache;Non;Non;06/05/2025;06/05/2025;Oui;10.23886;15.409068
2025;Juin;24/06/2025;78;Chien Domestique;MKE;Guelendeng;Guelendeng 2;Moulfong 2;Moulfong 2;*AIGW*231256;Oui;6;F;Gardienne;Non-_Lanimal_nest_pas_attache;Oui;Oui;24/06/2025;24/06/2025;Non;10.817385;15.513796
2025;Juin;25/06/2025;79;Chien Domestique;MKE;Guelendeng;Guelendeng 1;Medegue Mousgoum;Kabalaye;*AIGW*231261;non;2;M;Abiate;Non-_Lanimal_nest_pas_attache;Non;Non;15/06/2025;16/06/2025;Oui;11.030748;15.441058
2025;Juin;25/06/2025;80;Chien Domestique;MKE;Bongor;Ham;Mouroup 1;Zigui;*AIGW*231200;non;5;F;Batouré;Non-_Lanimal_nest_pas_attache;Non;Non;25/06/2025;25/06/2025;Oui;9.959571;15.716736
2025;Juin;26/06/2025;81;Chien Domestique;MKE;Bongor;Ham;Ham bogol;pas de quartier;*AIGW*240713;non;3;M;CB;Non-_Lanimal_nest_pas_attache;Non;Non;11/06/2025;11/06/2025;Oui;10.012582;15.680488
2025;Juin;30/06/2025;82;Chien Domestique;CB;Bailli;Bailli 1;Ngara;Ngambaye;*AIGW*240257;Oui;2;M;Secours;Oui-_Attache_avec_une_chaine_et_deux_cadenas;Non;Oui;30/06/2025;30/06/2025;Non;10.575852;16.374774
2025;Juillet;03/07/2025;83;Chat Domestique;MKE;Bongor;Ham;Mouroup 1;Zigui;*AIGW*240746;non;3;F;Martha;Non-_Lanimal_nest_pas_attache;Non;Non;03/07/2025;03/07/2025;Oui;9.959571;15.716736
2025;Juillet;04/07/2025;84;Chien Domestique;MC;Sarh;Banda;Moudjiro;Pas de Quartier;*AIGW*240398;non;3;M;Yanba;Non-_Lanimal_nest_pas_attache;Non;Non;22/06/2025;23/06/2025;Oui;9.052533;18.444369
2025;Juillet;09/07/2025;85;Chien Domestique;MKE;Bongor;Djarwaye;Tchokoraye 1;Tchokoraye 2;*AIGW*240704;non;2;M;Filimarotsou;Non-_Lanimal_nest_pas_attache;Non;Non;17/06/2025;17/06/2025;Oui;10.052754;15.605859
2025;Juillet;13/07/2025;86;Chien Domestique;MKE;Bongor;Balampouta;Balampouta;Sipoulamna;*AIGW*240627;non;2;F;Lac Tchad;Non-_Lanimal_nest_pas_attache;Non;Non;08/07/2025;08/07/2025;Oui;10.161334;15.491053
2025;Juillet;15/07/2025;87;Chien Domestique;MC;Kyabe;Marabe;Marabodokouya 1;Kelebi;*AIGW*231281;non;5;M;Nadji arabie;Non-_Lanimal_nest_pas_attache;Non;Non;12/06/2025;12/06/2025;Oui;9.294733;18.764565
2025;Juillet;16/07/2025;88;Chien Domestique;MKE;Bongor;Ham;Mouroup 1;Zigui;*AIGW*240714;non;2;F;Tout passe;Non-_Lanimal_nest_pas_attache;Non;Non;06/07/2025;06/07/2025;Oui;9.959571;15.716736
2025;Juillet;21/07/2025;89;Chien Domestique;MKE;Bongor;Nahaina;Grand-Tougoude;Dong-Dong;*AIGW*240712;non;2;M;Timoulou;Non-_Lanimal_nest_pas_attache;Non;Non;25/06/2025;25/06/2025;Oui;9.959571;15.716736
2025;Juillet;23/07/2025;90;Chat Domestique;Tandjile;Lai;Gabri-ngolo;Keubeu;Pas de Quartier;*AIGW*240730;Oui;2;F;Batou;Oui-_Attache_avec_une_chaine_et_deux_cadenas;Oui;Oui;22/07/2025;23/07/2025;Non;9.1664;16.447782
2025;Juillet;23/07/2025;91;Chien Domestique;Tandjile;Bere;Tamio;Djengdra 2;Pas de Quartier;*AIGW*230090;non;1;F;Djakobi;Non-_Lanimal_nest_pas_attache;Non;Non;17/07/2025;17/07/2025;Oui;9.222262;16.326467
2025;Juillet;24/07/2025;92;Chat Domestique;Tandjile;Lai;Lai;Taba 2;Pas de Quartier;*AIGW*240801;Oui;3;F;Miss;Oui-_Attache_avec_une_chaine_et_deux_cadenas;Oui;Non;23/07/2025;24/07/2025;Non;9.398014;16.302204
2025;Juillet;26/07/2025;93;Chat Domestique;MKE;Bongor;Nahaina;Nahaina;Gaibrang 4;*AIGW*240711;non;3;F;Miss;Oui- Attaché avec une chaîne et deux cadenas;Oui;Oui;08/07/2025;08/07/2025;Non;10.094849;15.543857
2025;Juillet;28/07/2025;94;Chien Domestique;MKE;Bongor;Nahaina;Nahaina;Mack 1;*AIGW*240735;non;1;F;Boss;Oui- Attaché avec une chaîne et deux cadenas;Oui;Oui;27/07/2025;28/07/2025;Non;10.094849;15.543857
2025;Juillet;28/07/2025;95;Chien Domestique;MKE;Koyom;Djoumane;Tougoun3;pas de quartier;*AIGW*231262;non;2;F;Djoktagya;Non-_Lanimal_nest_pas_attache;Non;Non;24/07/2025;24/07/2025;Oui;9.872169;15.774586
2025;Juillet;29/07/2025;96;Chat Domestique;Tandjile;Lai;Lai;Lai avion;Pas de Quartier;*AIGW*240802;Oui;2;F;Saboura ;Oui-_Attache_avec_une_chaine_et_deux_cadenas;Oui;Oui;29/07/2025;29/07/2025;Non;9.397678;16.306738
2025;Juillet;30/07/2025;97;Chien Domestique;CB;Mandelia;Mailao;Gamba;Pas de Quartier;*AIGW*230967;Oui;3;F;Darnas;Oui-_Attache_avec_une_chaine_et_deux_cadenas;Non;Non;27/07/2025;27/07/2025;Oui;11.554426;15.288922
2025;Juillet;30/07/2025;98;Chien Domestique;MC;Korbol;Niellim;Koin;Pas de Quartier;*AIGW*240400;non;2;F;Bismaster;Non-_Lanimal_nest_pas_attache;Non;Non;28/07/2025;28/07/2025;Oui;9.464548;18.072486
2025;Juillet;31/07/2025;99;Chat Domestique;MC;Sarh;15Ans;15Ans;Carre 6;*AIGW*240399;Oui;6;M;Miss;Oui-_Attache_avec_une_chaine_et_deux_cadenas;Oui;Oui;31/07/2025;31/07/2025;Non;9.464548;18.072486
2025;Juillet;31/07/2025;100;Chien Domestique;MKE;Bongor;Bongor Sieke;Bongor Sieke;Tougoude;*AIGW*230582;non;7;M;Lhamanga;Non-_Lanimal_nest_pas_attache;Non;Non;21/07/2025;21/07/2025;Oui;10.248393;15.392554
2025;Juillet;31/07/2025;101;Chien Domestique;MKE;Bongor;Nahaina;Nahaina;Gaibrang 3;*AIGW*240728;non;1;M;Bradock;Oui- Attaché avec une chaîne et deux cadenas;Oui;Oui;17/07/2025;17/07/2025;Non;10.248393;15.392554
2025;Aout;01/08/2025;102;Chat Domestique;MC;Biobe;Mayo 1;Kidjokadji;Centre;*AIGW*230843;non;4;M;Mariam;Non-_Lanimal_nest_pas_attache;Non;Non;08/07/2025;09/07/2025;Oui;9.731366;19.43203
2025;Aout;04/08/2025;103;Chien Domestique;MKE;Bongor;Bongor Urbain 3;Bongor;Lamlama/Fifounda;*AIGW*240928;Oui;1;F;Supporté;Oui-_Attache_avec_une_chaine_et_deux_cadenas;Oui;Oui;04/08/2025;04/08/2025;Non;10.248393;15.392554
2025;Aout;04/08/2025;104;Chat Domestique;Tandjile;Lai;Lai;Soumraye;Pas de Quartier;*AIGW*240803;Oui;2;F;Miss;Oui-_Attache_avec_une_chaine_et_deux_cadenas;Oui;Non;04/08/2025;04/08/2025;Non;9.401228;16.298581
2025;Aout;05/08/2025;105;Chien Domestique;MKE;Gam;Silia;Orol;Kakraou;*AIGW*230454;Oui;3;M;Douane;Oui-_Attache_avec_une_chaine_et_deux_cadenas;Non;Non;01/07/2025;01/07/2025;Oui;10.248393;15.392554
2025;Aout;06/08/2025;106;Chien Domestique;MC;Korbol;Niellim;Koin;Pas de Quartier;*AIGW*230725;non;4;F;DENEMOURE;Non-_Lanimal_nest_pas_attache;Non;Non;02/08/2025;02/08/2025;Oui;9.464548;18.072486
2025;Aout;08/08/2025;107;Chien Domestique;MC;Korbol;Niellim;Koin;Pas de Quartier;*AIGW*230629;non;2;F;Dragon;Non-_Lanimal_nest_pas_attache;Non;Non;06/08/2025;06/08/2025;Oui;9.464548;18.072486
2025;Aout;08/08/2025;108;Chat Domestique;MKE;Guelendeng;Guelendeng 3;Guelendeng;Galang;*AIGW*240733;non;3;M;Batou;Oui- Attaché avec une chaîne et deux cadenas;Oui;Oui;06/08/2025;08/08/2025;Non;10.917286;15.557291
2025;Aout;09/08/2025;109;Chat Domestique;LOGONE ORIENTAL;Doba;Bedogo;Bedogo;Carre E;*AIGW*231172;Oui;2;M;Miss;Oui-_Attache_avec_une_chaine_et_deux_cadenas;Non;Non;07/08/2025;08/08/2025;Oui;8.676772;16.853013
2025;Aout;11/08/2025;110;Chien Domestique;MC;Korbol;Niellim;Prah;Pas de Quartier;*AIGW*230621;Oui;2;M;NANHIMBA;Oui-_Attache_avec_une_chaine_et_deux_cadenas;Oui;Oui;10/08/2025;11/08/2025;Non;9.630477;17.906422
2025;Aout;12/08/2025;111;Chien Domestique;MC;Korbol;Niellim;Koin;Pas de Quartier;*AIGW*230628;Oui;2;M;La vie;Oui-_Attache_avec_une_chaine_et_deux_cadenas;Non;Oui;08/08/2025;08/08/2025;Non;9.464548;18.072486
2025;Aout;15/08/2025;112;Chat Domestique;SLM;Mouraye;Amdjoudoul;Amdjoudoul;Pas de Quartier;*AIGW*231026;Oui;5;M;B;Oui-_Attache_avec_une_chaine_et_deux_cadenas;Non;Non;22/07/2025;15/08/2025;Non;11.560912;20.972718
2025;Aout;15/08/2025;113;Chien Domestique;MKE;Bongor;Djarwaye;Djarwaye;Biski;*AIGW*240921;non;4;F;Lac-tchad;Non-_Lanimal_nest_pas_attache;Non;Non;21/07/2025;21/07/2025;Oui;10.035317;15.646135
2025;Aout;17/08/2025;114;Chien Domestique;Tandjile;Kolon;Kouma;Kouma;Pas de Quartier;*AIGW*240845;Oui;1;M;Lion;Oui-_Attache_avec_une_chaine_et_deux_cadenas;Non;Oui;17/08/2025;18/08/2025;Non;9.401228;16.298581
2025;Aout;18/08/2025;115;Chien Domestique;MKE;Guelendeng;Guelendeng 1;Magrao;Madri;*AIGW*240734;Oui;6-11_mois;M;Lagouasse;Oui-_Attache_avec_une_chaine_et_deux_cadenas;Oui;Oui;16/08/2025;18/08/2025;Non;10.990736;15.479986
2025;Aout;19/08/2025;116;Chat Domestique;MKE;Guelendeng;Guelendeng 3;Guelendeng;Galang;*AIGW*240931;non;5;M;Méram batou;Oui- Attaché avec une chaîne et deux cadenas;Oui;Oui;13/08/2025;19/08/2025;Non;10.917286;15.557291
2025;Aout;20/08/2025;117;Chien Domestique;MKE;Guelendeng;Guelendeng 3;Guelendeng;Martawa;*AIGW*240932;non;1;M;Abiate;Oui- Attaché avec une chaîne et deux cadenas;Oui;Oui;20/08/2025;20/08/2025;Non;10.921973;15.549044
2025;Aout;20/08/2025;118;Chien Domestique;MC;Biobe;Mayo 2;Mankome;Pas de Quartier;*AIGW*230632;non;1;M;Hamankome;Oui- Attaché avec une chaîne et deux cadenas;Oui;Non;20/08/2025;20/08/2025;Non;9.588328;19.573606
2025;Aout;20/08/2025;119;Chien Domestique;MC;Korbol;Niellim;Teble;Pas de Quartier;*AIGW*230623;Oui;3;M;Lion;Oui-_Attache_avec_une_chaine_et_deux_cadenas;Non;Non;07/08/2025;07/08/2025;Oui;9.530464;18.044684
2025;Aout;21/08/2025;120;Chien Domestique;LOC;Bebalem;Kiagor;Donangra;Donangra 1;*AIGW*240872;Oui;3;M;Tarmadjal;Oui-_Attache_avec_une_chaine_et_deux_cadenas;Non;Non;19/08/2025;19/08/2025;Non;9.115395;16.406650
2025;Aout;21/08/2025;121;Chien Domestique;MKE;Guelendeng;Guelendeng 3;Guelendeng;Galang;*AIGW*240934;non;1;F;Chance;Oui- Attaché avec une chaîne et deux cadenas;Oui;Oui;20/08/2025;21/08/2025;Non;10.917286;15.557291
2025;Aout;24/08/2025;122;Chien Domestique;Tandjile;Kolon;Kouma;Kouma;Pas de Quartier;*AIGW*240846;non;3;M;Diarrhée;Non-_Lanimal_nest_pas_attache;Non;Non;22/08/2025;22/08/2025;Oui;9.401228;16.298581
2025;Aout;25/08/2025;123;Chien Domestique;Tandjile;Kolon;Biang;Tchibiang;Pas de Quartier;*AIGW*240843;Oui;2;F;Patoueng;Oui-_Attache_avec_une_chaine_et_deux_cadenas;Non;Oui;24/08/2025;25/08/2025;Non;9.401228;16.298581
2025;Aout;29/08/2025;124;Chat Domestique;MKE;Guelendeng;Guelendeng 2;Guelendeng;Yadawa;*AIGW*231264;non;1;M;Mariam;Non-_Lanimal_nest_pas_attache;Non;Non;22/08/2025;22/08/2025;Non;10.906663;15.550462
2025;Septembre;02/09/2025;125;Chien Domestique;Tandjile;Kolon;Biang;Biang;Anda;*AIGW*240844;Oui;7;M;Beyamobi;Oui-_Attache_avec_une_chaine_et_deux_cadenas;Non;Non;01/09/2025;02/09/2025;Non;9.401228;16.298581
2025;Septembre;02/09/2025;126;Chien Domestique;Tandjile;Kolon;Kouma;Kouma;Bangkour;*AIGW*240841;non;1;F;Zlamegué;Non-_Lanimal_nest_pas_attache;Non;Non;19/08/2025;19/08/2025;Oui;9.401228;16.298581
2025;Septembre;03/09/2025;127;Chien Domestique;Tandjile;Bere;Bere public;Bere;Bere-mission1;*AIGW*240835;Oui;2;M;Yedekeinde;Oui-_Attache_avec_une_chaine_et_deux_cadenas;Oui;Oui;03/09/2025;03/09/2025;Non;9.327768;16.15619
2025;Septembre;06/09/2025;128;Chat Domestique;SLM;Mouraye;Mouraye;Choukara;Pas de Quartier;*AIGW*240523;non;3;F;Batou;Non-_Lanimal_nest_pas_attache;Non;Non;24/08/2025;25/08/2025;Non;11.307373;20.800305
2025;Septembre;07/09/2025;129;Chat Domestique;SLM;Haraze;Daha;Daha;Pas de Quartier;*AIGW*240586;non;4;M;Messi;Non-_Lanimal_nest_pas_attache;Non;Non;31/08/2025;01/09/2025;Oui;9.22227;20.479826
2025;Septembre;10/09/2025;130;Chien Domestique;MC;Biobe;Mayo 2;Mankome;Pas de Quartier;*AIGW*230636;non;2;F;Hadjoma;Non-_Lanimal_nest_pas_attache;Non;Non;25/08/2025;25/08/2025;Oui;9.588328;19.573606
2025;Septembre;13/09/2025;131;Chien Domestique;Tandjile;Kolon;BESME;BESME;BESME 1, 2, 3;*AIGW*240883;Oui;1;F;Nabatchayeu;Oui-_Attache_avec_une_chaine_et_deux_cadenas;Non;Oui;13/09/2025;13/09/2025;Non;9.327768;16.15619
2025;Septembre;14/09/2025;132;Chat Domestique;NDJ;9e Arrondissement;Ngonba Massa;Ngonba;Carre 7;*AIGW*240818;Oui;2;M;Miss;Oui-_Attache_avec_une_chaine_et_deux_cadenas;Non;Non;07/09/2025;09/09/2025;Oui;12.071311;15.105542
2025;Septembre;16/09/2025;133;Chat Domestique;MKE;Guelendeng;Guelendeng 1;Guelendeng;Kasko;*AIGW*240935;non;3;F;Tirra;Non-_Lanimal_nest_pas_attache;Non;Non;13/09/2025;13/09/2025;Oui;10.911741;15.542089
2025;Septembre;17/09/2025;134;Chien Domestique;MKE;Koyom;ZIGUI MARBA;ZIGUI MARBA;MOSSO;*AIGW*230505;Oui;2;M;Presse;Oui-_Attache_avec_une_chaine_et_deux_cadenas;Non;Oui;17/09/2025;17/09/2025;Non;10.911741;15.542089
2025;Septembre;23/09/2025;135;Chien Domestique;Tandjile;Kolon;Biang;Toutel;Toutel 1;*AIGW*240887;Oui;2;M;Nahpanawa;Oui-_Attache_avec_une_chaine_et_deux_cadenas;Non;Non;20/09/2025;20/09/2025;Oui;9.327768;16.15619
2025;Septembre;23/09/2025;136;Chien Domestique;MKE;Guelendeng;Nanguigoto;Digangali;Djalali;*AIGW*240933;non;4;F;Tarpadenedjé;Non-_Lanimal_nest_pas_attache;Non;Non;23/09/2025;23/09/2025;Oui;10.911741;15.542089
2025;Septembre;24/09/2025;137;Chien Domestique;Tandjile;Kolon;Biang;Toutel;Toutel 2;*AIGW*240888;Oui;1;F;Dé;Oui-_Attache_avec_une_chaine_et_deux_cadenas;Non;Oui;24/09/2025;24/09/2025;Non;9.327768;16.15619
2025;Septembre;24/09/2025;138;Chien Domestique;MC;Sarh;Kokaga;Helibongo;Helibongo Centre;*AIGW*230618;Oui;1;M;Milou;Oui-_Attache_avec_une_chaine_et_deux_cadenas;Oui;Oui;19/09/2025;24/09/2025;Non;9.588328;19.573606
2025;Septembre;25/09/2025;139;Chien Domestique;MC;Sarh;Kemata;Kagsse;Pas de Quartier;*AIGW*230620;non;1;M;Salpuce;Non-_Lanimal_nest_pas_attache;Non;Non;24/09/2025;25/09/2025;Oui;9.18345;18.399548
2025;Octobre;06/10/2025;140;Chat Domestique;Tandjile;Lai;KOUTOUN;BARMI;PAS DE QUARTIER;*AIGW*240804;Oui;2;F;Miss;Oui-_Attache_avec_une_chaine_et_deux_cadenas;Oui;Oui;06/10/2025;07/10/2025;Non;9.327768;16.15619
2025;Octobre;13/10/2025;141;Chien Domestique;Tandjile;Bere;NERGUE GAM;KEBLE YODE;PAS DE QUARTIER;*AIGW*2408188;Oui;2;M;Douane;Oui-_Attache_avec_une_chaine_et_deux_cadenas;Non;Oui;12/10/2025;13/10/2025;Non;9.327768;16.15619
2025;Octobre;14/10/2025;142;Chien Domestique;NDJ;9e Arrondissement;Walia Est;Walia;Carre 32;*AIGW*240836;Oui;1;M;Tissi;Oui-_Attache_avec_une_chaine_et_deux_cadenas;Non;Non;09/10/2025;09/10/2025;Oui;12.071311;15.105542
2025;Octobre;15/10/2025;143;Chien Domestique;Tandjile;Bere;NERGUE GAM;KEBLE YODE;PAS DE QUARTIER;*AIGW*240817;Oui;1;F;Mbandi;Oui-_Attache_avec_une_chaine_et_deux_cadenas;Non;Non;13/10/2025;13/10/2025;Oui;9.327768;16.15619
2025;Octobre;29/10/2025;144;Chien Domestique;CB;Bousso;Mbaranga;Baingara;Makaita;*AIGW*230415;Oui;3;M;Gentil;Oui-_Attache_avec_une_chaine_et_deux_cadenas;Non;Oui;29/10/2025;29/10/2025;Non;10.595254;16.987267
2025;Novembre;10/11/2025;145;Chat Domestique;MKE;Gam;Bodogol;Bodogol 1;Ayoumba;*AIGW*230499;non;2;M;Miss;Non-_Lanimal_nest_pas_attache;Non;Non;15/07/2025;15/07/2025;Oui;10.234474;16.295378
2025;Décembre;07/12/2025;146;Chat Domestique;SLM;Haraze;Massambagne;Massambagne 1;Pas de Quartier;*AIGW*240585;non;4;F;Abyad;Non-_Lanimal_nest_pas_attache;Non;Non;02/12/2025;03/12/2025;Oui;9.429069;20.860474
2024;Janvier;03/01/2024;1;Chat Domestique;MC;Balimba;Manda;Mayo 2;Pas de Quartier;*AIGW*230707;non;1;F;Mariam;Non-_Lanimal_nest_pas_attache;Non;Oui;03/01/2024;03/01/2024;Non;9.116823;18.183208
2024;Janvier;09/01/2024;2;Chien Domestique;LOC;Benoye;Tchaouen;Sawa Gogo;Pas de Quartier;*AIGW*230187;non;1;F;Napah;Non-_Lanimal_nest_pas_attache;Non;Oui;08/01/2024;08/01/2024;Non;9.164991;16.340058
2024;Janvier;10/01/2024;3;Chien Domestique;SLM;Haraze;Daha;Kolongassara;Pas de Quartier;*AIGW*231004;non;1;M;Mobo;Non-_Lanimal_nest_pas_attache;Non;Non;08/01/2024;09/01/2024;Oui;9.11923;20.000335
2024;Janvier;11/01/2024;4;Chien Domestique;MC;Danamadji;Maimana;Doubadana;Doubadana Centre;*AIGW*230798;non;10;M;Melegonante;Non-_Lanimal_nest_pas_attache;Non;Oui;10/01/2024;11/01/2024;Non;8.941674;18.571047
2024;Janvier;14/01/2024;5;Chat Domestique;Guera;Mangalme;Eref;Zawia;Pas de Quartier;*AIGW*231061;Oui;2;M;Azarak;Oui- Attaché avec une chaîne et deux cadenas;Non;Non;14/01/2024;14/01/2024;Oui;12.330749;19.311265
2024;Janvier;18/01/2024;6;Chien Domestique;MC;Balimba;Manda;Mayo 2;Pas de Quartier;*AIGW*230706;non;5;M;Tabé;Non-_Lanimal_nest_pas_attache;Non;Non;16/01/2024;16/01/2024;Oui;9.116823;18.183208
2024;Janvier;22/01/2024;7;Chien Domestique;MC;Danamadji;Bambara;Dankolo;Myabolo;*AIGW*230781;non;3;F;Harima;Non-_Lanimal_nest_pas_attache;Non;Non;15/01/2024;16/01/2024;Oui;9.131955;18.813771
2024;Janvier;30/01/2024;8;Chien Domestique;SLM;Haraze;Daha;Kolkigna;Pas de Quartier;*AIGW*231010;Non;2;M;Bache;Oui- Attaché avec une chaîne et deux cadenas;Non;Non;24/01/2024;26/01/2024;Oui;9.131114;20.338543
2024;Janvier;31/01/2024;9;Chien Domestique;MC;Sarh;Maibo;Kotbiri;Pas de Quartier;*AIGW*230891;non;4;F;Lion;Oui- Attaché avec une chaîne et deux cadenas;Oui;Non;25/01/2024;25/01/2024;Oui;8.991139;18.505587
2024;Février;01/02/2024;10;Chien Domestique;MKE;Guene;Kolong;Kolong 1;Lacka;*AIGW*230470;non;2;M;Awine faute;Oui- Attaché avec une chaîne et deux cadenas;Oui;Oui;22/01/2024;31/01/2024;Non;9.943908;15.691223
2024;Février;04/02/2024;11;Chien Domestique;MKE;Guene;Kolong;Kolong 1;Lacka;*AIGW*230469;non;2;M;Police;Oui- Attaché avec une chaîne et deux cadenas;Oui;Oui;04/02/2024;04/02/2024;Non;9.943908;15.691223
2024;Février;08/02/2024;12;Chien Domestique;MKE;Guene;Kolong;Kolong 1;Lacka;*AIGW*230467;non;2;M;Charlin;Non-_Lanimal_nest_pas_attache;Non;Oui;05/02/2024;05/02/2024;Non;9.943908;15.691223
2024;Février;05/02/2024;13;Chien Domestique;MKE;Guene;Kolong;Kolong 1;Lacka;*AIGW*230504;non;2;M;Noir;Non-_Lanimal_nest_pas_attache;Non;Non;31/01/2024;31/01/2024;Non;9.943908;15.691223
2024;Février;09/02/2024;14;Chien Domestique;MC;Danamadji;Bambara;Mayami;Carre Yotoloum;*AIGW*230779;Oui;1;M;Hasselone;Oui- Attaché avec une chaîne et deux cadenas;Non;Non;06/02/2024;08/02/2024;Non;9.096249;18.553833
2024;Février;12/02/2024;15;Chien Domestique;SLM;Haraze;Daha;Machtouraye;Pas de Quartier;*AIGW*231006;non;2;F;Zabangari;Oui- Attaché avec une chaîne et deux cadenas;Oui;Non;07/02/2024;07/02/2024;Oui;9.143561;20.257775
2024;Février;12/02/2024;16;Chien Domestique;MC;Kyabe;Marabe;Marabodokouya 1;Marabodokouya 1 Centre;*AIGW*231293;non;2;F;Kodjeï;Non-_Lanimal_nest_pas_attache;Non;Oui;10/02/2024;12/02/2024;Non;9.326472;18.719486
2024;Février;13/02/2024;17;Chien Domestique;MKE;Guene;Kolong;Kolong 1;Mbarandona1;*AIGW*230471;non;1;M;Jaloux;Non-_Lanimal_nest_pas_attache;Non;Non;03/02/2024;03/02/2024;Oui;9.934415;15.69796
2024;Février;14/02/2024;18;Chien Domestique;MC;Biobe;Mayo 2;Garambou;Pas de Quartier;*AIGW*230896;Oui;2;M;Teki;Oui- Attaché avec une chaîne et deux cadenas;Non;Oui;14/02/2024;14/02/2024;Non;9.609171;19.598796
2024;Février;16/02/2024;19;Chien Domestique;MC;Kyabe;Marabe;Kousseri;Centre;*AIGW*231285;non;2;M;Ngueramadji;Non-_Lanimal_nest_pas_attache;Non;Non;14/02/2024;16/02/2024;Oui;9.339776;18.764138
2024;Février;18/02/2024;20;Chien Domestique;CB;Bailli;Maloumri;Tchikaga;Pas de Quartier;*AIGW*231253;non;2;M;Doute;Non-_Lanimal_nest_pas_attache;Non;Non;16/02/2024;16/02/2024;Oui;10.803007;15.860811
2024;Février;21/02/2024;21;Chien Domestique;MKE;Bongor;Balampouta;Daba zero;Saini 1;*AIGW*231136;non;2;M;Guivounanpoche;Non-_Lanimal_nest_pas_attache;Non;Non;21/02/2024;21/02/2024;Oui;10.192406;15.45958
2024;Février;21/02/2024;22;Chien Domestique;Tandjile;Bere;Tamio;Kobkouale-yang;Pas de Quartier;*AIGW*230240;non;1;F;Sam-sam;Non-_Lanimal_nest_pas_attache;Non;Non;15/02/2024;15/02/2024;Oui;9.254541;16.281097
2024;Février;22/02/2024;23;Chien Domestique;CB;Bailli;Bailli 1;Ngara;Ngambaye;*AIGW*230336;non;1;F;Par chance;Non-_Lanimal_nest_pas_attache;Non;Non;21/02/2024;21/02/2024;Oui;10.575852;16.374774
2024;Février;22/02/2024;24;Chien Domestique;MC;Kyabe;Massa Kaba;Bramanga;Pas de Quartier;*AIGW*230847;non;2;M;Kassara;Non-_Lanimal_nest_pas_attache;Non;Non;16/02/2024;16/02/2024;Oui;9.32511;18.793229
2024;Février;22/02/2024;25;Chien Domestique;SLM;Haraze;Daha;Djangara;Pas de Quartier;*AIGW*231012;Non;2;F;Supporté;Oui- Attaché avec une chaîne et deux cadenas;Non;Non;06/02/2024;07/02/2024;Oui;9.151248;20.153458
2024;Février;23/02/2024;26;Chien Domestique;MKE;Moulkou;Al-Afia;Makayam;Beling;*AIGW*231117;Oui;9;M;Toknamassana;Oui- Attaché avec une chaîne et deux cadenas;Oui;Non;18/02/2024;19/02/2024;Non;10.620648;15.479531
2024;Mars;02/03/2024;27;Chien Domestique;MC;Sarh;Kassai;Kassai;Kassai 20;*AIGW*231205;non;1;M;La vie;Non-_Lanimal_nest_pas_attache;Non;Oui;23/02/2024;23/02/2024;Non;9.132025;18.402281
2024;Mars;06/03/2024;28;Chien Domestique;CB;Bousso;Mbaranga;Gaba;Pas de Quartier;*AIGW*230322;non;2;M;Bayé;Non-_Lanimal_nest_pas_attache;Non;Non;06/03/2024;06/03/2024;Oui;10.596238;16.982166
2024;Mars;07/03/2024;29;Chien Domestique;MC;Danamadji;Bambara;Dankolo;Myabolo;*AIGW*240306;non;4;M;Minan;Non-_Lanimal_nest_pas_attache;Non;Non;27/02/2024;28/02/2024;Oui;9.131955;18.813771
2024;Mars;11/03/2024;30;Chien Domestique;CB;Mandelia;Raf;Mainde;Pas de Quartier;*AIGW*240031;non;2;M;Dog;Oui- Attaché avec une chaîne et deux cadenas;Oui;Non;11/03/2024;11/03/2024;Oui;11.949255;15.203944
2024;Mars;11/03/2024;31;Chien Domestique;CB;Bailli;Bailli 1;Ngara;Ngambaye;*AIGW*240201;non;2;M;Garde;Non-_Lanimal_nest_pas_attache;Non;Oui;04/03/2024;04/03/2024;Non;10.575852;16.374774
2024;Mars;11/03/2024;32;Chien Domestique;MC;Sarh;Maibo;Gongo 2;Camp 21;*AIGW*230754;non;1;F;Tout passe;Non-_Lanimal_nest_pas_attache;Non;Non;11/03/2024;11/03/2024;Oui;8.970418;18.53055
2024;Mars;13/03/2024;33;Chien Domestique;MC;Sarh;Maibo;Ndinakaba;Ndinakaba Centre;*AIGW*230892;non;4;M;Dog;Non-_Lanimal_nest_pas_attache;Non;Non;11/03/2024;11/03/2024;Oui;8.935855;18.503852
2024;Mars;14/03/2024;34;Chien Domestique;MKE;Moulkou;Moulkou;Boudougour;Ngagui;*AIGW*231119;Oui;4;F;Kamakoum;Oui- Attaché avec une chaîne et deux cadenas;Non;Non;10/03/2024;11/03/2024;Oui;10.564146;15.555021
2024;Mars;17/03/2024;35;Chien Domestique;MKE;Guene;Gouffou 2;Dabana;Mballa;*AIGW*230482;Oui;1;M;Police ;Oui- Attaché avec une chaîne et deux cadenas;Oui;Non;14/03/2024;14/03/2024;Oui;;
2024;Mars;18/03/2024;36;Chien Domestique;CB;Mandelia;Koundoul;Awine Gassar;Pas de Quartier;*AIGW*240033;Non;2;M;Supporté;Oui- Attaché avec une chaîne et deux cadenas;Non;Oui;17/03/2024;18/03/2024;Non;10.575852;16.374774
2024;Mars;18/03/2024;37;Chien Domestique;MKE;Bongor;Balampouta;Petit Tougoude;Haina;*AIGW*240433;non;1;F;Vatdisia;Non-_Lanimal_nest_pas_attache;Non;Non;12/03/2024;12/03/2024;Oui;10.189766;15.461843
2024;Mars;19/03/2024;38;Chien Domestique;MKE;Bongor;Tena boyna;Tena-boyna;Goulda 1;*AIGW*240440;non;5;F;Maitresse;Non-_Lanimal_nest_pas_attache;Non;Non;14/03/2024;14/03/2024;Non;;
2024;Mars;19/03/2024;39;Chien Domestique;MC;Sarh;Kemata;Bebita;Pas de Quartier;*AIGW*240310;non;1;F;Bedjoman;Non-_Lanimal_nest_pas_attache;Non;Non;13/03/2024;14/03/2024;Oui;9.202032;18.554865
2024;Mars;24/03/2024;40;Chien Domestique;MKE;Gounou-Gaya;Léo Mbaya;Léo Mbaya;Kamba;*AIGW*240438;Oui;5;M;Adiyo;Oui- Attaché avec une chaîne et deux cadenas;Non;Oui;24/03/2024;24/03/2024;Non;;
2024;Mars;25/03/2024;41;Chien Domestique;MKE;Bongor;Balampouta;Daba zero;Saini 1;*AIGW*240434;non;1;M;Nagada vansou;Non-_Lanimal_nest_pas_attache;Non;Non;11/03/2024;11/03/2024;Non;10.192406;15.45958
2024;Mars;26/03/2024;42;Chien Domestique;CB;Bailli;Bailli 1;Ngara;Ngambaye;*AIGW*240217;non;2;F;Fakir;Non-_Lanimal_nest_pas_attache;Non;Non;18/03/2024;18/03/2024;Oui;10.575852;16.374774
2024;Mars;27/03/2024;43;Chien Domestique;MKE;Guene;Gouffou 2;Zitta;Tonga;*AIGW*230481;Oui;1;F;Ngroufkanou;Oui- Attaché avec une chaîne et deux cadenas;Non;Non;24/03/2024;24/03/2024;Oui;9.869537;15.538547
2024;Mars;29/03/2024;44;Chien Domestique;MKE;Bongor;Bongor Sieke;Daba;Kourou;*AIGW*230580;non;2;F;Marngada;Non-_Lanimal_nest_pas_attache;Non;Non;24/03/2024;25/03/2024;Oui;10.204278;15.436908
2024;Avril;05/04/2024;45;Chien Domestique;MC;Sarh;Maibo;Sakobanda 2;Pas de Quartier;*AIGW*240304;non;1;F;Ta-asnale;Non-_Lanimal_nest_pas_attache;Non;Non;23/03/2024;25/03/2024;Oui;8.904066;18.486915
2024;Avril;06/04/2024;46;Chien Domestique;MKE;Guene;Kolong;Kolong 1;Lacka;*AIGW*230571;non;3;M;Police;Non-_Lanimal_nest_pas_attache;Non;Non;10/03/2024;10/03/2024;Oui;9.943908;15.691223
2024;Avril;07/04/2024;47;Chien Domestique;MC;Sarh;Kokaga;Helibongo;Helibongo Centre;*AIGW*240309;non;4;M;Souci;Oui- Attaché avec une chaîne et deux cadenas;Oui;Non;05/04/2024;06/04/2024;Oui;8.904066;18.486915
2024;Avril;08/04/2024;48;Chien Domestique;CB;Bailli;Daradja;Kaba Sara;Pas de Quartier;*AIGW*231255;non;5;M;Gadafi;Non-_Lanimal_nest_pas_attache;Non;Oui;02/04/2024;02/04/2024;Non;10.677861;16.331254
2024;Avril;09/04/2024;49;Chien Domestique;MKE;Guene;Kolong;Kolong 2;Malao;*AIGW*230493;non;2;F;Langsinagnou;Non-_Lanimal_nest_pas_attache;Non;Non;02/04/2024;03/04/2024;Oui;9.960164;15.675426
2024;Avril;11/04/2024;50;Chien Domestique;MKE;Bongor;Nahaina;Nahaina;Gaibrang 1;*AIGW*240441;non;1;M;Service;Non-_Lanimal_nest_pas_attache;Non;Non;08/04/2024;08/04/2024;Oui;;
2024;Avril;11/04/2024;51;Chat Domestique;MKE;Guelendeng;Guelendeng 1;Magrao;Magrao;*AIGW*240412;non;2;M;Batou;Oui- Attaché avec une chaîne et deux cadenas;Oui;Non;04/04/2024;04/04/2024;Oui;11.008475;15.505565
2024;Avril;12/04/2024;52;Chat Domestique;MKE;Bongor;Djarwaye;Moussa;Mourha;*AIGW*240439;non;1;M;MISS;Non-_Lanimal_nest_pas_attache;Non;Oui;11/04/2024;11/04/2024;Non;10.053151;15.614886
2024;Avril;13/04/2024;53;Chien Domestique;MKE;Guene;Gouffou 2;Gouffou 2;Mboullah;*AIGW*230479;Oui;1;M;Tout Passe;Oui- Attaché avec une chaîne et deux cadenas;Oui;Non;18/03/2024;18/03/2024;Oui;9.884376;15.521936
2024;Avril;15/04/2024;54;Chat Domestique;MKE;Bongor;Djarwaye;Moussa;Mourha;*AIGW*240445;non;1;F;Miss Ngarfatta;Non-_Lanimal_nest_pas_attache;Non;Oui;15/04/2024;15/04/2024;Non;10.053151;15.614886
2024;Avril;16/04/2024;55;Chien Domestique;MC;Sarh;Kemata;Tanda;Tanda Carre;*AIGW*240312;non;1;M;DINYALAYE;Oui- Attaché avec une chaîne et deux cadenas;Oui;Oui;16/04/2024;16/04/2024;Non;9.219741;18.375054
2024;Avril;17/04/2024;56;Chien Domestique;MC;Biobe;Mayo 1;Kikoye;Pas de Quartier;*AIGW*230898;Oui;1;F;Massoukassou;Non- L'animal n'est pas attaché;Non;Oui;17/04/2024;17/04/2024;Non;9.576977;19.415312
2024;Avril;18/04/2024;57;Chien Domestique;MKE;Guene;Kolong;Mbili;Djossamara;*AIGW*240461;non;1;M;Soufida;Non-_Lanimal_nest_pas_attache;Non;Non;18/03/2024;18/03/2024;Oui;9.905268;15.720911
2024;Avril;19/04/2024;58;Chien Domestique;CB;Bailli;Mourai Sara;Mourai Sara;Centre;*AIGW*240218;non;3;F;Supporte;Non-_Lanimal_nest_pas_attache;Non;Non;12/03/2024;12/03/2024;Oui;10.633166;16.34694
2024;Avril;19/04/2024;59;Chien Domestique;CB;Dourbali;Bougoumene Dourbali;Djawia;Pas de Quartier;*AIGW*240016;Oui;1;M;Sabour;Oui- Attaché avec une chaîne et deux cadenas;Oui;Non;18/04/2024;18/04/2024;Oui;11.509786;15.329381
2024;Avril;20/04/2024;60;Chien Domestique;MKE;Bongor;Balampouta;Petit Tougoude;Habi;*AIGW*240435;non;2;F;Djiberdam;Non-_Lanimal_nest_pas_attache;Non;Non;17/04/2024;17/04/2024;Non;10.177316;15.475565
2024;Avril;23/04/2024;61;Chien Domestique;MKE;Guene;Kolong;Kolong 2;Djounsou;*AIGW*240455;non;3;F;Vounsicagou;Non-_Lanimal_nest_pas_attache;Non;Non;20/04/2024;20/04/2024;Oui;9.957901;15.681359
2024;Avril;23/04/2024;62;Chien Domestique;MKE;Guene;Kolong;Kolong 2;Hackna1;*AIGW*240456;non;3;F;Danhisya;Non-_Lanimal_nest_pas_attache;Non;Non;16/04/2024;16/04/2024;Oui;9.951118;15.686529
2024;Avril;24/04/2024;63;Chien Domestique;MC;Kyabe;Massa Kaba;Goho;Pas de Quartier;*AIGW*231287;non;2;F;Pandjilim;Non-_Lanimal_nest_pas_attache;Non;Non;18/04/2024;18/04/2024;Oui;9.377494;18.841271
2024;Avril;25/04/2024;64;Chien Domestique;MC;Sarh;Badara;Ndokoro;Ndokoro Centre;*AIGW*230776;non;2;F;Hadibégué;Non-_Lanimal_nest_pas_attache;Non;Non;17/04/2024;17/04/2024;Oui;9.16838;18.468581
2024;Avril;25/04/2024;65;Chien Domestique;MKE;Guene;Kolong;Kolong 1;Mbarandona1;*AIGW*240457;non;1;M;Garde nomade;Non-_Lanimal_nest_pas_attache;Non;Non;13/03/2024;13/03/2024;Oui;9.934415;15.69796
2024;Avril;26/04/2024;66;Chien Domestique;MKE;Guene;Kolong;Kolong 2;Soumaye;*AIGW*240458;non;2;M;Sous préfet;Oui- Attaché avec une chaîne et deux cadenas;Oui;Non;17/04/2024;17/04/2024;Oui;9.958842;15.679654
2024;Avril;30/04/2024;67;Chat Domestique;MKE;Bongor;Djarwaye;Djarwaye;Bangang;*AIGW*240442;non;1;M;Miss;Non-_Lanimal_nest_pas_attache;Non;Oui;29/04/2024;29/04/2024;Non;9.958842;15.679654
2024;Mai;03/05/2024;68;Chien Domestique;CB;Massenya;Onoko;Odmelie;Pas de Quartier;*AIGW*240402;non;2;M;Patience;Non-_Lanimal_nest_pas_attache;Non;Non;01/05/2024;01/05/2024;Oui;10.909786;15.611641
2024;Mai;03/05/2024;69;Chien Domestique;CB;Mandelia;Koundoul;Gabri;Pas de Quartier;*AIGW*240030;Oui;1;F;Patience;Oui- Attaché avec une chaîne et deux cadenas;Non;Non;08/04/2024;08/04/2024;Oui;11.96948;15.146972
2024;Mai;04/05/2024;70;Chat Domestique;MKE;Bongor;Ham;Abena;Golo;*AIGW*240437;non;2;M;Haroun;Non-_Lanimal_nest_pas_attache;Non;Non;02/05/2024;02/05/2024;Oui;9.988609;15.707938
2024;Mai;04/05/2024;71;Chien Domestique;MKE;Guene;Kolong;Kolong 1;Lacka;*AIGW*240459;non;2;M;Lion;Non-_Lanimal_nest_pas_attache;Non;Non;27/03/2024;27/03/2024;Oui;9.943908;15.691223
2024;Mai;06/05/2024;72;Chien Domestique;MKE;Guene;Kolong;Kolong 2;Hackna1;*AIGW*240462;non;1;F;Ngaïvounagou;Non-_Lanimal_nest_pas_attache;Non;Non;23/04/2024;23/04/2024;Oui;9.951118;15.686529
2024;Mai;08/05/2024;73;Chien Domestique;MC;Danamadji;Bambara;Kaimane-mba;Pas de Quartier;*AIGW*240150;non;1;F;Souffre;Non-_Lanimal_nest_pas_attache;Non;Non;12/03/2024;12/03/2024;Oui;9.055009;18.665957
2024;Mai;08/05/2024;74;Chien Domestique;MKE;Guene;Kolong;Kolong 2;Malao;*AIGW*230459;non;2;M;Doute;Oui- Attaché avec une chaîne et deux cadenas;Oui;Non;03/04/2024;03/04/2024;Oui;9.960164;15.675426
2024;Mai;08/05/2024;75;Chien Domestique;MKE;Guene;Kolong;Kolong 1;Lacka;*AIGW*230464;non;1;F;Jaguar;Non-_Lanimal_nest_pas_attache;Non;Oui;07/05/2024;08/05/2024;Non;9.943908;15.691223
2024;Mai;09/05/2024;76;Chien Domestique;MKE;Guene;Kolong;Kolong 2;Hackna2;*AIGW*230457;non;1;F;Plébooc;Non-_Lanimal_nest_pas_attache;Non;Non;16/04/2024;16/04/2024;Oui;9.95574;15.68477
2024;Mai;11/05/2024;77;Chat Domestique;MC;Kyabe;Djobada;Taguimbi;Centre;*AIGW*231283;non;2;F;Mariam;Oui- Attaché avec une chaîne et deux cadenas;Oui;Non;07/05/2024;07/05/2024;Oui;9.370906;18.870928
2024;Mai;14/05/2024;78;Chien Domestique;MC;Biobe;Mayo 2;Obo;Pas de Quartier;*AIGW*231297;non;4;F;Ignatane;Non-_Lanimal_nest_pas_attache;Non;Oui;14/05/2024;14/05/2024;Non;9.563803;19.472724
2024;Mai;14/05/2024;79;Chien Domestique;MKE;Guelendeng;Guelendeng 1;Gadibang Massa;Pas de Quartier;*AIGW*240411;non;5;M;Prefecture;Non-_Lanimal_nest_pas_attache;Non;Non;11/05/2024;11/05/2024;Oui;10.980942;15.436681
2024;Mai;15/05/2024;80;Chien Domestique;MC;Danamadji;Maimana;Maimana;Maimana Centre;*AIGW*230795;non;3;F;Supporté;Non-_Lanimal_nest_pas_attache;Non;Non;14/05/2024;14/05/2024;Oui;8.941674;18.570567
2024;Mai;15/05/2024;81;Chien Domestique;MC;Kyabe;Marabe;Marabe 2;Koukouyodji;*AIGW*220005;non;1;F;WARCHAL;Non-_Lanimal_nest_pas_attache;Non;Non;14/05/2024;14/05/2024;Oui;9.256229;18.708604
2024;Mai;16/05/2024;82;Chien Domestique;MC;Danamadji;Maimana;Maimana;Maimana Centre;*AIGW*240305;non;3;M;Supporté;Oui- Attaché avec une chaîne et deux cadenas;Oui;Non;14/05/2024;14/05/2024;Oui;8.941674;18.570567
2024;Mai;17/05/2024;83;Chien Domestique;MC;Biobe;Mayo 1;Kikoye;Pas de Quartier;*AIGW*231295;non;2;M;Assinga;Non-_Lanimal_nest_pas_attache;Non;Oui;15/05/2024;15/05/2024;Non;9.576977;19.415312
2024;Mai;17/05/2024;84;Chat Domestique;MKE;Guene;Kolong;Kolong 1;Mbarandona1;*AIGW*230458;non;2;F;Miss;Non-_Lanimal_nest_pas_attache;Non;Non;12/02/2024;12/02/2024;Oui;9.934415;15.69796
2024;Mai;17/05/2024;85;Chien Domestique;MC;Korbol;Niellim;Koin;Pas de Quartier;*AIGW*230713;Oui;4;M;Yinhantarnade;Oui- Attaché avec une chaîne et deux cadenas;Non;Oui;15/05/2024;15/05/2024;Non;9.464548;18.072486
2024;Mai;20/05/2024;86;Chien Domestique;CB;Mandelia;Gambarou;Obono Marmaye;Pas de Quartier;*AIGW*240003;non;1;F;Dembe;Oui- Attaché avec une chaîne et deux cadenas;Oui;Non;15/05/2024;15/05/2024;Oui;11.218352;15.386538
2024;Mai;20/05/2024;87;Chien Domestique;MC;Sarh;Maibo;Maikolo 1;Maikolo 1 Centre;*AIGW*240149;Oui;5;M;Patience;Oui- Attaché avec une chaîne et deux cadenas;Oui;Oui;20/05/2024;21/05/2024;Non;8.954674;18.494039
2024;Mai;21/05/2024;88;Chat Domestique;MKE;Guelendeng;Bere;Lobobo;Pas de Quartier;*AIGW*240413;non;1;F;Miss;Non-_Lanimal_nest_pas_attache;Non;Oui;21/05/2024;21/05/2024;Non;10.783801;15.792586
2024;Mai;22/05/2024;89;Chien Domestique;CB;Massenya;Mecontie;Mecontie;Pas de Quartier;*AIGW*240401;non;10;F;Abyate;Non-_Lanimal_nest_pas_attache;Non;Non;25/03/2024;25/03/2024;Oui;10.916103;15.595864
2024;Mai;22/05/2024;90;Chien Domestique;MKE;Guelendeng;Guelendeng 1;Guelendeng;Kasko;*AIGW*240417;non;2;M;Police;Non-_Lanimal_nest_pas_attache;Non;Non;17/05/2024;17/05/2024;Oui;10.911741;15.542089
2024;Mai;22/05/2024;91;Chien Domestique;MC;Kyabe;Massa Kaba;Kolbeya;Pas de Quartier;*AIGW*231289;non;2;M;Dounia Gassi;Non-_Lanimal_nest_pas_attache;Non;Non;15/05/2024;15/05/2024;Oui;9.378359;18.804667
2024;Mai;23/05/2024;92;Chien Domestique;MKE;Guene;Kolong;Kolong 2;Malao;*AIGW*230465;non;1;F;Sinda;Oui- Attaché avec une chaîne et deux cadenas;Oui;Non;17/05/2024;17/05/2024;Oui;9.960164;15.675426
2024;Mai;24/05/2024;93;Chien Domestique;CB;Massenya;Mecontie;Mecontie;Pas de Quartier;*AIGW*230150;non;1;F;Tout passe;Non-_Lanimal_nest_pas_attache;Non;Non;08/04/2024;08/04/2024;Non;10.916103;15.595864
2024;Mai;28/05/2024;94;Chien Domestique;MKE;Bongor;Bongor Sieke;Daba;Samansou;*AIGW*240448;non;2;F;Tchadienne;Non-_Lanimal_nest_pas_attache;Non;Non;26/05/2024;27/05/2024;Oui;10.207932;15.432567
2024;Mai;28/05/2024;95;Chien Domestique;CB;Bailli;Kelengue;Goudoum Goudoum;Montagne;*AIGW*240215;non;2;M;Police;Non-_Lanimal_nest_pas_attache;Non;Non;15/05/2024;15/05/2024;Oui;10.650934;16.31012
2024;Mai;28/05/2024;96;Chien Domestique;CB;Bailli;Saya;Saya 1;Saya 1 Marche;*AIGW*240223;Oui;4;F;Beta;Oui- Attaché avec une chaîne et deux cadenas;Non;Non;22/05/2024;22/05/2024;Non;10.292311;16.304088
2024;Mai;28/05/2024;97;Chien Domestique;MC;Kyabe;Marabe;Marabe 2;Koukouyodji;*AIGW*231294;non;3;M;MOULOUMONE;Non-_Lanimal_nest_pas_attache;Non;Non;15/05/2024;15/05/2024;Oui;9.256229;18.708604
2024;Mai;29/05/2024;98;Chien Domestique;NDJ;N'Djamena Sud;Chagoua;Chagoua;Carre 19;*AIGW*231161;Oui;> 10;M;Pipo;Oui- Attaché avec une chaîne et deux cadenas;Non;Non;26/05/2024;30/05/2024;Non;12.071311;15.105542
2024;Mai;30/05/2024;99;Chien Domestique;CB;Massenya;Mecontie;Mecontie;Pas de Quartier;*AIGW*230136;non;7;F;Tout Passe;Non-_Lanimal_nest_pas_attache;Non;Non;23/05/2024;23/05/2024;Oui;10.916103;15.595864
2024;Mai;30/05/2024;100;Chien Domestique;MKE;Guene;NGuelengou;Mady gouh;Gouh 1;*AIGW*240469;Oui;3;M;Gawala Seme;Oui- Attaché avec une chaîne et deux cadenas;Non;Non;24/03/2024;24/03/2024;Oui;10.207932;15.432567
2024;Juin;02/06/2024;101;Chien Domestique;NDJ;9e Arrondissement;Toukra 2;Dassa;Pas de Quartier;*AIGW*240094;Oui;6-11 mois;F;Djamtou;Oui- Attaché avec une chaîne et deux cadenas;Non;Oui;02/06/2024;02/06/2024;Non;12.020932;15.148789
2024;Juin;03/06/2024;102;Chien Domestique;CB;Bailli;Mourai Sara;Mourai Sara;Centre;*AIGW*240204;non;3;M;Douane;Non-_Lanimal_nest_pas_attache;Non;Non;02/06/2024;02/06/2024;Oui;10.633166;16.34694
2024;Juin;03/06/2024;103;Chien Domestique;CB;Dourbali;Bougoumene Dourbali;Loukou Hisseini;Pas de Quartier;*AIGW*240073;non;4;F;Soulouga;Non-_Lanimal_nest_pas_attache;Non;Non;08/03/2024;08/03/2024;Oui;11.342381;15.465499
2024;Juin;03/06/2024;104;Chat Domestique;MKE;Guene;Yamlhoka;Yamlhoka 2;Lacka 4;*AIGW*240463;non;2;F;Batou;Oui- Attaché avec une chaîne et deux cadenas;Oui;Non;21/05/2024;21/05/2024;Oui;9.881676;15.57156
2024;Juin;04/06/2024;105;Chien Domestique;MKE;Bongor;Balampouta;Petit Tougoude;Djoura;*AIGW*240473;non;6-11 mois;M;Lhivakousassou;Oui- Attaché avec une chaîne et deux cadenas;Oui;Non;04/06/2024;04/06/2024;Non;10.180019;15.473281
2024;Juin;05/06/2024;106;Chien Domestique;MKE;Bongor;Nahaina;Grand-Tougoude;Lakka;*AIGW*240447;non;2;F;Hinvounang;Non-_Lanimal_nest_pas_attache;Non;Oui;05/06/2024;05/06/2024;Non;10.180019;15.473281
2024;Juin;06/06/2024;107;Chien Domestique;CB;Bailli;Bailli 2;Astock;Astock sara;*AIGW*240225;Oui;8;F;Nahinal;Oui- Attaché avec une chaîne et deux cadenas;Oui;Non;03/06/2024;03/06/2024;Oui;10.524754;16.491394
2024;Juin;06/06/2024;108;Chien Domestique;MC;Sarh;Badara;Maiba;Maiba Centre;*AIGW*240307;Oui;4;M;Yanba;Oui- Attaché avec une chaîne et deux cadenas;Non;Oui;06/06/2024;06/06/2024;Non;9.100619;18.446173
2024;Juin;06/06/2024;109;Chien Domestique;MC;Kyabe;Massa Kaba;Goho;Pas de Quartier;*AIGW*231291;non;3;M;Supporté;Non-_Lanimal_nest_pas_attache;Non;Non;31/05/2024;31/05/2024;Oui;9.377494;18.841271
2024;Juin;07/06/2024;110;Chien Domestique;MKE;Moulkou;Soudio;Tabranga;Djomgo;*AIGW*231122;non;2;M;Loïgaddi;Non-_Lanimal_nest_pas_attache;Non;Oui;07/06/2024;07/06/2024;Non;10.547999;15.756353
2024;Juin;07/06/2024;111;Chien Domestique;MKE;Guene;Yamlhoka;Yamlhoka 4;Mbagaou 2;*AIGW*230512;non;3;F;Mandafanoua;Non-_Lanimal_nest_pas_attache;Non;Non;10/05/2024;10/05/2024;Oui;9.887944;15.570351
2024;Juin;07/06/2024;112;Chien Domestique;CB;Bailli;Bailli 1;Bailli 1;Ngueli;*AIGW*240221;non;3;F;Bradog;Non-_Lanimal_nest_pas_attache;Non;Non;07/06/2024;07/06/2024;Oui;10.50799;16.435172
2024;Juin;07/06/2024;113;Chien Domestique;MKE;Guene;Kolong;Kolong 2;Soumaye;*AIGW*240470;non;5;F;Yakigué;Non-_Lanimal_nest_pas_attache;Non;Non;14/05/2024;14/05/2024;Oui;9.958842;15.679654
2024;Juin;10/06/2024;114;Chat Domestique;MKE;Bongor;Ham;Ham paudy;pas de quartier;*AIGW*240454;non;2;F;Mariam;Non-_Lanimal_nest_pas_attache;Non;Non;04/06/2024;04/06/2024;Oui;9.999459;15.695783
2024;Juin;10/06/2024;115;Chien Domestique;CB;Mandelia;Loumia;Trangala Centre;Pas de Quartier;*AIGW*240019;non;2;M;Habena;Oui- Attaché avec une chaîne et deux cadenas;Oui;Non;09/05/2024;09/05/2024;Oui;11.374732;15.37033
2024;Juin;11/06/2024;116;Chien Domestique;MKE;Bongor;Balampouta;Petit Tougoude;Habi;*AIGW*240443;non;1;M;Lion;Non-_Lanimal_nest_pas_attache;Non;Oui;01/06/2024;01/06/2024;Non;10.177316;15.475565
2024;Juin;11/06/2024;117;Chien Domestique;CB;Massenya;Mecontie;Mecontie;Pas de Quartier;*AIGW*230141;non;3;F;Patience;Oui- Attaché avec une chaîne et deux cadenas;Oui;Non;26/04/2024;26/04/2024;Oui;10.916103;15.595864
2024;Juin;12/06/2024;118;Chien Domestique;CB;Massenya;Mecontie;Mecontie;Pas de Quartier;*AIGW*230114;non;3;F;Hanpété;Non-_Lanimal_nest_pas_attache;Non;Oui;05/06/2024;05/06/2024;Non;10.916103;15.595864
2024;Juin;12/06/2024;119;Chat Domestique;MKE;Guene;Kolong;Kolong 1;Toli;*AIGW*240460;non;2;F;Batouda;Non-_Lanimal_nest_pas_attache;Non;Non;27/05/2024;27/05/2024;Oui;9.921781;15.704922
2024;Juin;16/06/2024;120;Chat Domestique;MC;Biobe;Mayo 1;Gatabolo;Pas de Quartier;*AIGW*231296;non;2;F;Mariam;Non-_Lanimal_nest_pas_attache;Non;Non;10/06/2024;10/06/2024;Oui;9.615329;19.504517
2024;Juin;16/06/2024;121;Chien Domestique;CB;Mandelia;Raf;Damata 3;Pas de Quartier;*AIGW*240037;Oui;1;M;Dog;Oui- Attaché avec une chaîne et deux cadenas;Non;Non;04/06/2024;04/06/2024;Oui;11.871443;15.314087
2024;Juin;17/06/2024;122;Chien Domestique;CB;Mandelia;Gambarou;Mabaye;Pas de Quartier;*AIGW*240020;non;6;F;Tchadienne;Oui- Attaché avec une chaîne et deux cadenas;Oui;Non;30/05/2024;30/05/2024;Oui;11.319246;15.400288
2024;Juin;17/06/2024;123;Chien Domestique;MKE;Guene;NGuelengou;Ganga;Ganga;*AIGW*240465;non;2;M;Sport;Non-_Lanimal_nest_pas_attache;Non;Oui;08/06/2024;08/06/2024;Non;9.921441;15.674534
2024;Juin;17/06/2024;124;Chien Domestique;MC;Sarh;Kokaga;Doguigui;Pas de Quartier;353712384;Oui;4;F;Supporter;Oui- Attaché avec une chaîne et deux cadenas;Non;Oui;07/06/2024;13/06/2024;Non;9.200759;18.319446
2024;Juin;18/06/2024;125;Chien Domestique;NDJ;N'Djamena Sud;Ambatta;Ambatta;Carre 14 (1);*AIGW*231271;Oui;10;M;Patience;Oui- Attaché avec une chaîne et deux cadenas;Oui;Oui;13/06/2024;13/06/2024;Non;12.020932;15.148789
2024;Juin;20/06/2024;126;Chien Domestique;MKE;Guene;NGuelengou;Mouna;Mouna 2;*AIGW*230485;non;2;F;Nadjourou;Non-_Lanimal_nest_pas_attache;Non;Oui;16/05/2024;16/05/2024;Non;9.939308;15.648042
2024;Juin;20/06/2024;127;Chien Domestique;MC;Biobe;Mayo 1;Gatabolo;Pas de Quartier;*AIGW*231298;non;2;M;Gasrou;Oui- Attaché avec une chaîne et deux cadenas;Oui;Non;16/06/2024;16/06/2024;Oui;9.615329;19.504517
2024;Juin;21/06/2024;128;Chien Domestique;MKE;Guene;Kolong;Kolong 2;Soumaye;*AIGW*240466;non;1;M;Tout passe;Non-_Lanimal_nest_pas_attache;Non;Oui;14/05/2024;14/05/2024;Non;9.958842;15.679654
2024;Juin;22/06/2024;129;Chien Domestique;LOC;Benoye;Tchaouen;Koutou Mbo;Ngonbe;*AIGW*230188;non;4;F;Tarmajal;Non-_Lanimal_nest_pas_attache;Non;Non;19/06/2024;19/06/2024;Oui;9.158496;16.393516
2024;Juin;22/06/2024;130;Chien Domestique;MC;Kyabe;Marabe;Bongoro;Pas de Quartier;*AIGW*231280;non;2;F;Hadjama;Non-_Lanimal_nest_pas_attache;Non;Non;20/06/2024;20/06/2024;Oui;9.201676;18.561641
2024;Juin;24/06/2024;131;Chien Domestique;CB;Bailli;Bogomoro;Damakara Marba;Pas de Quartier;*AIGW*240405;non;5;M;Madjivina;Non-_Lanimal_nest_pas_attache;Non;Non;10/06/2024;10/06/2024;Oui;10.786271;16.011756
2024;Juin;26/06/2024;132;Chien Domestique;MC;Kyabe;Marabe;Kousseri;Centre;*AIGW*231282;non;3;F;Maga;Non-_Lanimal_nest_pas_attache;Non;Non;22/06/2024;22/06/2024;Oui;9.339776;18.764138
2024;Juin;26/06/2024;133;Chien Domestique;CB;Massenya;Mecontie;Mecontie;Pas de Quartier;*AIGW*230137;non;3;M;Police;Non-_Lanimal_nest_pas_attache;Non;Non;13/06/2024;13/06/2024;Oui;10.916103;15.595864
2024;Juin;26/06/2024;134;Chien Domestique;CB;Massenya;Mecontie;Mecontie;Pas de Quartier;*AIGW*230110;non;6;F;Garde;Oui- Attaché avec une chaîne et deux cadenas;Oui;Non;26/06/2024;26/06/2024;Oui;10.916103;15.595864
2024;Juin;26/06/2024;135;Chien Domestique;MC;Sarh;Kassai;Kassai;Kassai 11;*AIGW*230702;Oui;2;M;Gardien;Oui- Attaché avec une chaîne et deux cadenas;Oui;Oui;26/06/2024;26/06/2024;Non;9.129736;18.395812
2024;Juin;27/06/2024;136;Chien Domestique;MC;Biobe;Mayo 1;Kidjokadji;Centre;*AIGW*230900;Oui;2;F;Otoyoï;Non- L'animal n'est pas attaché;Oui;Oui;27/06/2024;27/06/2024;Non;9.731366;19.43203
2024;Juin;27/06/2024;137;Chien Domestique;MKE;Guene;Kolong;Kolong 2;Soumaye;*AIGW*240467;non;2;F;Dounia Gassi;Non-_Lanimal_nest_pas_attache;Non;Oui;15/05/2024;15/05/2024;Non;9.958842;15.679654
2024;Juin;27/06/2024;138;Chien Domestique;MKE;Guene;Kolong;Kolong 2;Soumaye;*AIGW*240468;non;2;M;Magamtoussia;Non-_Lanimal_nest_pas_attache;Non;Non;14/05/2024;14/05/2024;Oui;9.958842;15.679654
2024;Juin;27/06/2024;139;Chien Domestique;CB;Mandelia;Mede;Mede 2;Pas de Quartier;*AIGW*240038;non;1;F;Supporté;Oui- Attaché avec une chaîne et deux cadenas;Oui;Non;10/06/2024;10/06/2024;Oui;11.801865;15.325671
2024;Juin;29/06/2024;140;Chien Domestique;CB;Bailli;Bailli 2;Diriti;Pas de Quartier;*AIGW*240243;non;3;M;Gobi;Non-_Lanimal_nest_pas_attache;Non;Oui;18/06/2024;18/06/2024;Non;10.501729;16.54933
2024;Juin;29/06/2024;141;Chien Domestique;CB;Bailli;Bailli 1;Bailli 1;Ngueli;*AIGW*240246;non;2;F;Patience;Non-_Lanimal_nest_pas_attache;Non;Non;27/06/2024;27/06/2024;Non;10.50799;16.435172
2024;Juin;29/06/2024;142;Chien Domestique;MKE;Guene;Kolong;Kolong 1;Mbarandona1;*AIGW*230462;non;2;M;Lavie;Non-_Lanimal_nest_pas_attache;Non;Non;21/06/2024;21/06/2024;Oui;9.934415;15.69796
2024;Juin;30/06/2024;143;Chien Domestique;MKE;Guene;Gouffou 2;Gouffou 2;Monigui;*AIGW*230483;non;2;F;Foka Nangué;Non-_Lanimal_nest_pas_attache;Non;Non;21/06/2024;21/06/2024;Oui;9.899647;15.529574
2024;Juin;30/06/2024;144;Chien Domestique;LOC;Bebalem;Bourou Evangelique;Dotouma;Main-ong;*AIGW*230184;non;1;M;Pamarai ;Non- L'animal n'est pas attaché;Non;Non;18/06/2024;18/06/2024;Oui;9.115395;16.406649
2024;Juillet;02/07/2024;145;Chien Domestique;NDJ;9e Arrondissement;ADESCU;kobe;Pas de quartier;*AIGW*240099;Oui;5;M;Tifon;Oui- Attaché avec une chaîne et deux cadenas;Non;Oui;29/06/2024;02/07/2024;Non;12.010144;15.14413
2024;Juillet;04/07/2024;146;Chien Domestique;MC;Sarh;Kemata;Bebita;Pas de Quartier;*AIGW*240311;non;1;M;GARDE;Oui- Attaché avec une chaîne et deux cadenas;Oui;Non;24/06/2024;24/06/2024;Oui;9.202032;18.554865
2024;Juillet;04/07/2024;147;Chien Domestique;MKE;Bongor;Djarwaye;Golom 1;Pas de quartier;*AIGW*240444;non;2;M;Attention;Non-_Lanimal_nest_pas_attache;Non;Oui;11/06/2024;11/06/2024;Non;10.036857;15.63471
2024;Juillet;04/07/2024;148;Chien Domestique;SLM;Haraze;Daha;Kolongassara;Pas de Quartier;*AIGW*231209;non;2;M;Habedé;Oui- Attaché avec une chaîne et deux cadenas;Oui;Non;01/07/2024;05/07/2024;Non;9.11923;20.000335
2024;Juillet;06/07/2024;149;Chien Domestique;NDJ;N'Djamena Sud;Abena;Abena;Carre 3;*AIGW*231272;Oui;> 10;M;Toubib;Oui- Attaché avec une chaîne et deux cadenas;Non;Non;04/07/2024;05/07/2024;Non;12.010144;15.14413
2024;Juillet;07/07/2024;150;Chien Domestique;LOC;Benoye;Tchaouen;Mbayam;Torobiri;*AIGW*230183;non;2;F;Patience;Non-_Lanimal_nest_pas_attache;Non;Non;03/07/2024;03/07/2024;Oui;9.168752;16.392036
2024;Juillet;07/07/2024;151;Chien Domestique;CB;Massenya;Bougourmari;Bougoumari;Pas de Quartier;*AIGW*230122;non;5;F;Ngomtai;Non-_Lanimal_nest_pas_attache;Non;Oui;05/07/2024;07/07/2024;Non;11.30056;15.455859
2024;Juillet;09/07/2024;152;Chien Domestique;MKE;Guene;Kolong;Kolong 1;Toli;*AIGW*230463;non;2;F;Yelgetta;Non-_Lanimal_nest_pas_attache;Non;Non;28/05/2024;28/05/2024;Oui;9.921781;15.704922
2024;Juillet;09/07/2024;153;Chien Domestique;SLM;Haraze;Michetir;Koigne;Pas de Quartier;*AIGW*231207;Oui;1;M;Armé;Oui- Mais pas avec une chaîne et deux cadenas;Non;Oui;06/07/2024;09/07/2024;Non;9.862836;20.841837
2024;Juillet;11/07/2024;154;Chien Domestique;MKE;Guene;Kolong;Kolong 1;Mbarandona2;*AIGW*240474;non;4;F;Miskine;Non-_Lanimal_nest_pas_attache;Non;Non;28/06/2024;28/06/2024;Oui;9.930119;15.700211
2024;Juillet;13/07/2024;155;Chat Domestique;MC;Sarh;Badara;Ndokoro;Ndokoro Centre;*AIGW*240328;non;4;F;Mariam;Non-_Lanimal_nest_pas_attache;Non;Non;05/07/2024;05/07/2024;Oui;9.16838;18.468581
2024;Juillet;15/07/2024;156;Chien Domestique;LOC;Bebalem;Bourou Evangelique;Massede;Massede Centre;*AIGW*240475;non;2;F;Chance;Non- L'animal n'est pas attaché;Non;Non;30/06/2024;30/06/2024;Oui;9.127283;16.404711
2024;Juillet;15/07/2024;157;Chat Domestique;LOC;Bebalem;Bourou Evangelique;Massede;Massede Centre;*AIGW*240478;non;1;F;Suzanie;Non- L'animal n'est pas attaché;Non;Non;20/06/2024;20/06/2024;Oui;9.127283;16.404711
2024;Juillet;16/07/2024;158;Chien Domestique;CB;Bailli;Bogomoro;Damakara Marba;Pas de Quartier;*AIGW*240406;non;1;M;Miskinlabout;Non-_Lanimal_nest_pas_attache;Non;Non;09/07/2024;09/07/2024;Oui;10.786271;16.011756
2024;Juillet;16/07/2024;159;Chien Domestique;CB;Massenya;Mecontie;Mecontie;Pas de Quartier;*AIGW*230111;non;2;F;Dekir;Non-_Lanimal_nest_pas_attache;Non;Non;26/06/2024;26/06/2024;Oui;10.916103;15.595864
2024;Juillet;16/07/2024;160;Chien Domestique;CB;Massenya;Mecontie;Mecontie;Pas de Quartier;*AIGW*230112;non;2;F;Sonnerie;Non-_Lanimal_nest_pas_attache;Non;Non;04/06/2024;04/06/2024;Oui;10.916103;15.595864
2024;Juillet;16/07/2024;161;Chien Domestique;CB;Massenya;Mecontie;Mecontie;Pas de Quartier;*AIGW*230149;non;3;F;Chef de Race;Non-_Lanimal_nest_pas_attache;Non;Non;27/06/2024;27/06/2024;Oui;10.916103;15.595864
2024;Juillet;16/07/2024;162;Chien Domestique;CB;Massenya;Mecontie;Mecontie;Pas de Quartier;*AIGW*230005;non;3;M;Sabour;Oui- Attaché avec une chaîne et deux cadenas;Oui;Non;05/06/2024;05/06/2024;Oui;10.916103;15.595864
2024;Juillet;17/07/2024;164;Chat Domestique;MC;Kyabe;Boussa;Boussa;Centre;*AIGW*231278;Oui;2;M;Miss;Oui- Attaché avec une chaîne et deux cadenas;Non;Non;14/07/2024;14/07/2024;Oui;9.062809;19.565068
2024;Juillet;17/07/2024;165;Chien Domestique;MC;Korbol;Niellim;Koin;Pas de Quartier;*AIGW*230649;non;4;F;Wakil alla;Non-_Lanimal_nest_pas_attache;Non;Non;09/07/2024;09/07/2024;Oui;9.464548;18.072486
2024;Juillet;17/07/2024;166;Chat Domestique;CB;Bailli;Kelengue;Goudoum Goudoum Massa;Pas de Quartier;*AIGW*240213;non;1;F;Miss;Non-_Lanimal_nest_pas_attache;Non;Non;14/07/2024;15/07/2024;Oui;10.664041;16.289407
2024;Juillet;18/07/2024;167;Chien Domestique;LOC;Benoye;Tchaouen;Douah;Douah;*AIGW*240477;non;1;F;Djide;Non-_Lanimal_nest_pas_attache;Non;Non;09/07/2024;09/07/2024;Oui;9.208188;16.372677
2024;Juillet;18/07/2024;168;Chat Domestique;MC;Korbol;Niellim;Koin;Pas de Quartier;*AIGW*230714;non;2;F;Mariam;Non-_Lanimal_nest_pas_attache;Non;Non;15/07/2024;15/07/2024;Oui;9.464548;18.072486
2024;Juillet;19/07/2024;169;Chien Domestique;MC;Sarh;Kemata;Kagsse;Pas de Quartier;*AIGW*240327;Oui;1;M;Général;Oui- Attaché avec une chaîne et deux cadenas;Non;Non;14/07/2024;15/07/2024;Oui;9.18345;18.399548
2024;Juillet;19/07/2024;170;Chien Domestique;CB;Dourbali;Bougoumene Dourbali;Mouraye;Pas de Quartier;*AIGW*240041;non;1;F;Lawili;Non-_Lanimal_nest_pas_attache;Non;Non;04/07/2024;04/07/2024;Oui;11.297847;15.575763
2024;Juillet;19/07/2024;171;Chien Domestique;MC;Kyabe;Marabe;Kousseri;Centre;*AIGW*231277;non;1;M;Madjabé;Non-_Lanimal_nest_pas_attache;Non;Non;25/06/2024;25/06/2024;Oui;9.339776;18.764138
2024;Juillet;21/07/2024;172;Chien Domestique;CB;Bailli;Mourai Sara;Mourai Sara;Centre;*AIGW*240210;non;3;F;Donang;Non-_Lanimal_nest_pas_attache;Non;Non;19/07/2024;19/07/2024;Oui;10.633166;16.34694
2024;Juillet;21/07/2024;173;Chien Domestique;MC;Sarh;Badara;Ndokoro;Ndokoro Centre;*AIGW*240308;non;5;M;DOUNIA;Non-_Lanimal_nest_pas_attache;Non;Non;18/07/2024;18/07/2024;Oui;9.16838;18.468581
2024;Juillet;21/07/2024;174;Chien Domestique;MKE;Guelendeng;Guelendeng 1;Guelendeng;Fonctionnaire;*AIGW*240418;non;> 10;M;Bandoumal;Non-_Lanimal_nest_pas_attache;Non;Non;18/07/2024;18/07/2024;Oui;10.924953;15.540235
2024;Juillet;21/07/2024;175;Chien Domestique;SLM;Haraze;Mangueigne;Djer;Pas de Quartier;*AIGW*231213;Non;3;F;Amtock;Oui- Attaché avec une chaîne et deux cadenas;Non;Non;19/07/2024;22/07/2024;Oui;10.345669;21.250206
2024;Juillet;22/07/2024;176;Chat Domestique;MC;Kyabe;Marabe;Bongoro;Pas de Quartier;*AIGW*231279;non;2;F;Mis;Non-_Lanimal_nest_pas_attache;Non;Non;24/06/2024;24/06/2024;Oui;9.201676;18.561641
2024;Juillet;22/07/2024;177;Chien Domestique;MKE;Bongor;Balampouta;Petit Tougoude;Habi;*AIGW*240479;non;3;M;Guidalia;Non-_Lanimal_nest_pas_attache;Non;Non;01/06/2024;01/06/2024;Oui;10.177316;15.475565
2024;Juillet;22/07/2024;178;Chat Domestique;CB;Bailli;Bailli 2;Bailli 2;Canton;*AIGW*240247;non;2;M;Habib;Oui- Attaché avec une chaîne et deux cadenas;Oui;Non;19/07/2024;19/07/2024;Oui;10.51393;16.445658
2024;Juillet;23/07/2024;179;Chat Domestique;MC;Sarh;Kemdere;Mossiara;Carre Ngamba;*AIGW*240155;Oui;4;F;Mariam;Oui- Attaché avec une chaîne et deux cadenas;Non;Oui;23/07/2024;23/07/2024;Non;9.083151;18.373411
2024;Juillet;23/07/2024;180;Chat Domestique;MKE;Guelendeng;Guelendeng 2;Guelendeng;Centre;*AIGW*240409;non;1;M;miss;Non-_Lanimal_nest_pas_attache;Non;Oui;19/07/2024;19/07/2024;Non;10.917728;15.5469
2024;Juillet;23/07/2024;181;Chat Domestique;SLM;Haraze;Massambagne;Massambagne 1;Pas de Quartier;*AIGW*231211;non;3;F;Maltina;Non-_Lanimal_nest_pas_attache;Non;Non;16/07/2024;17/07/2024;Oui;10.345669;21.250206
2024;Juillet;23/07/2024;182;Chat Domestique;Tandjile;Kolon;Gringa;Ambassa 2;centre;*AIGW*230371;non;2;M;Miss;Oui- Attaché avec une chaîne et deux cadenas;Oui;Non;05/07/2024;05/07/2024;Oui;9.541062;15.973001
2024;Juillet;23/07/2024;183;Chien Domestique;CB;Bousso;Mbaranga;Boungolti;Pas de Quartier;*AIGW*230410;non;1;M;Sabayine;Non-_Lanimal_nest_pas_attache;Non;Oui;23/07/2024;23/07/2024;Non;10.582599;16.9381
2024;Juillet;24/07/2024;184;Chien Domestique;LOC;Bebalem;Bourou Evangelique;Massede;Kousserie;*AIGW*230179;non;3;M;Supporté;Non- L'animal n'est pas attaché;Non;Non;17/07/2024;17/07/2024;Oui;9.134096;16.406627
2024;Juillet;24/07/2024;185;Chat Domestique;MC;Kyabe;Boussa;Boussa;Centre;*AIGW*231275;Oui;2;M;Mariam;Oui- Attaché avec une chaîne et deux cadenas;Non;Non;20/07/2024;20/07/2024;Oui;9.062809;19.565068
2024;Juillet;24/07/2024;186;Chien Domestique;MKE;Bongor;Balampouta;Petit Tougoude;Crena;*AIGW*240480;non;2;M;Moussangvovongou;Non-_Lanimal_nest_pas_attache;Non;Non;31/05/2024;31/05/2024;Oui;10.167257;15.478952
2024;Juillet;24/07/2024;187;Chien Domestique;MKE;Guene;Kolong;Kolong 2;Soumaye;*AIGW*240500;non;1;F;Garipetsou;Non-_Lanimal_nest_pas_attache;Non;Non;24/04/2024;24/04/2024;Oui;9.958842;15.679654
2024;Juillet;24/07/2024;188;Chien Domestique;SLM;Haraze;Daha;Bourou;Pas de Quartier;*AIGW*240581;Non;2;M;Supporté;Oui- Attaché avec une chaîne et deux cadenas;Oui;Non;15/07/2024;16/07/2024;Non;9.066707;19.879995
2024;Juillet;25/07/2024;189;Chien Domestique;MKE;Guene;Kolong;Mbili;Djossamara;*AIGW*240490;non;2;F;Patience;Non-_Lanimal_nest_pas_attache;Non;Oui;25/07/2024;25/07/2024;Non;9.905268;15.720911
2024;Juillet;25/07/2024;190;Chien Domestique;CB;Mandelia;Koundoul;Koundoul 2;Pas de Quartier;*AIGW*240027;non;4;M;Supportée;Non-_Lanimal_nest_pas_attache;Non;Non;25/07/2024;25/07/2024;Oui;11.968102;15.169819
2024;Juillet;25/07/2024;191;Chien Domestique;LOC;Bebalem;Bourou Evangelique;Massede;Massede Centre;*AIGW*230180;non;1;M;Succès;Non- L'animal n'est pas attaché;Oui;Non;14/06/2024;14/06/2024;Oui;9.127283;16.404711
2024;Juillet;25/07/2024;192;Chien Domestique;MC;Sarh;Kokaga;Nangnda 1;Pas de Quartier;*AIGW*220011;non;4;M;Koumitingué;Oui- Attaché avec une chaîne et deux cadenas;Oui;Non;15/07/2024;15/07/2024;Non;9.244178;18.316441
2024;Juillet;26/07/2024;193;Chat Domestique;Tandjile;Lai;Lai;Noungou;carre 7;*AIGW*230153;Oui;2;F;Miss;Oui- Attaché avec une chaîne et deux cadenas;Non;Oui;26/07/2024;26/07/2024;Non;9.541062;15.973001
2024;Juillet;26/07/2024;194;Chat Domestique;Tandjile;Kolon;Gringa;Ambassa 3;Pas de Quartier;*AIGW*230367;non;2;M;Miss;Non-_Lanimal_nest_pas_attache;Non;Non;29/06/2024;29/06/2024;Oui;9.537647;15.975313
2024;Juillet;26/07/2024;195;Chien Domestique;MC;Sarh;Kemata;Yabakaga;Yabakaga;*AIGW*240334;non;1;M;Nguérahibé;Non-_Lanimal_nest_pas_attache;Non;Non;22/07/2024;22/07/2024;Oui;9.188392;18.480974
2024;Juillet;29/07/2024;196;Chien Domestique;MC;Sarh;Kokaga;Ndoumabe;Pas de Quartier;*AIGW*240333;non;1;F;Maga;Non-_Lanimal_nest_pas_attache;Non;Non;25/07/2024;25/07/2024;Oui;9.298674;18.266598
2024;Juillet;29/07/2024;197;Chien Domestique;MC;Danamadji;Danamadji EST;Kaga 1;Pas de quartier;*AIGW*240323;Non;3;F;Ani;Oui- Attaché avec une chaîne et deux cadenas;Non;Oui;22/07/2024;29/07/2024;Non;8.45544;18.3845
2024;Juillet;29/07/2024;198;Chien Domestique;LOC;Bebalem;Bourou Evangelique;Massede;Massede Centre;*AIGW*230159;non;3;M;Donang;Non- L'animal n'est pas attaché;Non;Non;07/07/2024;07/07/2024;Oui;9.127283;16.404711
2024;Juillet;29/07/2024;199;Chien Domestique;MC;Kyabe;Kyabe;Haka;Pas de Quartier;*AIGW*231284;Non;3;M;Natoimadi;Non- L'animal n'est pas attaché;Oui;Oui;26/07/2024;29/07/2024;Non;9.48429;19.011702
2024;Juillet;30/07/2024;200;Chien Domestique;MKE;Guene;Kolong;Kolong 1;Toli;*AIGW*240489;non;3;F;Langmanga;Non-_Lanimal_nest_pas_attache;Non;Oui;30/07/2024;30/07/2024;Non;9.921781;15.704922
2024;Juillet;31/07/2024;201;Chat Domestique;Tandjile;Kolon;Gringa;Ambassa 2;centre;*AIGW*230152;non;2;F;Miss 2;Non-_Lanimal_nest_pas_attache;Non;Non;26/06/2024;26/06/2024;Oui;9.541062;15.973001
2024;Aout;01/08/2024;202;Chien Domestique;CB;Mandelia;Koundoul;Koundoul;Lélé;*AIGW*240026;Oui;3;F;Koura;Oui- Attaché avec une chaîne et deux cadenas;Non;Non;01/08/2024;01/08/2024;Non;11.968102;15.169819
2024;Aout;03/08/2024;203;Chat Domestique;CB;Bailli;Bailli 2;Diamra;Diamra 3;*AIGW*240227;non;2;M;Mariam;Non-_Lanimal_nest_pas_attache;Non;Non;01/08/2024;01/08/2024;Oui;10.503718;16.531644
2024;Aout;04/08/2024;204;Chien Domestique;CB;Bailli;Kelengue;Boye;Pas de Quartier;*AIGW*240212;non;1;M;Balangtoussou;Non-_Lanimal_nest_pas_attache;Non;Non;02/08/2024;02/08/2024;Oui;10.684852;16.254363
2024;Aout;04/08/2024;205;Chien Domestique;CB;Bailli;Maloumri;Maloumri Sara;Pas de Quartier;*AIGW*240407;non;8;F;Supporté;Non-_Lanimal_nest_pas_attache;Non;Non;02/08/2024;02/08/2024;Oui;10.824838;15.838509
2024;Aout;05/08/2024;206;Chat Domestique;CB;Bailli;Mourai Sara;Roltang;Pas de Quartier;*AIGW*240211;non;3;M;Mariam;Non-_Lanimal_nest_pas_attache;Non;Non;30/07/2024;30/07/2024;Oui;10.620034;16.378778
2024;Aout;06/08/2024;207;Chien Domestique;LOC;Benoye;Tchaouen;Koutou Mbo;Ngonbe;*AIGW*240495;non;3;F;Dénédjehonbé;Non-_Lanimal_nest_pas_attache;Non;Non;03/08/2024;03/08/2024;Oui;9.158496;16.393516
2024;Aout;06/08/2024;208;Chien Domestique;MC;Sarh;Badara;Ndokoro;Djodogo Centre;670331556;non;5;F;KRAÏBÉ;Non-_Lanimal_nest_pas_attache;Non;Non;01/08/2024;02/08/2024;Oui;9.158603;18.499734
2024;Aout;06/08/2024;209;Chien Domestique;CB;Mandelia;Bougoumene;Kolemara Bord;Pas de Quartier;*AIGW*230951;non;1;M;Supporte;Non-_Lanimal_nest_pas_attache;Non;Non;13/06/2024;13/06/2024;Oui;11.510571;15.316405
2024;Aout;07/08/2024;210;Chien Domestique;MKE;Bongor;Balampouta;Petit Tougoude;Crena;*AIGW*231102;non;2;F;Lanakaï;Non-_Lanimal_nest_pas_attache;Non;Non;05/08/2024;05/08/2024;Oui;10.167257;15.478952
2024;Aout;07/08/2024;211;Chat Domestique;LOC;Benoye;Tchaouen;Guelkoura;Pas de Quartier;*AIGW*231265;Oui;2;F;Batou;Oui- Attaché avec une chaîne et deux cadenas;Non;Non;02/08/2024;02/08/2024;Oui;9.162679;16.341401
2024;Aout;08/08/2024;212;Chien Domestique;Tandjile;Lai;Gabri-ngolo;Gabri-ngolo;Pas de Quartier;*AIGW*231180;non;4;F;Tout c'est pas ;Non-_Lanimal_nest_pas_attache;Non;Non;08/08/2024;09/08/2024;Oui;9.256949;16.384925
2024;Aout;09/08/2024;213;Chien Domestique;Tandjile;Bere;Tamio;Melpongo 1;Pas de Quartier;*AIGW*230233;non;1;F;Kassengkang;Non-_Lanimal_nest_pas_attache;Non;Non;07/08/2024;07/08/2024;Oui;9.23196;16.229708
2024;Aout;11/08/2024;214;Chien Domestique;MC;Korbol;Niellim;Teble;Pas de Quartier;*AIGW*230635;non;5;M;Djideba;Oui- Attaché avec une chaîne et deux cadenas;Oui;Non;06/08/2024;06/08/2024;Oui;9.530464;18.044684
2024;Aout;12/08/2024;215;Chien Domestique;MC;Korbol;Niellim;Houal;Pas de Quartier;*AIGW*230638;non;2;M;Madjitoloum;Non-_Lanimal_nest_pas_attache;Non;Oui;07/08/2024;07/08/2024;Non;9.58229;17.932846
2024;Aout;12/08/2024;216;Chien Domestique;MC;Balimba;Balimba;Tando;Pas de Quartier;*AIGW*230708;non;4;F;Patience;Non-_Lanimal_nest_pas_attache;Non;Non;08/08/2024;08/08/2024;Oui;9.164411;18.328772
2024;Aout;13/08/2024;217;Chien Domestique;Guera;Mangalme;Eref;Zawia;Pas de Quartier;*AIGW*231079;Non;2;M;Akabach;Oui- Attaché avec une chaîne et deux cadenas;Non;Non;08/08/2024;08/08/2024;Oui;12.330749;19.311265
2024;Aout;13/08/2024;218;Chien Domestique;LOC;Benoye;Tchaouen;Koutou Mbo;Koutou 2;*AIGW*240498;non;1;F;Garde ;Non-_Lanimal_nest_pas_attache;Non;Non;09/08/2024;09/08/2024;Oui;9.149938;16.391284
2024;Aout;14/08/2024;219;Chien Domestique;LOC;Benoye;Tchaouen;Guelsaou 2;Pas de Quartier;*AIGW*240496;Oui;2;F;Garde;Oui- Attaché avec une chaîne et deux cadenas;Non;Non;07/08/2024;08/08/2024;Oui;9.159779;16.343229
2024;Aout;14/08/2024;220;Chien Domestique;MKE;Bongor;Balampouta;Petit Tougoude;Haina;*AIGW*240486;non;2;F;Hisseine;Oui- Attaché avec une chaîne et deux cadenas;Oui;Non;04/06/2024;04/06/2024;Oui;10.189766;15.461843
2024;Aout;14/08/2024;221;Chien Domestique;MC;Sarh;Kokaga;Kissinga;Carre Tolobo;*AIGW*240329;non;4;M;Loubi;Non-_Lanimal_nest_pas_attache;Non;Oui;07/08/2024;07/08/2024;Non;9.526963;18.247778
2024;Aout;15/08/2024;222;Chat Domestique;MKE;Moulkou;Al-Afia;Mapling;Maigue;*AIGW*231134;Oui;3;F;Patma;Oui- Attaché avec une chaîne et deux cadenas;Non;Non;14/08/2024;14/08/2024;Oui;10.628475;15.570244
2024;Aout;15/08/2024;223;Chien Domestique;Tandjile;Bere;Tamio;Tamio;Tamio 4;*AIGW*230176;non;3;M;Supporté;Non-_Lanimal_nest_pas_attache;Non;Non;05/08/2024;05/08/2024;Oui;9.240134;16.290119
2024;Aout;16/08/2024;224;Chien Domestique;Tandjile;Kolon;Gringa;Karbou;Korgolong;*AIGW*230362;Oui;2;F;Ndolongzou;Oui- Attaché avec une chaîne et deux cadenas;Non;Non;05/08/2024;06/08/2024;Non;9.475438;15.979483
2024;Aout;17/08/2024;225;Chien Domestique;Tandjile;Bere;Tamio;Djengdra 2;Pas de Quartier;*AIGW*230174;non;2;M;Tyande;Non-_Lanimal_nest_pas_attache;Non;Non;07/08/2024;07/08/2024;Oui;9.222262;16.326467
2024;Aout;17/08/2024;226;Chien Domestique;Tandjile;Bere;Tamio;Djengdra 2;Pas de Quartier;*AIGW*230175;non;3;F;Chance;Non-_Lanimal_nest_pas_attache;Non;Non;08/08/2024;08/08/2024;Oui;9.222262;16.326467
2024;Aout;17/08/2024;227;Chien Domestique;Tandjile;Bere;Tamio;Djengdra 2;Pas de Quartier;*AIGW*230171;non;4;M;Patience;Non-_Lanimal_nest_pas_attache;Non;Non;07/08/2024;07/08/2024;Oui;9.222262;16.326467
2024;Aout;17/08/2024;228;Chien Domestique;LOC;Bebalem;Bourou Evangelique;Dotouma;Dotouma centre;*AIGW*240493;non;1;F;Motou;Non- L'animal n'est pas attaché;Non;Non;22/07/2024;22/07/2024;Oui;9.113872;16.418052
2024;Aout;18/08/2024;229;Chien Domestique;Tandjile;Kolon;Kouma;Kouma;Gougourna;*AIGW*231186;Oui;4;M;Dembelé;Oui- Attaché avec une chaîne et deux cadenas;Non;Oui;18/08/2024;20/08/2024;Non;9.222262;16.326467
2024;Aout;19/08/2024;230;Chien Domestique;SLM;Haraze;Markaba;Ndirmigne;Pas de Quartier;*AIGW*231201;Non;2;F;Deb-tam;Oui- Attaché avec une chaîne et deux cadenas;Non;Non;17/08/2024;19/08/2024;Oui;9.428869;20.506937
2024;Aout;19/08/2024;231;Chat Domestique;MC;Sarh;Kokaga;Molguidi;Pas de Quartier;*AIGW*240330;Oui;2;F;Miss;Oui- Attaché avec une chaîne et deux cadenas;Non;Non;29/07/2024;30/07/2024;Oui;9.321639;18.259684
2024;Aout;20/08/2024;232;Chien Domestique;MDL;Bedaya;Reni;Reni;Mayndeye;*AIGW*240375;non;3;M;Gouaïndé;Non-_Lanimal_nest_pas_attache;Non;Non;18/08/2024;19/08/2024;Oui;9.155752;18.140178
2024;Aout;20/08/2024;233;Chien Domestique;Tandjile;Kolon;Kouma;Kouma;Gougourna;*AIGW*230360;Oui;2;M;Nadbangsou;Oui- Attaché avec une chaîne et deux cadenas;Non;Non;20/08/2024;20/08/2024;Non;9.222262;16.326467
2024;Aout;20/08/2024;234;Chien Domestique;MC;Korbol;Niellim;Houal;Pas de Quartier;*AIGW*230631;non;3;F;Djite;Non-_Lanimal_nest_pas_attache;Non;Non;13/08/2024;13/08/2024;Oui;9.58229;17.932846
2024;Aout;21/08/2024;235;Chien Domestique;Tandjile;Kolon;Kouma;Kouma;Gougourna;*AIGW*231183;Oui;4;F;Betem;Oui- Attaché avec une chaîne et deux cadenas;Non;Non;21/08/2024;21/08/2024;Non;9.222262;16.326467
2024;Aout;21/08/2024;236;Chien Domestique;MKE;Guene;Kolong;Kolong 1;Lacka;*AIGW*240499;non;2;M;Police;Non-_Lanimal_nest_pas_attache;Non;Non;09/08/2024;09/08/2024;Oui;9.943908;15.691223
2024;Aout;22/08/2024;237;Chat Domestique;Tandjile;Kolon;Gringa;Ambassa 2;Pas de Quartier;*AIGW*231184;non;2;F;Miss 1;Oui- Attaché avec une chaîne et deux cadenas;Oui;Non;03/08/2024;03/08/2024;Non;9.537647;15.975313
2024;Aout;22/08/2024;238;Chien Domestique;MC;Kyabe;Djobada;Kemanga;Glouhou 1;*AIGW*231290;non;4;F;Hamane;Non-_Lanimal_nest_pas_attache;Non;Oui;22/08/2024;22/08/2024;Non;9.148319;18.869324
2024;Aout;24/08/2024;239;Chien Domestique;MC;Kyabe;Ngondei;Ngondei Centre;Pas de Quartier;*AIGW*231288;non;8;F;Ndjimori;Non-_Lanimal_nest_pas_attache;Non;Non;07/08/2024;07/08/2024;Oui;9.152858;19.310155
2024;Aout;24/08/2024;240;Chat Domestique;Tandjile;Bere;Tamio;Djengdra 1;Pas de Quartier;*AIGW*231181;non;1;M;Batou;Non-_Lanimal_nest_pas_attache;Non;Non;07/08/2024;07/08/2024;Oui;9.218924;16.328801
2024;Aout;24/08/2024;241;Chat Domestique;Tandjile;Lai;Gabri-ngolo;Dombala;Pas de Quartier;*AIGW*231179;non;2;F;Kaka;Non-_Lanimal_nest_pas_attache;Non;Non;05/08/2024;05/08/2024;Oui;9.315889;16.331356
2024;Aout;25/08/2024;242;Chat Domestique;MC;Sarh;Kokaga;Ndoumabe;Pas de Quartier;*AIGW*240331;non;5;F;Mariam;Non-_Lanimal_nest_pas_attache;Non;Non;11/08/2024;12/08/2024;Oui;9.298674;18.266598
2024;Aout;27/08/2024;243;Chat Domestique;MKE;Gam;Langaye;Tchenepoul;Tchenepoul;*AIGW*230453;Oui;4;M;Miss ;Oui- Attaché avec une chaîne et deux cadenas;Non;Oui;27/08/2024;28/08/2024;Non;9.943908;15.691223
2024;Aout;31/08/2024;244;Chien Domestique;MC;Sarh;Kamati-Maroc;Kamati;Kamati 34;*AIGW*230704;non;3;F;Patience;Oui- Attaché avec une chaîne et deux cadenas;Oui;Non;29/08/2024;30/08/2024;Oui;9.12578;18.376998
2024;Septembre;01/09/2024;245;Chien Domestique;MKE;Guelendeng;Guelendeng 2;Moulfong 1;Moulfong 1;*AIGW*240415;Oui;3;M;Ver de Guinée ;Oui- Mais pas avec une chaîne et deux cadenas;Non;Oui;27/08/2024;27/08/2024;Non;10.826521;15.515216
2024;Septembre;02/09/2024;246;Chien Domestique;CB;Bailli;Bailli 2;Ngonbeti;Pas de Quartier;*AIGW*240241;Oui;8;F;Patience;Oui- Attaché avec une chaîne et deux cadenas;Non;Oui;02/09/2024;02/09/2024;Non;10.501326;16.549779
2024;Septembre;03/09/2024;247;Chien Domestique;MKE;Guelendeng;Guelendeng 1;Guelendeng;Kasko;*AIGW*240420;non;2;F;Champion;Non-_Lanimal_nest_pas_attache;Non;Non;28/08/2024;28/08/2024;Oui;10.911741;15.542089
2024;Septembre;04/09/2024;248;Chat Domestique;MC;Kyabe;Kyabe;Kyabe;Beya;*AIGW*231292;non;4;M;Miss;Non-_Lanimal_nest_pas_attache;Non;Non;02/09/2024;04/09/2024;Oui;9.454369;18.949019
2024;Septembre;10/09/2024;249;Chien Domestique;LOC;Benoye;Tchaouen;Mbayam;Mbayam 2;*AIGW*240497;non;2;M;Donang-Aïguem;Non-_Lanimal_nest_pas_attache;Non;Non;12/08/2024;12/08/2024;Oui;9.177073;16.393512
2024;Septembre;10/09/2024;250;Chat Domestique;MC;Sarh;Kassai;Kassai;Kassai 25;*AIGW*240316;non;2;M;Mariam;Non-_Lanimal_nest_pas_attache;Non;Oui;05/09/2024;05/09/2024;Non;9.135362;18.395951
2024;Septembre;11/09/2024;251;Chien Domestique;MKE;Bongor;Djarwaye;Djarwaye;Noulou;*AIGW*240482;non;2;F;Kanbongoisou;Non-_Lanimal_nest_pas_attache;Non;Non;05/09/2024;05/09/2024;Oui;10.911741;15.542089
2024;Septembre;11/09/2024;252;Chien Domestique;MKE;Gam;Silia;Silia;Danfong;*AIGW*230455;Oui;2;F;La vie ;Oui- Attaché avec une chaîne et deux cadenas;Non;Non;09/09/2024;09/09/2024;Non;10.911741;15.542089
2024;Septembre;11/09/2024;253;Chien Domestique;Tandjile;Bere;Bendele;Bani;Bani 2;*AIGW*230231;Oui;1;M;Compagnon;Oui- Attaché avec une chaîne et deux cadenas;Non;Oui;11/09/2024;11/09/2024;Non;9.315889;16.331356
2024;Septembre;13/09/2024;254;Chat Domestique;MDL;Bedaya;Reni;Reni;Reni;*AIGW*240376;non;4;M;Mariam;Non-_Lanimal_nest_pas_attache;Non;Non;11/09/2024;11/09/2024;Oui;9.16392;18.119416
2024;Septembre;14/09/2024;255;Chien Domestique;LOGONE ORIENTAL;Doba;Bedogo;Bedogo;Carre C;*AIGW*231171;Oui;2;M;Courage;Oui- Attaché avec une chaîne et deux cadenas;Non;Non;08/09/2024;09/09/2024;Oui;8.669492;16.852835
2024;Septembre;15/09/2024;256;Chien Domestique;MC;Sarh;Kokaga;Dibatime;Pas de Quartier;*AIGW*240386;non;1;F;YAM;Oui- Attaché avec une chaîne et deux cadenas;Oui;Non;27/08/2024;27/08/2024;Oui;9.326672;18.224472
2024;Septembre;16/09/2024;257;Chien Domestique;MKE;Guene;Yamlhoka;Yamlhoka 1;Pitna 1;*AIGW*240491;non;3;F;Samedi;Oui- Attaché avec une chaîne et deux cadenas;Oui;Oui;12/09/2024;12/09/2024;Non;9.87198;15.604326
2024;Septembre;16/09/2024;258;Chien Domestique;CB;Mandelia;Koundoul;Koundoul-Madrassa;Pas de Quartier;*AIGW*240032;Oui;2;F;Lassi;Oui- Attaché avec une chaîne et deux cadenas;Non;Oui;15/09/2024;16/09/2024;Non;11.973631;15.15825
2024;Septembre;17/09/2024;259;Chien Domestique;NDJ;9e Arrondissement;Walia Est;Walia Barriere;Carre 17;*AIGW*240091;Oui;1;F;Shalom;Oui- Attaché avec une chaîne et deux cadenas;Non;Oui;14/09/2024;17/09/2024;Non;12.010144;15.14413
2024;Septembre;17/09/2024;260;Chat Domestique;Tandjile;Lai;Lai;Taba 1;carre 2;*AIGW*231173;non;3;M;Miss ;Non-_Lanimal_nest_pas_attache;Non;Non;06/09/2024;06/09/2024;Oui;9.395963;16.297688
2024;Septembre;20/09/2024;261;Chat Domestique;MC;Sarh;Banda;Mallah;Mallah Centre;*AIGW*240157;non;3;F;Miss;Non-_Lanimal_nest_pas_attache;Non;Non;16/09/2024;16/09/2024;Oui;9.000694;18.497402
2024;Septembre;20/09/2024;262;Chat Domestique;MC;Sarh;Badara;Ndokoro;Ndokoro Centre;*AIGW*240377;non;4;M;Mariam;Non-_Lanimal_nest_pas_attache;Non;Non;09/09/2024;09/09/2024;Oui;9.16838;18.468581
2024;Septembre;23/09/2024;263;Chien Domestique;CB;Mandelia;Gambarou;Camp Sara Bord;Camp Sara Bord 1;*AIGW*240023;non;1;F;Adolio;Oui- Attaché avec une chaîne et deux cadenas;Oui;Non;11/09/2024;11/09/2024;Oui;11.227042;15.38644
2024;Septembre;23/09/2024;264;Chien Domestique;Tandjile;Bere;Bere public;Bere;Bere-bolo;*AIGW*231165;Oui;1;F;Temda;Oui- Attaché avec une chaîne et deux cadenas;Non;Oui;22/09/2024;23/09/2024;Non;9.324431;16.148713
2024;Septembre;25/09/2024;265;Chat Domestique;MKE;Biliam-Oursi;Magao;Migou;Golo;*AIGW*231121;Oui;3;F;Tchere;Oui- Attaché avec une chaîne et deux cadenas;Non;Oui;25/09/2024;25/09/2024;Non;10.701129;15.384946
2024;Septembre;25/09/2024;266;Chien Domestique;MC;Korbol;Niellim;Koin;Pas de Quartier;*AIGW*230637;non;2;F;CHIFFOUKALLI;Non-_Lanimal_nest_pas_attache;Non;Non;21/09/2024;21/09/2024;Oui;9.464548;18.072486
2024;Septembre;26/09/2024;267;Chien Domestique;Guera;Mangalme;Idbo;Karkagne;Pas de Quartier;*AIGW*220083;Oui;4;F;Fondore;Oui- Attaché avec une chaîne et deux cadenas;Oui;Non;23/09/2024;26/09/2024;Oui;11.713811;19.173633
2024;Septembre;27/09/2024;268;Chien Domestique;CB;Mandelia;Gambarou;Mabaye;Pas de Quartier;*AIGW*230973;non;5;M;Djafate;Non-_Lanimal_nest_pas_attache;Non;Non;23/09/2024;23/09/2024;Non;11.319246;15.400288
2024;Octobre;01/10/2024;269;Chat Domestique;Tandjile;Lai;Lai;Noungou;carre 5;*AIGW*231174;non;3;F;Miss ;Non-_Lanimal_nest_pas_attache;Non;Non;19/09/2024;19/09/2024;Oui;9.404683;16.305776
2024;Octobre;05/10/2024;270;Chien Domestique;NDJ;9e Arrondissement;Ngonba Marba;Ngonba Sara;Carre 14;*AIGW*240078;Oui;8;M;Dog ;Oui- Attaché avec une chaîne et deux cadenas;Non;Non;04/10/2024;04/10/2024;Oui;12.010144;15.14413
2024;Octobre;05/10/2024;271;Chien Domestique;MC;Sarh;Kokaga;Dibassia;Dibassia Centre;*AIGW*240378;non;2;F;Singam;Non-_Lanimal_nest_pas_attache;Non;Non;04/10/2024;05/10/2024;Oui;9.352188;18.213422
2024;Octobre;06/10/2024;272;Chien Domestique;MC;Sarh;Banda;Boromada 1;Boromada centre;*AIGW*240158;Oui;> 10;M;Takimaïkolo;Oui- Attaché avec une chaîne et deux cadenas;Oui;Oui;05/10/2024;07/10/2024;Non;8.958786;18.466398
2024;Octobre;15/10/2024;273;Chien Domestique;Tandjile;Bere;Tamio;Toudjon 1;Pas de Quartier;*AIGW*230173;non;3;F;Lavie;Non-_Lanimal_nest_pas_attache;Non;Oui;10/10/2024;11/10/2024;Non;9.190822;16.274207
2024;Octobre;16/10/2024;274;Chien Domestique;MC;Korbol;Niellim;Koin;Pas de Quartier;*AIGW*230629;non;6-11 mois;F;DRAGON;Non-_Lanimal_nest_pas_attache;Non;Non;06/10/2024;06/10/2024;Oui;9.464548;18.072486
2024;Octobre;23/10/2024;275;Chien Domestique;SLM;Haraze;Daha;Djangara;Pas de Quartier;*AIGW*231047;non;2;F;Nondo;Oui- Attaché avec une chaîne et deux cadenas;Oui;Non;10/10/2024;10/10/2024;Oui;9.151248;20.153458
2024;Novembre;01/11/2024;276;Chien Domestique;MKE;Moulkou;Moulkou;Moulkou;Sara;*AIGW*231131;non;4;F;Avance;Non-_Lanimal_nest_pas_attache;Non;Oui;27/10/2024;01/11/2024;Non;10.538598;15.574831
2024;Novembre;01/11/2024;277;Chien Domestique;Tandjile;Bere;Bere public;Bere;Bere-mission1;*AIGW*230177;Oui;1;F;Yaguyata;Oui- Attaché avec une chaîne et deux cadenas;Oui;Oui;25/10/2024;01/11/2024;Non;9.190822;16.274207
2024;Novembre;05/11/2024;278;Chien Domestique;MC;Danamadji;Maimana;Ferme village;Pas de Quartier;*AIGW*240324;Oui;2;M;Djaikari;Oui- Attaché avec une chaîne et deux cadenas;Non;Oui;05/11/2024;05/11/2024;Non;8.934838;18.577192
2024;Novembre;07/11/2024;279;Chien Domestique;MC;Sarh;Banda;Boromada 1;Boromada centre;*AIGW*240387;Oui;1;F;Adré;Oui- Attaché avec une chaîne et deux cadenas;Non;Non;04/11/2024;05/11/2024;Oui;8.958786;18.466398
2024;Novembre;28/11/2024;280;Chien Domestique;CB;Bailli;Bailli 1;Mandjala;Pas de Quartier;*AIGW*240249;Oui;6-11 mois;F;Supporté;Oui- Attaché avec une chaîne et deux cadenas;Oui;Non;24/11/2024;24/11/2024;Oui;10.554525;16.390476
2024;Décembre;12/12/2024;281;Chien Domestique;SLM;Haraze;Massambagne;Kombol;Pas de Quartier;*AIGW*231045;Oui;3;M;Bache;Non- L'animal n'est pas attaché;Non;Oui;09/12/2024;15/12/2024;Non;9.445088;20.90438
2024;Décembre;28/12/2024;282;Chien Domestique;MC;Sarh;Badara;Badara;Dallah Biri;*AIGW*240379;non;2;M;KORE;Non- L'animal n'est pas attaché;Non;Non;20/12/2024;20/12/2024;Oui;9.163321;18.422637
2023;Janvier;17/01/2023;2;Chien Domestique;MC;Danamadji;Bambara;Dankolo;Myabolo;*AIGW*220038;non;2;M;Monice;Non-_Lanimal_nest_pas_attache;Non;Non;08/12/2022;08/12/2022;Oui;9.06467;18.756188
2023;Janvier;18/01/2023;3;Chien Domestique;Tandjile;Bere;Tamio;Tchakobdra 2;Pas de Quartier;*AIGW*220058;non;3;M;Na-Halgo;Non-_Lanimal_nest_pas_attache;Non;Oui;29/12/2022;29/12/2022;Non;9.06467;18.756188
2023;Janvier;19/01/2023;4;Chien Domestique;MC;Danamadji;Bambara;Dankolo;Myabolo;*AIGW*220008;non;1;M;Djakobi;Oui- Attaché avec une chaîne et deux cadenas;Non;Oui;18/01/2023;18/01/2023;Non;9.184937;16.275609
2023;Janvier;20/01/2023;5;Chien Domestique;MC;Danamadji;Bambara;Dankolo;Myabolo;*AIGW*220032;non;1;M;Ndikassa;Non-_Lanimal_nest_pas_attache;Non;Non;12/01/2023;12/01/2023;Oui;9.06467;18.756188
2023;Janvier;23/01/2023;6;Chien Domestique;MKE;Guelendeng;Nanguigoto;Gole Nanguigoto;Pas de Quartier;*AIGW*230100;non;1;F;Ngambayendjil;Non-_Lanimal_nest_pas_attache;Non;Non;12/01/2023;12/01/2023;Oui;9.06467;18.756188
2023;Janvier;23/01/2023;7;Chien Domestique;MC;Sarh;Banda;Mallah;Ndinaba;78961040;non;4;M;Doulbarid;Non-_Lanimal_nest_pas_attache;Non;Non;20/01/2023;20/01/2023;Oui;9.06467;18.756188
2023;Janvier;26/01/2023;8;Chien Domestique;Tandjile;Bere;Tamio;Toudjon 1;Pas de Quartier;*AIGW*220054;non;3;F;Supporter;Non-_Lanimal_nest_pas_attache;Non;Oui;20/01/2023;20/01/2023;Non;8.932859;18.479831
2023;Février;13/02/2023;9;Chien Domestique;MKE;Guelendeng;Largana;Kelengue;Pas de Quartier;*AIGW*230098;non;> 10;M;Solution;Oui- Attaché avec une chaîne et deux cadenas;Non;Non;20/01/2023;22/01/2023;Oui;9.188972;16.274364
2023;Février;13/02/2023;10;Chien Domestique;MC;Danamadji;Maimana;Maimana;Maimana Centre;807289224;non;2;F;Kemba;Oui- Attaché avec une chaîne et deux cadenas;Oui;Oui;13/02/2023;13/02/2023;Non;9.06467;18.756188
2023;Février;17/02/2023;11;Chien Domestique;MC;Kyabe;Massa Kaba;Goho;Pas de Quartier;773171767;non;3;F;supporté;Non-_Lanimal_nest_pas_attache;Non;Non;13/02/2023;13/02/2023;Oui;9.06467;18.756188
2023;Février;18/02/2023;12;Chien Domestique;MC;Sarh;Banda;Mallah;Ndinaba;77189530;non;2;M;Ndjaha ognon;Non-_Lanimal_nest_pas_attache;Non;Non;04/02/2023;04/02/2023;Oui;9.379089;18.821924
2023;Février;20/02/2023;13;Chien Domestique;MC;Danamadji;Maimana;Maimana;Djomegue;*AIGW*230854;non;2;M;Souffrance;Non-_Lanimal_nest_pas_attache;Non;Oui;17/02/2023;18/02/2023;Non;8.932859;18.479831
2023;Février;22/02/2023;14;Chien Domestique;MKE;Fianga;Yamlhoka;Yamlhoka 4;Bagaou 1;*AIGW*230451;non;1;F;Supporter;Oui- Attaché avec une chaîne et deux cadenas;Oui;Oui;20/02/2023;20/02/2023;Non;9.188972;16.274364
2023;Février;22/02/2023;15;Chien Domestique;CB;Bousso;Mbaranga;Gaba;Pas de Quartier;*AIGW*230402;non;1;M;Guewzelengué;Oui- Attaché avec une chaîne et deux cadenas;Non;Oui;22/02/2023;22/02/2023;Non;10.554525;16.390476
2023;Février;24/02/2023;16;Chien Domestique;MKE;Bongor;Nahaina;Nahaina;Douanbe;*AIGW*230524;non;4;M;Garde;Non-_Lanimal_nest_pas_attache;Non;Non;13/02/2023;13/02/2023;Oui;10.596528;16.982904
2023;Mars;02/03/2023;17;Chien Domestique;MKE;Fianga;Kolong;Kolong;Kolong 1;*AIGW*230529;non;7;F;Miskine;Non-_Lanimal_nest_pas_attache;Non;Non;21/02/2023;21/02/2023;Oui;10.083288;15.551996
2023;Mars;03/03/2023;18;Chien Domestique;MKE;Fianga;Kolong;Kolong;Kolong 1;*AIGW*230531;non;1;M;Yimanguigué;Oui- Attaché avec une chaîne et deux cadenas;Non;Oui;02/03/2023;02/03/2023;Non;10.083288;15.551996
2023;Mars;03/03/2023;19;Chien Domestique;MKE;Fianga;Kolong;Kolong;Kolong 1;*AIGW*230518;non;1;F;Lac-Tchad;Oui- Attaché avec une chaîne et deux cadenas;Non;Oui;03/03/2023;03/03/2023;Non;10.083288;15.551996
2023;Mars;03/03/2023;20;Chien Domestique;MKE;Bongor;Djarwaye;Zigui;Tchokoraye 1;*AIGW*230519;non;2;M;Fagarseme;Oui- Attaché avec une chaîne et deux cadenas;Non;Oui;02/03/2023;02/03/2023;Non;10.083288;15.551996
2023;Mars;03/03/2023;21;Chien Domestique;MC;Sarh;Maibo;Gongo 2;Camp 21;*AIGW*230877;non;3;F;Nga-mouvounagou;Non-_Lanimal_nest_pas_attache;Non;Non;02/03/2023;02/03/2023;Oui;8.932859;18.479831
2023;Mars;03/03/2023;22;Chien Domestique;CB;Bailli;Mourai Sara;Mourai Sara;Pas de Quartier;*AIGW*230380;non;1;M;Patience ;Oui- Attaché avec une chaîne et deux cadenas;Oui;Oui;03/03/2023;03/03/2023;Non;8.965709;18.540097
2023;Mars;06/03/2023;23;Chien Domestique;CB;Bailli;Kelengue;Goudoum Goudoum;Pecheur;*AIGW*230393;non;2;M;Gobi;Non-_Lanimal_nest_pas_attache;Non;Non;13/02/2023;13/02/2023;Oui;10.627393;16.356784
2023;Mars;07/03/2023;24;Chien Domestique;Tandjile;Bere;Tamio;Guelkeb;Pas de Quartier;*AIGW*220056;non;1;F;Gobi;Non-_Lanimal_nest_pas_attache;Non;Non;03/03/2023;03/03/2023;Oui;10.651155;16.309472
2023;Mars;09/03/2023;25;Chat Domestique;CB;Massenya;Onoko;Mecontie;Pas de Quartier;*AIGW*230036;non;2;M;OMADJIBA;Non-_Lanimal_nest_pas_attache;Non;Non;05/03/2023;06/03/2023;Oui;9.241284;16.34086
2023;Mars;09/03/2023;26;Chien Domestique;MC;Biobe;Mayo 1;Kikoye;Pas de Quartier;481395067;non;1;M;Batou;Non-_Lanimal_nest_pas_attache;Non;Non;01/03/2023;01/03/2023;Oui;10.917651;15.594627
2023;Mars;09/03/2023;27;Chien Domestique;MC;Biobe;Mayo 1;Kikoye;Pas de Quartier;364956110;non;1;M;Mabo;Non-_Lanimal_nest_pas_attache;Non;Non;08/03/2023;08/03/2023;Oui;10.917651;15.594627
2023;Mars;09/03/2023;28;Chien Domestique;MKE;Bongor;Nahaina;Hirliyana;Guile 2;*AIGW*230522;non;1;M;Assinga;Non-_Lanimal_nest_pas_attache;Non;Non;17/02/2023;17/02/2023;Oui;10.083288;15.551996
2023;Mars;10/03/2023;29;Chien Domestique;MKE;Bongor;Djarwaye;Djarwaye;Golom 2;*AIGW*230527;non;4;M;Nagoutarigué;Oui- Attaché avec une chaîne et deux cadenas;Non;Non;18/02/2023;18/03/2023;Oui;10.083288;15.551996
2023;Mars;10/03/2023;30;Chien Domestique;MKE;Bongor;Nahaina;Nahaina;Maidenga2;*AIGW*230598;non;1;F;Hyène;Non-_Lanimal_nest_pas_attache;Non;Non;07/03/2023;07/03/2023;Oui;10.083288;15.551996
2023;Mars;13/03/2023;31;Chien Domestique;MKE;Bongor;Nahaina;Nahaina 2;Back;*AIGW*230600;non;5;M;Djivitchangou;Non-_Lanimal_nest_pas_attache;Non;Non;07/03/2023;07/03/2023;Oui;10.083288;15.551996
2023;Mars;13/03/2023;32;Chien Domestique;MKE;Bongor;Nahaina;Nahaina;Hakna;*AIGW*230540;non;1;F;Zlatsawassou;Non-_Lanimal_nest_pas_attache;Non;Non;12/03/2023;13/03/2023;Oui;10.083288;15.551996
2023;Mars;16/03/2023;33;Chien Domestique;MKE;Bongor;Ham;Guelende 3;Bidim;*AIGW*230528;non;3;M;Allafi;Non-_Lanimal_nest_pas_attache;Non;Non;03/03/2023;03/02/2023;Oui;10.083288;15.551996
2023;Mars;16/03/2023;34;Chien Domestique;MKE;Bongor;Nahaina;Hirliyana;Guile 2;*AIGW*230593;non;2;F;Supporté;Oui- Attaché avec une chaîne et deux cadenas;Non;Non;13/03/2023;13/03/2023;Oui;10.083288;15.551996
2023;Mars;16/03/2023;35;Chien Domestique;CB;Massenya;Onoko;Abachere;Pas de Quartier;*AIGW*230026;non;4;M;Danvounandamaïssou;Oui- Attaché avec une chaîne et deux cadenas;Non;Non;10/03/2023;10/03/2023;Oui;9.241284;16.34086
2023;Mars;17/03/2023;36;Chien Domestique;MKE;Fianga;Yamlhoka;Yamlhoka1;Pitna;*AIGW*230584;non;1;M;Daloule;Oui- Attaché avec une chaîne et deux cadenas;Oui;Oui;16/03/2023;16/03/2023;Non;10.930412;15.556856
2023;Mars;18/03/2023;37;Chien Domestique;MKE;Fianga;Kolong;Kolong;3;*AIGW*230585;non;1;F;Ngaripetsou;Oui- Attaché avec une chaîne et deux cadenas;Non;Non;10/03/2023;11/03/2023;Non;10.930412;15.556856
2023;Mars;18/03/2023;38;Chien Domestique;MKE;Bongor;Bougaïré;Bisdandi;Pas de quartier;*AIGW*230591;non;3;M;Gadafi;Oui- Attaché avec une chaîne et deux cadenas;Non;Non;10/03/2023;10/03/2023;Oui;10.930412;15.556856
2023;Mars;19/03/2023;39;Chien Domestique;MKE;Bongor;Djarwaye;Djarwaye;Golom 1;*AIGW*230532;non;3;F;Nguelgueda;Oui- Attaché avec une chaîne et deux cadenas;Non;Non;18/03/2023;18/03/2023;Non;10.930412;15.556856
2023;Mars;19/03/2023;40;Chat Domestique;MKE;Bongor;Ham;Abena;Golo;*AIGW*230530;non;1;M;Ver de Guinée;Oui- Attaché avec une chaîne et deux cadenas;Non;Oui;19/03/2023;19/03/2023;Non;10.930412;15.556856
2023;Mars;20/03/2023;41;Chien Domestique;MKE;Fianga;Kolong;Kolong;Hackna;*AIGW*230586;non;10;F;Falmata;Non-_Lanimal_nest_pas_attache;Non;Non;14/03/2023;14/03/2023;Oui;10.930412;15.556856
2023;Mars;20/03/2023;42;Chien Domestique;MKE;Fianga;Kolong;Kolong;Mounkang;*AIGW*230573;non;2;M;Paul Biya;Oui- Attaché avec une chaîne et deux cadenas;Non;Non;02/03/2023;02/03/2023;Oui;10.930412;15.556856
2023;Mars;22/03/2023;43;Chien Domestique;MKE;Bongor;Djarwaye;Zigui;Guilik;*AIGW*230521;non;2;M;Balboute;Oui- Attaché avec une chaîne et deux cadenas;Non;Non;17/03/2023;17/03/2023;Oui;10.930412;15.556856
2023;Mars;23/03/2023;44;Chien Domestique;MKE;Guelendeng;Bere;Lobobo;Pas de Quartier;*AIGW*230065;non;3;F;Nagadavongsou;Non-_Lanimal_nest_pas_attache;Non;Non;21/03/2023;21/03/2023;Non;10.930412;15.556856
2023;Mars;23/03/2023;45;Chien Domestique;MKE;Bongor;Balampouta;Petit Tougoude;Haina;*AIGW*230502;non;1;M;Mersya;Non-_Lanimal_nest_pas_attache;Non;Non;18/03/2023;18/03/2023;Oui;10.787132;15.794794
2023;Mars;23/03/2023;46;Chien Domestique;MKE;Fianga;Kolong;Kolong;Lacka;*AIGW*230581;non;1;M;Gardien;Oui- Attaché avec une chaîne et deux cadenas;Non;Non;20/03/2023;20/03/2023;Oui;10.168057;15.480281
2023;Mars;23/03/2023;47;Chien Domestique;MKE;Bongor;Balampouta;Daba zero;Saini;*AIGW*230562;non;2;M;Sabour;Oui- Attaché avec une chaîne et deux cadenas;Non;Non;21/03/2023;22/03/2023;Oui;10.168057;15.480281
2023;Mars;24/03/2023;48;Chien Domestique;CB;Bousso;Kiao;Gassaou/Ndjourou;Pas de Quartier;*AIGW*230422;non;2;M;Brazzaville;Non-_Lanimal_nest_pas_attache;Non;Non;22/03/2023;22/03/2023;Oui;9.241284;16.34086
2023;Mars;24/03/2023;49;Chien Domestique;MKE;Fianga;Kolong;Kolong;Hackna;*AIGW*230579;non;4;F;Nangadine;Oui- Attaché avec une chaîne et deux cadenas;Non;Non;18/03/2023;19/03/2023;Oui;10.647329;16.387148
2023;Mars;27/03/2023;50;Chien Domestique;MC;Biobe;Mayo 1;Kidjokadji;Bele;505920000;non;2;M;Guébilwara;Oui- Attaché avec une chaîne et deux cadenas;Non;Non;02/03/2023;02/03/2023;Oui;10.917651;15.594627
2023;Mars;28/03/2023;51;Chien Domestique;MKE;Bongor;Nahaina;Nahaina;Hakna;*AIGW*230533;non;1;M;Hemer;Oui- Attaché avec une chaîne et deux cadenas;Non;Non;13/03/2023;14/03/2023;Non;10.647329;16.387148
2023;Mars;29/03/2023;52;Chien Domestique;MKE;Fianga;Kolong;Kolong;Lacka;*AIGW*230569;non;2;F;Ndjamena ;Non-_Lanimal_nest_pas_attache;Non;Non;25/03/2023;25/03/2023;Oui;10.083288;15.551996
2023;Mars;29/03/2023;53;Chien Domestique;MKE;Fianga;Kolong;Kolong;Lacka;*AIGW*230571;non;2;M;Doute;Non-_Lanimal_nest_pas_attache;Non;Non;26/03/2023;27/03/2023;Oui;10.083288;15.551996
2023;Mars;30/03/2023;54;Chien Domestique;MKE;Fianga;Kolong;Kolong;Lacka;*AIGW*230583;non;2;M;Police;Oui- Attaché avec une chaîne et deux cadenas;Non;Non;02/03/2023;02/03/2023;Oui;10.083288;15.551996
2023;Mars;30/03/2023;55;Chien Domestique;MKE;Bongor;Balampouta;Balampouta;Hlekke;*AIGW*230575;non;2;M;Police;Non-_Lanimal_nest_pas_attache;Non;Non;28/03/2023;29/03/2023;Oui;10.083288;15.551996
2023;Mars;31/03/2023;56;Chien Domestique;MKE;Bongor;Nahaina;Nahaina;Maidenga 1;*AIGW*230526;non;3;M;Gadafi;Oui- Attaché avec une chaîne et deux cadenas;Non;Non;27/03/2023;27/03/2023;Oui;10.154324;15.495416
2023;Avril;03/04/2023;57;Chien Domestique;CB;Bailli;Kelengue;Goudoum Goudoum;Pecheur;*AIGW*230310;non;3;F;Meda;Non-_Lanimal_nest_pas_attache;Non;Non;25/03/2023;26/03/2023;Oui;10.083288;15.551996
2023;Avril;03/04/2023;58;Chien Domestique;MKE;Guelendeng;Sanang;Sanang;Massa;*AIGW*230082;non;1;F;Guederamadji;Non-_Lanimal_nest_pas_attache;Non;Non;28/03/2023;28/03/2023;Oui;10.651155;16.309472
2023;Avril;04/04/2023;59;Chien Domestique;MKE;Fianga;Yamlhoka;Ngamdi;Centre;*AIGW*230559;non;1;M;Doute;Oui- Attaché avec une chaîne et deux cadenas;Non;Non;14/03/2023;14/03/2023;Oui;10.73253;15.533971
2023;Avril;04/04/2023;60;Chien Domestique;MKE;Fianga;Yamlhoka;Yamlhoka 2;Lacka;*AIGW*230568;non;1;M;Police;Oui- Attaché avec une chaîne et deux cadenas;Non;Non;31/03/2023;01/04/2023;Oui;10.73253;15.533971
2023;Avril;05/04/2023;61;Chien Domestique;MKE;Bongor;Nahaina;Nahaina;Diyakka;*AIGW*230557;non;1;M;Lion;Non-_Lanimal_nest_pas_attache;Non;Non;01/04/2023;02/04/2023;Oui;10.73253;15.533971
2023;Avril;05/04/2023;62;Chien Domestique;MKE;Bongor;Balampouta;Petit Tougoude;Crena;*AIGW*230510;non;3;M;Brigade;Non-_Lanimal_nest_pas_attache;Non;Non;02/04/2023;02/04/2023;Oui;10.083288;15.551996
2023;Avril;08/04/2023;63;Chien Domestique;CB;Bousso;Mbaranga;Mitcher;Pas de Quartier;*AIGW*230404;non;2;F;Ngiraipetsou ;Non-_Lanimal_nest_pas_attache;Non;Non;05/04/2023;05/04/2023;Oui;10.168057;15.480281
2023;Avril;08/04/2023;64;Chien Domestique;MKE;Bongor;Ham;Ham centre;Paudy;*AIGW*230545;non;1;M;Ramadjatoli;Non-_Lanimal_nest_pas_attache;Non;Non;06/04/2023;06/04/2023;Oui;10.464816;17.230017
2023;Avril;11/04/2023;65;Chien Domestique;MKE;Bongor;Nahaina;Nahaina;Maidenga 3;*AIGW*230542;non;1;F;Lissinada;Non-_Lanimal_nest_pas_attache;Non;Non;03/04/2023;03/04/2023;Oui;10.464816;17.230017
2023;Avril;11/04/2023;66;Chien Domestique;MC;Sarh;Kokaga;Ngangoli Tounia;Ngangoli Tounia Centre;*AIGW*230857;non;2;M;Olvang;Non-_Lanimal_nest_pas_attache;Non;Non;08/04/2023;09/04/2023;Oui;10.083288;15.551996
2023;Avril;12/04/2023;67;Chien Domestique;MKE;Guelendeng;Sanang;Witi-Witi Centre;Pas de Quartier;*AIGW*230080;non;2;M;Mayallah;Non-_Lanimal_nest_pas_attache;Non;Non;06/04/2023;06/04/2023;Oui;9.394056;18.167376
2023;Avril;12/04/2023;68;Chien Domestique;MKE;Bongor;Nahaina;Nahaina;Maidenga3;*AIGW*230544;non;3;M;Arabna;Oui- Attaché avec une chaîne et deux cadenas;Non;Oui;07/04/2023;07/04/2023;Non;10.823646;15.539434
2023;Avril;12/04/2023;69;Chien Domestique;MKE;Bongor;Nahaina;Nahaina;Maidenga 1;*AIGW*230554;non;2;M;Sénégal;Non-_Lanimal_nest_pas_attache;Non;Non;08/04/2023;08/04/2023;Oui;10.083288;15.551996
2023;Avril;12/04/2023;70;Chien Domestique;MC;Kyabe;Marabe;Marabodokouya 1;Marabodokouya 1 Centre;*AIGW*220009 ;non;4;F;Mélo;Non-_Lanimal_nest_pas_attache;Non;Non;09/04/2023;12/04/2023;Oui;10.083288;15.551996
2023;Avril;12/04/2023;71;Chien Domestique;MKE;Bongor;Nahaina;Nahaina;Hakna;*AIGW*230558;non;1;M;Donanglede;Oui- Attaché avec une chaîne et deux cadenas;Oui;Oui;10/04/2023;12/04/2023;Non;10.083288;15.551996
2023;Avril;12/04/2023;72;Chien Domestique;MKE;Bongor;Kolobo;Kolobo;Kobaye 1;*AIGW*230563;non;2;M;Bongor Sillé;Non-_Lanimal_nest_pas_attache;Non;Non;07/04/2023;07/04/2023;Oui;10.083288;15.551996
2023;Avril;14/04/2023;73;Chien Domestique;MC;Danamadji;Maimana;Godila 1;Godila 1 Centre;*AIGW*230888;non;2;F;Madame;Oui- Attaché avec une chaîne et deux cadenas;Non;Non;12/04/2023;12/04/2023;Oui;10.083288;15.551996
2023;Avril;14/04/2023;74;Chien Domestique;CB;Bailli;Kelengue;Goudoum Goudoum;Centre;*AIGW*230386;non;2;M;Raïkaré;Non-_Lanimal_nest_pas_attache;Non;Non;13/04/2023;13/04/2023;Oui;8.882152;18.567846
2023;Avril;14/04/2023;75;Chien Domestique;CB;Massenya;Onoko;Mecontie;Pas de Quartier;*AIGW*230019;non;2;M;Garde;Non-_Lanimal_nest_pas_attache;Non;Non;14/04/2023;14/04/2023;Oui;10.651155;16.309472
2023;Avril;14/04/2023;76;Chien Domestique;MC;Kyabe;Marabe;Ndjaha 1;Pas de Quartier;2,11E+11;non;4;M;Nan-argoh;Non-_Lanimal_nest_pas_attache;Non;Non;07/04/2023;07/04/2023;Oui;10.917651;15.594627
2023;Avril;17/04/2023;77;Chien Domestique;CB;Bailli;Kelengue;Goudoum Goudoum;Pecheur;*AIGW*230384;non;3;M;Bohïmane;Oui- Attaché avec une chaîne et deux cadenas;Non;Non;08/04/2023;09/04/2023;Oui;10.651155;16.309472
2023;Avril;17/04/2023;78;Chien Domestique;MKE;Bongor;Djarwaye;Zigui;Guilik;*AIGW*230546;non;2;F;Gobi;Non-_Lanimal_nest_pas_attache;Non;Non;14/04/2023;14/04/2023;Oui;10.651155;16.309472
2023;Avril;18/04/2023;79;Chien Domestique;MC;Danamadji;Maimana;Doubadana;Doubadana 1;*AIGW*230886;non;1;F;Lhadazina;Non-_Lanimal_nest_pas_attache;Non;Non;17/04/2023;17/04/2023;Oui;10.917651;15.594627
2023;Avril;18/04/2023;80;Chien Domestique;CB;Bailli;Bogomoro;Banglama Massa;Pas de Quartier;*AIGW*230025;non;1;F;Haïgunenante;Oui- Mais pas avec une chaîne et deux cadenas;Non;Non;17/04/2023;18/04/2023;Non;10.651155;16.309472
2023;Avril;18/04/2023;81;Chien Domestique;MKE;Guelendeng;Bere;Gomgara;Pas de Quartier;*AIGW*230057;non;4;M;Politique;Non-_Lanimal_nest_pas_attache;Non;Non;11/04/2023;11/04/2023;Oui;10.796125;15.910809
2023;Avril;18/04/2023;82;Chien Domestique;MKE;Bongor;Nahaina;Nahaina;Gaibrang3;*AIGW*230536;non;1;M;Elkas;Oui- Attaché avec une chaîne et deux cadenas;Non;Non;13/04/2023;12/04/2023;Oui;10.779359;15.854415
2023;Avril;18/04/2023;83;Chat Domestique;MC;Sarh;Kokaga;Helibongo;Helibongo Centre;*AIGW*230858;non;2;F;Djobonvounang;Non-_Lanimal_nest_pas_attache;Non;Non;16/04/2023;16/04/2023;Oui;10.083288;15.551996
2023;Avril;19/04/2023;84;Chien Domestique;CB;Massenya;Onoko;Mecontie;Pas de Quartier;*AIGW*230011;non;2;F;Miss;Oui- Attaché avec une chaîne et deux cadenas;Oui;Non;14/04/2023;14/04/2023;Non;10.651155;16.309472
2023;Avril;19/04/2023;85;Chien Domestique;MC;Sarh;Kokaga;Nangnda 1;Pas de Quartier;*AIGW*220011;non;4;M;Sentinelle;Non-_Lanimal_nest_pas_attache;Non;Non;12/04/2023;12/04/2023;Oui;10.917651;15.594627
2023;Avril;20/04/2023;86;Chien Domestique;CB;Massenya;Onoko;Mecontie;Pas de Quartier;*AIGW*230017;non;1;M;Koumitingue;Non-_Lanimal_nest_pas_attache;Non;Non;14/04/2023;19/04/2023;Non;9.247004;18.316276
2023;Avril;21/04/2023;87;Chien Domestique;MKE;Bongor;Djarwaye;Djarwaye;Moussa;*AIGW*230548;non;2;F;Police;Non-_Lanimal_nest_pas_attache;Non;Non;07/04/2023;07/04/2023;Oui;10.917651;15.594627
2023;Avril;22/04/2023;88;Chien Domestique;MC;Kyabe;Kyabe;Kyabe;Beya;*AIGW*230816;non;1;M;Corps d'armée;Non-_Lanimal_nest_pas_attache;Non;Non;21/04/2023;21/04/2023;Oui;10.917651;15.594627
2023;Avril;22/04/2023;89;Chien Domestique;MKE;Bongor;Nahaina;Nahaina;Gaibrang4;*AIGW*230538;non;2;F;Darnas;Non-_Lanimal_nest_pas_attache;Non;Non;16/04/2023;21/04/2023;Oui;10.917651;15.594627
2023;Avril;23/04/2023;90;Chien Domestique;MC;Kyabe;Marabe;Marabe 2;Bagob;352112350;non;2;M;Poukvounangou;Non-_Lanimal_nest_pas_attache;Non;Non;13/04/2023;13/04/2023;Oui;10.083288;15.551996
2023;Avril;23/04/2023;91;Chien Domestique;MC;Kyabe;Marabe;Kamanga 2;Carre;*AIGW*230811;non;5;F;Hakema;Non-_Lanimal_nest_pas_attache;Non;Non;09/03/2023;09/03/2023;Oui;9.239357;18.677938
2023;Avril;24/04/2023;92;Chat Domestique;MKE;Guelendeng;Guelendeng 1;Medegue;Medegue Mousgoum;*AIGW*230046;non;5;F;HALODJOMNA;Non-_Lanimal_nest_pas_attache;Non;Non;14/03/2023;14/03/2023;Oui;10.917651;15.594627
2023;Avril;25/04/2023;93;Chien Domestique;MC;Kyabe;Marabe;Marabe 2;Bagob;365739634;non;1;F;Abamakalkal;Non-_Lanimal_nest_pas_attache;Non;Non;19/04/2023;19/04/2023;Oui;9.239357;18.677938
2023;Avril;25/04/2023;94;Chien Domestique;CB;Massenya;Onoko;Mecontie;Pas de Quartier;*AIGW*230005;non;3;M;CONTRE;Non-_Lanimal_nest_pas_attache;Non;Non;24/04/2023;24/04/2023;Oui;9.239357;18.677938
2023;Avril;26/04/2023;95;Chien Domestique;CB;Massenya;Onoko;Mecontie;Pas de Quartier;*AIGW*230007;non;1;M;Sabour;Non-_Lanimal_nest_pas_attache;Non;Non;19/04/2023;19/04/2023;Oui;10.917651;15.594627
2023;Avril;26/04/2023;96;Chien Domestique;MC;Sarh;Maingara;Maingara 2;Maingara 2;*AIGW*230874;non;2;F;Douane;Non-_Lanimal_nest_pas_attache;Non;Non;19/04/2023;19/04/2023;Oui;10.917651;15.594627
2023;Avril;27/04/2023;97;Chien Domestique;CB;Massenya;Onoko;Mecontie;Pas de Quartier;*AIGW*230009;non;2;M;Quit a dit;Oui- Attaché avec une chaîne et deux cadenas;Oui;Oui;26/04/2023;26/04/2023;Non;10.917651;15.594627
2023;Avril;28/04/2023;98;Chat Domestique;MC;Kyabe;Marabe;Dangala Kanya;Kibita;*AIGW*230809;non;1;F;Dissibada;Oui- Attaché avec une chaîne et deux cadenas;Oui;Oui;27/04/2023;27/04/2023;Non;10.917651;15.594627
2023;Avril;30/04/2023;99;Chat Domestique;CB;Bailli ;Bogomoro;Bogomoro;Gabri 2 Quartier;13640345;non;2;M;Batou;Non-_Lanimal_nest_pas_attache;Non;Non;20/04/2023;20/04/2023;Oui;9.170931;18.654916
2023;Mai;02/05/2023;100;Chien Domestique;MC;Danamadji;Maimana;Maimana;Maimana Centre;*AIGW*230791;non;3;M;Mariam;Oui- Attaché avec une chaîne et deux cadenas;Oui;Oui;25/04/2023;25/04/2023;Non;10.917651;15.594627
2023;Mai;02/05/2023;101;Chien Domestique;MC;Kyabe;Massa Kaba;Bolokirengue;Pas de Quartier;*AIGW*230801;non;2;F;Bedjoman;Non-_Lanimal_nest_pas_attache;Non;Non;02/05/2023;02/05/2023;Oui;10.917651;15.594627
2023;Mai;02/05/2023;102;Chien Domestique;MC;Danamadji;Moussafoyo;Paris Sakoula;Pas de Quartier;*AIGW*230889;non;2;M;Gassala;Oui- Attaché avec une chaîne et deux cadenas;Non;Oui;29/04/2023;29/04/2023;Non;9.341599;18.831676
2023;Mai;05/05/2023;103;Chien Domestique;CB;Bousso;Bousso;Bousso;Coton-Tchad 2;*AIGW*230420;non;2;M;Naguerdjé;Non-_Lanimal_nest_pas_attache;Non;Non;26/04/2023;26/04/2023;Oui;8.762975;18.691069
2023;Mai;05/05/2023;104;Chien Domestique;CB;Bailli;Kelengue;Goudoum Goudoum;Eglise;*AIGW*230382;non;2;F;Ndoléba ;Non-_Lanimal_nest_pas_attache;Non;Non;03/05/2023;04/05/2023;Oui;8.762975;18.691069
2023;Mai;05/05/2023;105;Chien Domestique;CB;Mandelia;Koundoul;Koundoul Toupouri;Pas de Quartier;*AIGW*230935;non;2;M;Nahargo;Non-_Lanimal_nest_pas_attache;Non;Non;04/05/2023;04/05/2023;Oui;10.651155;16.309472
2023;Mai;06/05/2023;106;Chien Domestique;MC;Biobe;Mayo 1;Sokore;Centre;*AIGW*220039;non;2;F;Loulou;Oui- Attaché avec une chaîne et deux cadenas;Non;Non;30/04/2023;30/04/2023;Oui;9.341599;18.831676
2023;Mai;07/05/2023;107;Chien Domestique;MKE;Moulkou;Moulkou;Gama-Massa;Harangaya 1;*AIGW*231113;non;1;M;Suivre;Oui- Attaché avec une chaîne et deux cadenas;Non;Non;05/05/2023;06/05/2023;Non;9.647919;19.309922
2023;Mai;07/05/2023;108;Chien Domestique;MC;Sarh;Badara;Ndokoro;Djodogo Centre;*AIGW*230787;non;1;M;Afrique;Oui- Attaché avec une chaîne et deux cadenas;Non;Oui;07/05/2023;07/05/2023;Non;9.341599;18.831676
2023;Mai;08/05/2023;109;Chien Domestique;MC;Biobe;Mayo 2;Wadjika;Pas de Quartier;*AIGW*230850;non;4;F;Monoko;Non-_Lanimal_nest_pas_attache;Non;Non;13/04/2023;13/04/2023;Oui;9.341599;18.831676
2023;Mai;08/05/2023;110;Chien Domestique;CB;Massenya;Onoko;Mecontie;Pas de Quartier;*AIGW*230003;non;1;M;Abekhaï;Oui- Attaché avec une chaîne et deux cadenas;Oui;Non;05/04/2023;05/04/2023;Non;9.619208;19.624348
2023;Mai;08/05/2023;111;Chien Domestique;CB;Massenya;Onoko;Mecontie;Pas de Quartier;*AIGW*230138;non;6;F;Keleyba;Non-_Lanimal_nest_pas_attache;Non;Non;08/05/2023;08/05/2023;Oui;10.917651;15.594627
2023;Mai;08/05/2023;112;Chien Domestique;CB;Massenya;Onoko;Mecontie;Pas de Quartier;*AIGW*230135;non;2;M;Tchad;Non-_Lanimal_nest_pas_attache;Non;Non;26/04/2023;26/04/2023;Oui;10.917651;15.594627
2023;Mai;09/05/2023;113;Chat Domestique;MC;Biobe;Mayo 2;Wadjika;Pas de Quartier;*AIGW*220033;non;1;M;Tout-passe;Non-_Lanimal_nest_pas_attache;Non;Non;02/05/2023;02/05/2023;Oui;10.917651;15.594627
2023;Mai;10/05/2023;114;Chien Domestique;MKE;Guelendeng;Sanang;Biguinao;Revé;*AIGW*231150;non;3;M;Batou;Non-_Lanimal_nest_pas_attache;Non;Non;16/02/2023;16/02/2023;Oui;9.619208;19.624348
2023;Mai;11/05/2023;115;Chien Domestique;MC;Sarh;Kemata;Tanda;Tanda Carre;*AIGW*230864;non;5;M;Police;Oui- Attaché avec une chaîne et deux cadenas;Non;Oui;28/04/2023;28/04/2023;Non;10.719747;15.494404
2023;Mai;11/05/2023;116;Chien Domestique;MC;Kyabe;Djobada;Taguimbi;Centre;*AIGW*230805;non;2;M;Mechant;Oui- Attaché avec une chaîne et deux cadenas;Non;Non;20/04/2023;26/04/2023;Non;9.211354;18.412168
2023;Mai;11/05/2023;117;Chien Domestique;MC;Biobe;Mayo 2;Kimandako;Pas de Quartier;*AIGW*220029;non;2;M;Djoyôh;Non-_Lanimal_nest_pas_attache;Non;Non;30/04/2023;30/04/2023;Oui;9.211354;18.412168
2023;Mai;11/05/2023;118;Chien Domestique;MKE;Guelendeng;Guelendeng 1;Medegue;Medegue Mousgoum;*AIGW*230048;non;1;F;Mingué;Non-_Lanimal_nest_pas_attache;Non;Non;21/03/2023;21/03/2023;Oui;9.547307;19.45415
2023;Mai;12/05/2023;119;Chien Domestique;CB;Massenya;Onoko;Boundjoul;Pas de Quartier;*AIGW*230134;non;2;M;Abiate;Non-_Lanimal_nest_pas_attache;Non;Non;10/05/2023;11/05/2023;Oui;10.917651;15.594627
2023;Mai;12/05/2023;120;Chien Domestique;MC;Kyabe;Marabe;Marakouya 1;Goulabanda;*AIGW*230807;non;2;F;Douane;Non-_Lanimal_nest_pas_attache;Non;Non;25/04/2023;25/04/2023;Oui;10.892202;15.678482
2023;Mai;12/05/2023;121;Chien Domestique;MC;Sarh;Kokaga;Helibongo;Helibongo Centre;*AIGW*230794;non;2;M;Lomando;Non-_Lanimal_nest_pas_attache;Non;Non;25/03/2023;25/03/2023;Oui;10.892202;15.678482
2023;Mai;12/05/2023;122;Chien Domestique;MKE;Guelendeng;Guelendeng 1;Medegue;Medegue Mousgoum;*AIGW*231141;non;4;M;Jalousie;Non-_Lanimal_nest_pas_attache;Non;Non;08/05/2023;08/05/2023;Oui;9.547307;19.45415
2023;Mai;13/05/2023;123;Chat Domestique;MKE;Bongor;Ham;Ham centre;Waidy;*AIGW*230547;non;2;M;Ablinkaye;Non-_Lanimal_nest_pas_attache;Non;Non;12/05/2023;12/05/2023;Oui;9.547307;19.45415
2023;Mai;15/05/2023;124;Chien Domestique;MKE;Bongor;Bongor Sieke;Daba;Kourou;*AIGW*230556;non;2;F;Miss Tcher;Non-_Lanimal_nest_pas_attache;Non;Non;08/05/2023;08/05/2023;Oui;9.547307;19.45415
2023;Mai;15/05/2023;125;Chat Domestique;CB;Bailli;Bailli 1;Bailli 1;Ngueli;*AIGW*230395;non;3;M;France;Oui- Attaché avec une chaîne et deux cadenas;Non;Oui;15/05/2023;15/05/2023;Non;10.917651;15.594627
2023;Mai;16/05/2023;126;Chien Domestique;CB;Bailli;Mourai Sara;Bere Bere;Pas de Quartier;*AIGW*230397;non;2;F;Mariam;Non-_Lanimal_nest_pas_attache;Non;Non;15/05/2023;15/05/2023;Oui;10.503621;16.435358
2023;Mai;16/05/2023;127;Chien Domestique;CB;Bailli;Kelengue;Goudoum Goudoum;Montagne;*AIGW*230358;non;2;M;Laseydoumou;Non-_Lanimal_nest_pas_attache;Non;Non;12/05/2023;12/05/2023;Oui;10.64227;16.327908
2023;Mai;16/05/2023;128;Chien Domestique;CB;Mandelia;Koundoul;Koundoul-Madrassa;Pas de Quartier;*AIGW*230929;non;1;F;Ngargue;Non- L'animal n'est pas attaché;Oui;Oui;15/05/2023;15/05/2023;Non;10.651155;16.309472
2023;Mai;16/05/2023;129;Chien Domestique;MC;Danamadji;Maimana;Maimana;Maimana Centre;*AIGW*230792;non;1;M;Toutpasse;Oui- Attaché avec une chaîne et deux cadenas;Non;Non;05/05/2023;05/05/2023;Oui;10.892202;15.678482
2023;Mai;16/05/2023;130;Chien Domestique;MKE;Fianga;Yamlhoka ;YAMLHOKA 4;Yamlhoka 4;*AIGW*230512;non;8;F;Aïkame;Non-_Lanimal_nest_pas_attache;Non;Non;05/04/2023;06/04/2023;Oui;9.547307;19.45415
2023;Mai;17/05/2023;131;Chien Domestique;MC;Sarh;Kokaga;Nangnda 1;Pas de Quartier;*AIGW*230785;non;2;F;Mandafanoua;Non-_Lanimal_nest_pas_attache;Non;Non;13/05/2023;13/05/2023;Oui;10.892202;15.678482
2023;Mai;17/05/2023;132;Chien Domestique;MKE;Guelendeng;Nanguigoto;Digangali;Pas de Quartier;*AIGW*230066;non;3;M;Atokari;Oui- Attaché avec une chaîne et deux cadenas;Oui;Oui;17/05/2023;17/05/2023;Non;9.247004;18.316276
2023;Mai;17/05/2023;133;Chien Domestique;MC;Biobe;Mayo 2;Garambou;Pas de Quartier;*AIGW*230834;non;3;F;Doutte;Non-_Lanimal_nest_pas_attache;Non;Non;17/05/2023;17/05/2023;Oui;10.892202;15.678482
2023;Mai;17/05/2023;134;Chien Domestique;MC;Kyabe;Marabe;Bodobo 2;Hille-Mongo;*AIGW*230814;non;3;M;Supporter;Non-_Lanimal_nest_pas_attache;Non;Non;10/12/2022;10/12/2019;Oui;9.609159;19.598688
2023;Mai;17/05/2023;135;Chien Domestique;MKE;Bongor;Djarwaye;Djarwaye;Dorbol 1;*AIGW*230553;non;2;F;Petard;Non- L'animal n'est pas attaché;Oui;Non;16/05/2023;17/05/2023;Non;9.233605;18.53232
2023;Mai;17/05/2023;136;Chien Domestique;CB;Massenya;Onoko;Mecontie;Pas de Quartier;*AIGW*230136;non;2;M;Gouverneur;Non-_Lanimal_nest_pas_attache;Non;Non;27/04/2023;27/04/2023;Oui;10.651155;16.309472
2023;Mai;18/05/2023;137;Chien Domestique;CB;Massenya;Onoko;Abachere;Pas de Quartier;*AIGW*230022;non;6;F;Tout passe;Non-_Lanimal_nest_pas_attache;Non;Non;29/04/2023;29/04/2023;Oui;10.917651;15.594627
2023;Mai;18/05/2023;138;Chien Domestique;CB;Bailli;Bailli 2;Ngara Padja Orbe (Goulaye);Pas de Quartier;*AIGW*230303;non;4;F;Patience;Non-_Lanimal_nest_pas_attache;Non;Non;15/05/2023;15/05/2023;Oui;10.930412;15.556856
2023;Mai;19/05/2023;139;Chien Domestique;MC;Sarh;Banda Quartier;Badi;Carré 4;*AIGW*230783;non;1;F;Samafou;Non-_Lanimal_nest_pas_attache;Non;Non;27/04/2023;27/04/2023;Oui;10.458548;16.501588
2023;Mai;19/05/2023;140;Chien Domestique;MKE;Guelendeng;Nanguigoto;Diguini;Diguini Massa;*AIGW*230068;non;7;F;RB;Oui- Attaché avec une chaîne et deux cadenas;Oui;Non;19/05/2023;19/05/2023;Non;9.233605;18.53232
2023;Mai;19/05/2023;141;Chien Domestique;MC;Biobe;Mayo 1;Gatabolo;Pas de Quartier;*AIGW*230832;non;2;M;Belemari;Non-_Lanimal_nest_pas_attache;Non;Non;13/04/2023;13/04/2023;Oui;10.458548;16.501588
2023;Mai;20/05/2023;142;Chien Domestique;MKE;Moulkou;Soudio;Tabranga;Djomgo;*AIGW*231126;non;2;F;Djouwane;Non-_Lanimal_nest_pas_attache;Non;Non;28/03/2023;28/03/2023;Oui;9.233605;18.53232
2023;Mai;20/05/2023;143;Chien Domestique;CB;Bailli;Kelengue;Goudoum Goudoum;Eglise;*AIGW*230374;non;2;M;Djamous;Oui- Attaché avec une chaîne et deux cadenas;Oui;Oui;20/05/2023;20/05/2023;Non;10.497114;15.740898
2023;Mai;20/05/2023;144;Chien Domestique;MKE;Bongor;Bongor Sieke;Daba;Kourou;*AIGW*230539;non;7;F;GOBI;Non-_Lanimal_nest_pas_attache;Non;Non;15/05/2023;15/05/2023;Oui;10.651155;16.309472
2023;Mai;20/05/2023;145;Chien Domestique;MC;Korbol;Korbol;Walia Korbol;Pas de Quartier;*AIGW*230641;non;2;M;Djodahayangou;Oui- Attaché avec une chaîne et deux cadenas;Non;Oui;15/05/2023;15/05/2023;Non;10.458548;16.501588
2023;Mai;21/05/2023;146;Chien Domestique;MKE;Bongor;Balampouta;Petit Tougoude;Haina;*AIGW*230508;non;3;M;Aguibé;Oui- Attaché avec une chaîne et deux cadenas;Non;Non;14/05/2023;15/05/2023;Oui;10.123192;17.563082
2023;Mai;22/05/2023;147;Chien Domestique;CB;Bailli ;Daradja;Kaba Foulbe;Kaba Foulbe 1;*AIGW*230146;non;2;F;Dansabiguida ;Non-_Lanimal_nest_pas_attache;Non;Non;20/05/2023;20/05/2023;Oui;10.168057;15.480281
2023;Mai;22/05/2023;148;Chien Domestique;MKE;Guelendeng;Largana;Gomba;Pas de Quartier;*AIGW*230056;non;2;M;Samba-ide;Non- L'animal n'est pas attaché;Oui;Oui;22/05/2023;22/05/2023;Non;10.693935;16.296842
2023;Mai;23/05/2023;149;Chat Domestique;MKE;Moulkou;Al-Afia;Bahawaliassou;Sassou;*AIGW*231123;non;4;M;Dragon;Non-_Lanimal_nest_pas_attache;Non;Non;19/05/2023;19/05/2023;Oui;10.745459;16.049426
2023;Mai;24/05/2023;150;Chien Domestique;MC;Danamadji;Maimana;Doubadana;Doubadana Centre;*AIGW*230799;non;1;M;Bobdet;Oui- Attaché avec une chaîne et deux cadenas;Non;Non;15/05/2023;15/05/2023;Oui;10.661511;15.527164
2023;Mai;25/05/2023;151;Chien Domestique;MKE;Guelendeng;Nanguigoto;Digangali;Pas de Quartier;*AIGW*230053;non;2;F;Possita;Oui- Attaché avec une chaîne et deux cadenas;Non;Non;21/05/2023;23/05/2023;Oui;10.745459;16.049426
2023;Mai;27/05/2023;152;Chien Domestique;MC;Sarh;Kemata;Bebita;Pas de Quartier;*AIGW*230839;non;2;F;Massikedem;Non-_Lanimal_nest_pas_attache;Non;Non;04/05/2023;04/05/2023;Oui;10.661511;15.527164
2023;Mai;28/05/2023;153;Chien Domestique;MC;Kyabe;Massa Kaba;Massa Kaba;Pas de Quartier;*AIGW*230803;non;2;F;Hohaïman;Non-_Lanimal_nest_pas_attache;Non;Non;22/05/2023;22/05/2023;Oui;9.202039;18.554868
2023;Mai;29/05/2023;154;Chien Domestique;MC;Danamadji;Maimana;Maimana;Maimana Centre;*AIGW*230784;non;1;M;Mori;Non-_Lanimal_nest_pas_attache;Non;Non;25/05/2023;25/05/2023;Oui;9.4134;18.829501
2023;Mai;29/05/2023;155;Chien Domestique;MC;Danamadji;Maimana;Maimana;Maimana Centre;*AIGW*230786;non;1;F;Supporter;Non-_Lanimal_nest_pas_attache;Non;Non;20/05/2023;20/05/2023;Oui;9.4134;18.829501
2023;Mai;29/05/2023;156;Chien Domestique;MKE;Bongor;Djoumane;Tougoun3;pas de quartier;*AIGW*230561;non;1;M;Gobi;Non-_Lanimal_nest_pas_attache;Non;Non;06/04/2023;06/04/2023;Oui;10.745459;16.049426
2023;Mai;30/05/2023;157;Chien Domestique;CB;Bailli;Mourai Sara;Bere Bere;Pas de Quartier;*AIGW*230399;non;3;M;Lion;Oui- Attaché avec une chaîne et deux cadenas;Non;Non;27/05/2023;29/05/2023;Non;10.168057;15.480281
2023;Mai;30/05/2023;158;Chien Domestique;MC;Sarh;Maibo;Kotbiri;Pas de Quartier;*AIGW*230891;non;3;M;Lion;Non-_Lanimal_nest_pas_attache;Non;Non;29/05/2023;29/05/2023;Oui;10.64227;16.327908
2023;Mai;30/05/2023;159;Chien Domestique;MKE;Guelendeng;Bere;Lobobo;Pas de Quartier;*AIGW*230054;non;2;F;Lion;Non-_Lanimal_nest_pas_attache;Non;Non;23/05/2023;24/05/2023;Oui;8.99113;18.505535
2023;Mai;31/05/2023;160;Chien Domestique;MC;Biobe;Mayo 1;Gatabolo;Pas de Quartier;*AIGW*220001;non;3;M;Sangaka;Non-_Lanimal_nest_pas_attache;Non;Non;27/05/2023;27/05/2023;Oui;10.787132;15.794794
2023;Juin;03/06/2023;161;Chien Domestique;MKE;Guelendeng;Largana;Kelengue;Pas de Quartier;*AIGW*230067;non;5;M;Hemer;Non-_Lanimal_nest_pas_attache;Non;Non;22/05/2023;22/05/2023;Oui;8.99113;18.505535
2023;Juin;04/06/2023;162;Chat Domestique;MKE;Bongor;Ham;Vabolo;Pas de Quartier;*AIGW*230525;non;3;M;Tadyo;Non-_Lanimal_nest_pas_attache;Non;Non;01/06/2023;01/06/2023;Oui;8.99113;18.505535
2023;Juin;04/06/2023;163;Chien Domestique;MC;Biobe;Mayo 1;Gatabolo;Pas de Quartier;*AIGW*230841;non;3;F;Aissatou;Oui- Attaché avec une chaîne et deux cadenas;Non;Non;02/06/2023;02/06/2023;Oui;10.002996;15.693248
2023;Juin;06/06/2023;164;Chien Domestique;MKE;Guelendeng;Guelendeng 3;Midjoue;Pas de Quartier;*AIGW*230058;non;1;M;Gasrou;Non-_Lanimal_nest_pas_attache;Non;Non;05/05/2023;05/05/2023;Oui;8.99113;18.505535
2023;Juin;06/06/2023;165;Chien Domestique;CB;Massenya;Onoko;Odmelie;Pas de Quartier;*AIGW*230144;non;1;M;Douane;Non-_Lanimal_nest_pas_attache;Non;Non;01/06/2023;01/06/2023;Oui;10.905887;15.588685
2023;Juin;07/06/2023;166;Chien Domestique;MC;Danamadji;Maimana;Doubadana;Doubadana Centre;*AIGW*230800;non;2;F;Tarmadjal;Oui- Attaché avec une chaîne et deux cadenas;Non;Non;01/06/2023;01/06/2023;Oui;10.002996;15.693248
2023;Juin;08/06/2023;167;Chien Domestique;CB;Bailli;Mourai Sara;Samem;Pas de Quartier;*AIGW*230332;non;4;M;Gobi;Oui- Attaché avec une chaîne et deux cadenas;Non;Non;05/06/2023;06/06/2023;Oui;10.905887;15.588685
2023;Juin;09/06/2023;168;Chien Domestique;MKE;Guelendeng;Mogrom;Morgague;Mourgague Eglise;1,70E+11;non;5;M;Homme;Non-_Lanimal_nest_pas_attache;Non;Non;05/06/2023;05/06/2023;Oui;10.63651;16.339733
2023;Juin;09/06/2023;169;Chien Domestique;MC;Danamadji;Maimana;Maimana;Maimana Centre;*AIGW*230795;non;4;F;COVID-19;Non-_Lanimal_nest_pas_attache;Non;Non;03/05/2023;03/05/2023;Oui;11.036409;15.433195
2023;Juin;09/06/2023;170;Chien Domestique;MC;Kyabe;Massa Kaba;Goho;Pas de Quartier;358016567;non;2;F;Supporté;Non-_Lanimal_nest_pas_attache;Non;Non;17/05/2023;17/05/2023;Oui;11.036409;15.433195
2023;Juin;09/06/2023;171;Chien Domestique;CB;Bailli;Kelengue;Goudoum Goudoum;Centre;*AIGW*230387;non;5;M;Gassirou;Non-_Lanimal_nest_pas_attache;Non;Non;20/05/2023;20/05/2023;Oui;9.379089;18.821924
2023;Juin;10/06/2023;172;Chien Domestique;CB;Massenya;Onoko;Mecontie;Pas de Quartier;*AIGW*230137;non;1;F;Mayamiré;Non-_Lanimal_nest_pas_attache;Non;Non;01/06/2023;01/06/2023;Oui;10.651155;16.309472
2023;Juin;10/06/2023;173;Chien Domestique;CB;Massenya;Onoko;Mecontie;Pas de Quartier;*AIGW*230141;non;2;M;Police;Non-_Lanimal_nest_pas_attache;Non;Non;28/04/2023;28/04/2023;Oui;10.917651;15.594627
2023;Juin;10/06/2023;174;Chien Domestique;MKE;Fianga;Yamlhoka ;YAMLHOKA 4;Yamlhoka 4;*AIGW*230489;non;2;F;Patience;Non-_Lanimal_nest_pas_attache;Non;Non;27/04/2023;27/04/2023;Oui;10.917651;15.594627
2023;Juin;10/06/2023;175;Chien Domestique;MKE;Guelendeng;Guelendeng 1;Medegue;Medegue Mousgoum;*AIGW*231139;non;1;M;Soukégué;Non-_Lanimal_nest_pas_attache;Non;Non;08/06/2023;08/06/2023;Oui;10.917651;15.594627
2023;Juin;11/06/2023;176;Chien Domestique;MDL;Bedaya;Mayo;Nomboh;Pas de Quartier;*AIGW*230644;non;4;F;Laoulobonda;Non-_Lanimal_nest_pas_attache;Non;Non;25/06/2023;08/06/2023;Oui;9.16392;18.119416
2023;Juin;12/06/2023;177;Chien Domestique;MC;Sarh;Begou;Gardolet;Gardolet;*AIGW*230879;non;2;F;Dimbal;Oui- Attaché avec une chaîne et deux cadenas;Non;Oui;10/06/2023;11/06/2023;Non;11.036409;15.433195
2023;Juin;12/06/2023;178;Chien Domestique;MC;Danamadji;Maimana;Maimana;Maimana Centre;*AIGW*230797;non;3;M;Ibrahim;Oui- Attaché avec une chaîne et deux cadenas;Non;Oui;09/06/2023;12/06/2023;Non;11.036409;15.433195
2023;Juin;12/06/2023;179;Chien Domestique;MC;Danamadji;Maimana;Doubadana;Doubadana Centre;*AIGW*230798;non;1;F;Tout passe;Non-_Lanimal_nest_pas_attache;Non;Non;02/05/2023;02/05/2023;Oui;11.036409;15.433195
2023;Juin;13/06/2023;180;Chien Domestique;MKE;Guelendeng;Guelendeng 3;Boudanassa Bao;Pas de Quartier;*AIGW*230060;non;9;M;Melegonante ;Oui- Attaché avec une chaîne et deux cadenas;Non;Oui;10/06/2023;12/06/2023;Non;10.917651;15.594627
2023;Juin;14/06/2023;181;Chat Domestique;MKE;Guelendeng;Sanang;Djourdané;Djourdané Massa;*AIGW*231148;non;1;M;Tonangmaodou;Non-_Lanimal_nest_pas_attache;Non;Non;07/06/2023;07/06/2023;Oui;10.86977;15.666506
2023;Juin;14/06/2023;182;Chien Domestique;MC;Danamadji;Bambara;Tarangara;Tarakoh;*AIGW*220002;non;3;M;Badoumna;Oui- Attaché avec une chaîne et deux cadenas;Non;Non;13/06/2023;13/06/2023;Oui;10.693291;15.535888
2023;Juin;14/06/2023;183;Chien Domestique;MKE;Fianga;Kolong;Kolong;Mbarandona1;*AIGW*230473;non;1;F;Djindjibé;Oui- Attaché avec une chaîne et deux cadenas;Oui;Oui;14/06/2023;14/06/2023;Non;9.060325;18.678351
2023;Juin;14/06/2023;184;Chien Domestique;MC;Sarh;Banda;Kemrimbe;Kemrimbe 2;*AIGW*230890;non;3;M;Deilangassou;Non-_Lanimal_nest_pas_attache;Non;Non;14/06/2023;14/06/2023;Oui;10.693291;15.535888
2023;Juin;15/06/2023;185;Chien Domestique;MKE;Bongor;Nahaina;Nahaina;Hakna;*AIGW*230535;non;4;M;Djindjimbe;Non-_Lanimal_nest_pas_attache;Non;Non;08/06/2023;09/06/2023;Oui;9.021785;18.510446
2023;Juin;15/06/2023;186;Chien Domestique;MKE;Guelendeng;Nanguigoto;Digangali;Pas de Quartier;*AIGW*231103;non;3;M;Garde Corps;Non-_Lanimal_nest_pas_attache;Non;Non;07/06/2023;08/06/2023;Oui;10.083288;15.551996
2023;Juin;16/06/2023;187;Chien Domestique;MC;Danamadji;Maimana;Maimara;Pas de Quartier;*AIGW*230788;non;1;F;Noudjiouamal;Non-_Lanimal_nest_pas_attache;Non;Non;14/06/2023;15/06/2023;Non;10.693291;15.535888
2023;Juin;16/06/2023;188;Chien Domestique;CB;Massenya;Onoko;Gasse;Gasse Sara;*AIGW*230142;non;3;F;Malkaga;Oui- Attaché avec une chaîne et deux cadenas;Non;Non;08/05/2023;08/05/2023;Oui;8.923433;18.596845
2023;Juin;16/06/2023;189;Chat Domestique;CB;Bailli;Daradja;Masdjore Carcandji;Pas de Quartier;*AIGW*230147;non;1;M;Milamiri;Non-_Lanimal_nest_pas_attache;Non;Oui;08/06/2023;08/06/2023;Non;10.873322;15.704516
2023;Juin;17/06/2023;190;Chat Domestique;MKE;Moulkou;Moulkou;Laki;Porlokna;*AIGW*231120;non;3;F;Maram;Non-_Lanimal_nest_pas_attache;Non;Non;05/06/2023;05/06/2023;Oui;10.730851;16.218763
2023;Juin;17/06/2023;191;Chien Domestique;MKE;Bongor;Djoumane;Djoumane;Ferep;*AIGW*230592;non;3;M;Dja-fat;Non-_Lanimal_nest_pas_attache;Non;Oui;16/06/2023;17/06/2023;Non;10.525835;15.548435
2023;Juin;17/06/2023;192;Chien Domestique;CB;Bailli;Kelengue;Goudoum Goudoum;Eglise;*AIGW*230372;non;1;M;Tout passe;Non-_Lanimal_nest_pas_attache;Non;Non;15/06/2023;15/06/2023;Oui;10.873322;15.704516
2023;Juin;19/06/2023;193;Chien Domestique;MKE;Bongor;Balampouta;Daba zero;Saini;*AIGW*230565;non;1;M;Bradog;Non-_Lanimal_nest_pas_attache;Non;Non;16/06/2023;16/06/2023;Oui;10.651155;16.309472
2023;Juin;19/06/2023;194;Chien Domestique;MKE;Guelendeng;Largana;Largana;Pas de Quartier;*AIGW*231114;non;2;M;Marechal;Non-_Lanimal_nest_pas_attache;Non;Non;19/06/2023;19/06/2023;Oui;10.651155;16.309472
2023;Juin;19/06/2023;195;Chien Domestique;MC;Sarh;Kemdere;Mossiara;Mossiara Centre;1,24E+11;non;3;M;Kamtok;Oui- Attaché avec une chaîne et deux cadenas;Oui;Oui;24/05/2023;24/05/2023;Non;10.753827;16.028616
2023;Juin;19/06/2023;196;Chien Domestique;MKE;Bongor;Nahaina;Nahaina 2;Back;*AIGW*231104;non;4;F;Patience;Non-_Lanimal_nest_pas_attache;Non;Non;14/06/2023;14/06/2023;Oui;10.651155;16.309472
2023;Juin;20/06/2023;198;Chien Domestique;LOC;Benoye;Tchaouen;Douah;Ngeli;*AIGW*230300;non;2;F;Donang;Non-_Lanimal_nest_pas_attache;Non;Non;19/06/2023;19/06/2026;Non;10.174894;21.001325
2023;Juin;20/06/2023;199;Chien Domestique;LOC;Benoye;Tchaouen;Koutou Mbo;Madede;*AIGW*230291;non;1;M;Djakobi;Non-_Lanimal_nest_pas_attache;Non;Non;08/06/2023;07/06/2023;Oui;9.192778;16.384496
2023;Juin;21/06/2023;200;Chien Domestique;MKE;Bongor;Balampouta;Petit Tougoude;Bele;*AIGW*230513;non;1;F;Jacobi;Non-_Lanimal_nest_pas_attache;Non;Non;16/05/2023;15/05/2023;Oui;9.141749;16.39792
2023;Juin;21/06/2023;201;Chien Domestique;MKE;Bongor;Balampouta;Petit Tougoude;Habi;*AIGW*230534;non;2;F;Natigue;Non-_Lanimal_nest_pas_attache;Non;Non;19/06/2023;19/06/2023;Oui;10.168057;15.480281
2023;Juin;21/06/2023;202;Chien Domestique;MKE;Bongor;Balampouta;Daba zero;Saini;*AIGW*231142;non;2;F;Voiraidada;Non-_Lanimal_nest_pas_attache;Non;Non;16/06/2023;16/06/2023;Oui;10.168057;15.480281
2023;Juin;22/06/2023;203;Chien Domestique;MKE;Fianga;NGuelengou;NGuelengou;Mouna 1;*AIGW*230486;non;8;M;Brazzaville;Non-_Lanimal_nest_pas_attache;Non;Non;21/06/2023;21/06/2023;Oui;10.168057;15.480281
2023;Juin;22/06/2023;204;Chien Domestique;MKE;Bongor;Balampouta;Petit Tougoude;Bele;*AIGW*230511;non;2;M;Capitaine;Oui- Attaché avec une chaîne et deux cadenas;Non;Oui;22/06/2023;22/06/2023;Non;10.168057;15.480281
2023;Juin;23/06/2023;205;Chien Domestique;MKE;Guelendeng;Guelendeng 2;Guelendeng;Galang;*AIGW*231143;non;5;M;Lingamissadi;Non-_Lanimal_nest_pas_attache;Non;Non;16/06/2023;16/06/2023;Oui;10.168057;15.480281
2023;Juin;23/06/2023;206;Chien Domestique;MKE;Guelendeng;Nanguigoto;Diguini;Diguini Massa;*AIGW*231105;non;3;M;Garantie;Non-_Lanimal_nest_pas_attache;Non;Non;19/06/2023;19/06/2023;Oui;10.168057;15.480281
2023;Juin;24/06/2023;207;Chien Domestique;MC;Sarh;Maingara;Maingara 2;Maingara 11;*AIGW*230876;non;3;F;Bombé;Non-_Lanimal_nest_pas_attache;Non;Non;14/06/2023;15/06/2023;Oui;10.753827;16.028616
2023;Juin;24/06/2023;208;Chien Domestique;MKE;Guelendeng;Guelendeng 1;Garwaye;Garwaye Sara;*AIGW*230037;non;1;M;Ignorance;Oui- Attaché avec une chaîne et deux cadenas;Oui;Oui;24/06/2023;24/06/2023;Non;10.168057;15.480281
2023;Juin;26/06/2023;209;Chien Domestique;MC;Sarh;Kassai;Kassai;Kassai 10;*AIGW*230873;non;2;F;Garwaye;Non-_Lanimal_nest_pas_attache;Non;Non;10/06/2023;10/06/2023;Oui;10.932538;15.532376
2023;Juin;26/06/2023;210;Chat Domestique;MKE;Guelendeng;Largana;Mouskougou 1;Pas de Quartier;*AIGW*230071;non;8;F;Kaldé;Non-_Lanimal_nest_pas_attache;Non;Non;23/06/2023;23/06/2023;Oui;10.168057;15.480281
2023;Juin;26/06/2023;211;Chien Domestique;MKE;Guelendeng;Guelendeng 3;Kakale Gama;Pas de Quartier;*AIGW*230059;non;2;M;Masra;Non-_Lanimal_nest_pas_attache;Non;Non;24/06/2023;24/06/2023;Oui;10.168057;15.480281
2023;Juin;26/06/2023;212;Chien Domestique;MKE;Fianga;Kolong;Kolong;Hackna2;*AIGW*230594;non;1;F;Massa ocrabé;Oui- Attaché avec une chaîne et deux cadenas;Oui;Oui;26/06/2023;26/06/2023;Non;10.892273;15.61905
2023;Juin;26/06/2023;213;Chien Domestique;MC;Sarh;Kokaga;Dibatime;Pas de Quartier;*AIGW*230789;non;4;M;Jean Blindé;Non-_Lanimal_nest_pas_attache;Non;Non;15/06/2023;15/06/2023;Oui;10.932538;15.532376
2023;Juin;27/06/2023;214;Chien Domestique;CB;Bailli;Bailli 1;Bailli 1;Ndami;*AIGW*230307;non;2;M;Moyalbaye;Oui- Attaché avec une chaîne et deux cadenas;Non;Oui;25/06/2023;26/06/2023;Non;9.326367;18.224273
2023;Juin;27/06/2023;215;Chien Domestique;MKE;Moulkou;Magao;Goulmoune - Affata;Miyang;*AIGW*231116;non;3;M;Gobi;Non-_Lanimal_nest_pas_attache;Non;Non;26/06/2023;26/06/2023;Oui;10.503621;16.435358
2023;Juin;29/06/2023;216;Chien Domestique;CB;Mandelia;Bougoumene;Dangabo;Pas de Quartier;*AIGW*230989;non;6;F;Nailoutou ;Oui- Attaché avec une chaîne et deux cadenas;Non;Oui;27/06/2023;27/06/2023;Non;10.62722;15.472663
2023;Juin;29/06/2023;217;Chien Domestique;MKE;Bongor;Balampouta;Petit Tougoude;Bele;*AIGW*231101;non;3;M;Maréchal ;Non-_Lanimal_nest_pas_attache;Non;Non;22/05/2023;22/05/2023;Oui;10.503621;16.435358
2023;Juin;30/06/2023;218;Chien Domestique;CB;Bailli;Bailli 1;Ngara;Pas de Quartier;*AIGW*230305;non;2;M;Wangvokongdi ;Non-_Lanimal_nest_pas_attache;Non;Non;29/06/2023;29/06/2023;Oui;10.168057;15.480281
2023;Juin;30/06/2023;219;Chien Domestique;MC;Biobe;Mayo 2;Garambou;Pas de Quartier;*AIGW*230844;non;2;M;Gabri;Non-_Lanimal_nest_pas_attache;Non;Non;29/06/2023;29/06/2023;Oui;10.575544;16.374874
2023;Juin;30/06/2023;220;Chien Domestique;CB;Dourbali;Bougoumene Dourbali;Mouraye;Pas de Quartier;*AIGW*230903;non;2;M;Ndjandeguima;Non-_Lanimal_nest_pas_attache;Non;Non;11/05/2023;11/05/2023;Oui;9.609159;19.598688
2023;Juin;30/06/2023;221;Chien Domestique;NDJ;9e Arrondissement;Toukra;Dassa;Pas de Quartier;*AIGW*220092;non;3;M;Combat ;Oui- Attaché avec une chaîne et deux cadenas;Non;Non;28/06/2023;28/06/2023;Oui;12.010144;15.14413
2023;Juillet;02/07/2023;222;Chat Domestique;LOC;Benoye;Tchaouen;Guelsaou 1;Pas de Quartier;*AIGW*230293;non;1;M;Dragon ;Non-_Lanimal_nest_pas_attache;Non;Non;12/06/2023;12/06/2023;Oui;9.192778;16.384496
2023;Juillet;04/07/2023;223;Chien Domestique;MKE;Bongor;Balampouta;Petit Tougoude;Haina;*AIGW*231140;non;5;M;Messe;Non-_Lanimal_nest_pas_attache;Non;Non;15/05/2023;14/05/2023;Oui;9.192176;16.316922
2023;Juillet;05/07/2023;224;Chat Domestique;MC;Kyabe;Marabe;Bodobo 1;Centre;*AIGW*230837;non;2;F;Zamhouroumba;Non-_Lanimal_nest_pas_attache;Non;Non;04/07/2023;04/07/2023;Oui;10.168057;15.480281
2023;Juillet;05/07/2023;225;Chien Domestique;MC;Kyabe;Marabe;Kamanga 2;Boulkom;*AIGW*230813;non;1;M;Misse;Non-_Lanimal_nest_pas_attache;Non;Non;01/07/2023;02/07/2023;Oui;9.233801;18.533459
2023;Juillet;05/07/2023;226;Chien Domestique;CB;Bailli;Kelengue;Goudoum Goudoum Massa;Pas de Quartier;*AIGW*230370;non;1;M;Tambidjko;Non-_Lanimal_nest_pas_attache;Non;Non;01/07/2023;02/07/2023;Oui;9.609159;19.598688
2023;Juillet;06/07/2023;227;Chien Domestique;MKE;Guelendeng;Guelendeng 1;Medegue;Medegue Mousgoum;*AIGW*231146;non;1;M;Toutpasse;Non-_Lanimal_nest_pas_attache;Non;Non;08/06/2023;09/06/2023;Oui;10.663808;16.289913
2023;Juillet;07/07/2023;228;Chien Domestique;Tandjile;Lai;Gabri-ngolo;Toulo;Pas de Quartier;*AIGW*230192;non;> 10;F;Madame;Oui- Attaché avec une chaîne et deux cadenas;Oui;Non;06/07/2023;06/07/2023;Non;10.651155;16.309472
2023;Juillet;08/07/2023;229;Chien Domestique;MKE;Guelendeng;Bere;Lobobo;Pas de Quartier;*AIGW*231111;non;3;F;Doumpa;Oui- Attaché avec une chaîne et deux cadenas;Oui;Non;07/07/2023;07/07/2023;Non;9.306203;16.347513
2023;Juillet;09/07/2023;230;Chien Domestique;LOC;Benoye;Bourou Évangélique;Massede;Pas de Quartier;*AIGW*230289;non;2;M;Police;Non-_Lanimal_nest_pas_attache;Non;Non;10/06/2023;10/06/2023;Oui;10.787132;15.794794
2023;Juillet;10/07/2023;231;Chien Domestique;CB;Massenya;Onoko;Balagnere;Pas de Quartier;*AIGW*230107;non;1;F;Garde;Oui- Attaché avec une chaîne et deux cadenas;Non;Oui;05/07/2023;06/07/2023;Non;9.609159;19.598688
2023;Juillet;11/07/2023;232;Chat Domestique;MKE;Guelendeng;Guelendeng 1;Garwaye;Garwaye Moutou;*AIGW*230039;non;7;F;Suporté;Non-_Lanimal_nest_pas_attache;Non;Non;03/07/2023;03/07/2023;Oui;10.838806;15.738569
2023;Juillet;11/07/2023;233;Chien Domestique;MKE;Guelendeng;Guelendeng 3;Kakale Baguirmi;Pas de Quartier;*AIGW*230062;non;1;F;Miss;Non-_Lanimal_nest_pas_attache;Non;Non;08/07/2023;08/07/2023;Oui;10.932538;15.532376
2023;Juillet;11/07/2023;234;Chat Domestique;LOC;Benoye;Tchaouen;Teima;Pas de Quartier;*AIGW*230299;non;2;F;Dilaoudi;Oui- Attaché avec une chaîne et deux cadenas;Non;Non;10/07/2023;10/07/2023;Oui;10.899518;15.616669
2023;Juillet;11/07/2023;235;Chien Domestique;MC;Sarh;Kokaga;Kissinga;Kissinga Centre;*AIGW*230782;non;3;F;Batou;Non-_Lanimal_nest_pas_attache;Non;Non;16/05/2023;15/05/2023;Oui;9.185005;16.32101
2023;Juillet;12/07/2023;236;Chat Domestique;Tandjile;Lai;Gabri-ngolo;Hamakara;Pas de Quartier;*AIGW*230193;non;3;M;Madjitoloum;Non-_Lanimal_nest_pas_attache;Non;Non;05/07/2023;06/07/2023;Oui;10.651155;16.309472
2023;Juillet;12/07/2023;237;Chat Domestique;MC;Sarh;Kemata;Tanda;Tanda Carre;*AIGW*230845;non;2;F;Féli;Non-_Lanimal_nest_pas_attache;Non;Non;12/07/2023;12/07/2023;Oui;9.295494;16.357001
2023;Juillet;12/07/2023;238;Chien Domestique;CB;Bailli ;Daradja;Daradja;Daradja Sara;*AIGW*230013;non;3;M;Miss;Oui- Attaché avec une chaîne et deux cadenas;Non;Non;12/07/2023;12/07/2023;Oui;9.211354;18.412168
2023;Juillet;13/07/2023;239;Chien Domestique;CB;Mandelia;Loumia;Trangala Centre;Pas de Quartier;*AIGW*230953;non;3;F;Noudjiouadjedoel;Non-_Lanimal_nest_pas_attache;Non;Non;08/07/2023;08/07/2023;Oui;10.779538;16.116018
2023;Juillet;13/07/2023;240;Chien Domestique;MC;Danamadji;Bambara;Dankolo;Myabolo;*AIGW*230771;non;1;M;Abena ;Non-_Lanimal_nest_pas_attache;Non;Non;12/06/2023;12/06/2023;Oui;9.295494;16.357001
2023;Juillet;13/07/2023;241;Chien Domestique;MC;Sarh;Badara;Koumabombo;Koumabombo Centre;*AIGW*230793;non;3;M;Na-alngo;Non-_Lanimal_nest_pas_attache;Non;Non;11/07/2023;11/07/2023;Oui;9.06467;18.756188
2023;Juillet;13/07/2023;242;Chien Domestique;Tandjile;Lai;Gabri-ngolo;Dombala;Pas de Quartier;*AIGW*230198;non;5;F;NAHOULOUMA;Non-_Lanimal_nest_pas_attache;Non;Non;27/06/2023;27/06/2023;Oui;10.651155;16.309472
2023;Juillet;14/07/2023;243;Chien Domestique;CB;Massenya;Onoko;Mecontie;Pas de Quartier;*AIGW*230143;non;5;F;La vie ;Non-_Lanimal_nest_pas_attache;Non;Non;10/07/2023;11/07/2023;Oui;9.313532;16.338591
2023;Juillet;14/07/2023;244;Chien Domestique;Tandjile;Bere;Tamio;Djengdra 1;Pas de Quartier;*AIGW*230086;non;3;M;Police;Non-_Lanimal_nest_pas_attache;Non;Non;02/06/2023;02/06/2023;Oui;10.917651;15.594627
2023;Juillet;15/07/2023;245;Chien Domestique;MKE;Guelendeng;Bere;Bere ville;Bere Djirguina;*AIGW*231147;non;3;M;Maoutonang;Non-_Lanimal_nest_pas_attache;Non;Non;10/07/2023;10/07/2023;Oui;9.218775;16.327967
2023;Juillet;16/07/2023;246;Chien Domestique;MC;Balimba;Balimba;Ngakedje;Pas de Quartier;*AIGW*230648;non;4;M;Tom-djeri ;Non-_Lanimal_nest_pas_attache;Non;Non;13/07/2023;13/07/2023;Oui;10.77983;15.772683
2023;Juillet;16/07/2023;247;Chien Domestique;CB;Bailli;Saya;Dougoum Dougoum;Dougoum Dougoum Kouang;*AIGW*230375;non;3;M;Biss;Non-_Lanimal_nest_pas_attache;Non;Non;12/07/2023;12/07/2023;Oui;9.313532;16.338591
2023;Juillet;16/07/2023;248;Chien Domestique;MKE;Bongor;Djarwaye;Djarwaye;Yoro;*AIGW*230555;non;1;F;MPS;Oui- Attaché avec une chaîne et deux cadenas;Non;Non;13/07/2023;13/07/2023;Oui;10.327431;16.338027
2023;Juillet;17/07/2023;249;Chien Domestique;MKE;Bongor;Djarwaye;Zigui;Vouna Lakka;*AIGW*230550;non;2;F;Moulazigadi;Non-_Lanimal_nest_pas_attache;Non;Non;10/07/2023;10/07/2023;Oui;10.327431;16.338027
2023;Juillet;17/07/2023;250;Chien Domestique;CB;Bailli;Kelengue;Goudoum Goudoum;Pecheur;*AIGW*230376;non;2;F;Massa_ngamadi;Non-_Lanimal_nest_pas_attache;Non;Non;17/07/2023;11/07/2023;Oui;9.313532;16.338591
2023;Juillet;17/07/2023;251;Chat Domestique;MC;Kyabe;Marabe;Dangala Kanya;Kibita;*AIGW*230822;non;1;M;Supporté;Non-_Lanimal_nest_pas_attache;Non;Non;12/07/2023;12/07/2023;Oui;10.651155;16.309472
2023;Juillet;17/07/2023;252;Chien Domestique;MKE;Guelendeng;Mogrom;Mogrom Centre;Mogrom Sara;*AIGW*230040;non;4;F;Mariam;Non-_Lanimal_nest_pas_attache;Non;Non;19/05/2023;19/05/2023;Oui;9.170931;18.654916
2023;Juillet;17/07/2023;253;Chien Domestique;CB;Massenya;Onoko;Mecontie;Pas de Quartier;*AIGW*230145;non;2;F;Zengada;Non-_Lanimal_nest_pas_attache;Non;Non;07/07/2023;07/07/2023;Oui;9.313532;16.338591
2023;Juillet;18/07/2023;254;Chien Domestique;Tandjile;Lai;Gabri-ngolo;Toulo;Pas de Quartier;*AIGW*230191;non;2;M;Garde;Non-_Lanimal_nest_pas_attache;Non;Non;10/06/2023;10/06/2023;Oui;10.917651;15.594627
2023;Juillet;18/07/2023;255;Chien Domestique;MC;Danamadji;Bambara;Dankolo;Myabolo;*AIGW*230763;non;3;M;Taitolie;Non-_Lanimal_nest_pas_attache;Non;Non;16/07/2023;16/07/2023;Oui;9.306203;16.347513
2023;Juillet;18/07/2023;256;Chat Domestique;MC;Sarh;Kamati-Maroc;Kamati;Kamati 38;*AIGW*230878;non;2;F;Kameyedji;Non-_Lanimal_nest_pas_attache;Non;Non;13/07/2023;13/07/2023;Oui;9.06467;18.756188
2023;Juillet;19/07/2023;257;Chien Domestique;CB;Bailli;Bailli 1;Ngara;Pas de Quartier;*AIGW*230353;non;2;F;Madame;Oui- Attaché avec une chaîne et deux cadenas;Oui;Oui;18/07/2023;18/07/2023;Non;9.121611;18.374696
2023;Juillet;19/07/2023;258;Chien Domestique;MC;Sarh;Kemata;Bebita;Pas de Quartier;*AIGW*230835;non;1;M;Secours;Non-_Lanimal_nest_pas_attache;Non;Non;17/07/2023;17/07/2023;Oui;10.575544;16.374874
2023;Juillet;19/07/2023;259;Chat Domestique;CB;Massenya;Onoko;Koikirma;Pas de Quartier;*AIGW*230032;non;4;F;Mohte;Non-_Lanimal_nest_pas_attache;Non;Non;12/07/2023;12/07/2023;Oui;9.202039;18.554868
2023;Juillet;19/07/2023;260;Chien Domestique;MC;Kyabe;Marabe;Marakouya 1;Korkaga;*AIGW*230840;non;4;M;Batou;Oui- Attaché avec une chaîne et deux cadenas;Oui;Oui;19/07/2023;19/07/2023;Non;10.978381;15.542416
2023;Juillet;19/07/2023;261;Chien Domestique;MKE;Guelendeng;Guelendeng 2;Guelendeng;Kasko;*AIGW*231112;non;10;F;Motou;Non-_Lanimal_nest_pas_attache;Non;Non;02/07/2023;02/07/2023;Oui;9.170931;18.654916
2023;Juillet;19/07/2023;262;Chat Domestique;NDJ;9e Arrondissement;Walia Est;Toukra Mousgoum;Toukra Mousgoum 2;*AIGW*230995;non;6-12 mois;M;Ndjadode;Non-_Lanimal_nest_pas_attache;Non;Non;18/07/2023;18/07/2023;Oui;12.010144;15.14413
2023;Juillet;19/07/2023;263;Chat Domestique;LOC;Benoye;Tchaouen;Teima;Pas de Quartier;*AIGW*230279;non;1;M;Ali;Non- L'animal n'est pas attaché;Non;Oui;18/07/2023;19/07/2023;Non;10.899518;15.616669
2023;Juillet;19/07/2023;264;Chien Domestique;CB;Massenya;Onoko;Mecontie;Pas de Quartier;*AIGW*230110;non;4;M;Messe batou;Non-_Lanimal_nest_pas_attache;Non;Non;22/05/2023;22/05/2023;Oui;9.185005;16.32101
2023;Juillet;19/07/2023;265;Chien Domestique;CB;Massenya;Onoko;Gasse;Gasse Sara;*AIGW*230115;non;6;F;Garde;Non-_Lanimal_nest_pas_attache;Non;Non;08/07/2023;08/07/2023;Oui;10.917651;15.594627
2023;Juillet;20/07/2023;266;Chat Domestique;Tandjile;Bere;Tamio;Tamio;Tamio 3;*AIGW*230281;non;2;F;Dapabi;Non-_Lanimal_nest_pas_attache;Non;Non;06/07/2023;06/07/2023;Oui;10.873322;15.704516
2023;Juillet;20/07/2023;267;Chien Domestique;MC;Danamadji;Maimana;Doubadana;Doubadana Centre;*AIGW*230765;non;1;F;MISS;Non-_Lanimal_nest_pas_attache;Non;Non;20/06/2023;20/06/2023;Oui;10.978381;15.542416
2023;Juillet;20/07/2023;268;Chien Domestique;MKE;Fianga;Kolong;Kolong;Mbarandona1;*AIGW*230474;non;2;F;Ade heli;Oui- Attaché avec une chaîne et deux cadenas;Non;Non;09/07/2023;10/07/2023;Oui;9.170931;18.654916
2023;Juillet;21/07/2023;269;Chien Domestique;CB;Mandelia;Gambarou;Mabaye;Pas de Quartier;*AIGW*230937;non;3;M;Soukouli;Non-_Lanimal_nest_pas_attache;Non;Non;19/07/2023;19/07/2023;Oui;10.917651;15.594627
2023;Juillet;21/07/2023;270;Chat Domestique;CB;Mandelia;Mandelia;Mandelia;Laimari;*AIGW*230924;non;5;F;Tchadienne;Non-_Lanimal_nest_pas_attache;Non;Non;18/07/2023;18/07/2023;Oui;11.320799;15.398417
2023;Juillet;21/07/2023;271;Chien Domestique;MC;Kyabe;Massa Kaba;Massa Kaba;Pas de Quartier;*AIGW*230842;non;3;M;Ambissé;Oui- Attaché avec une chaîne et deux cadenas;Non;Oui;21/07/2023;21/07/2023;Non;11.71649;15.257381
2023;Juillet;22/07/2023;272;Chien Domestique;MC;Kyabe;Marabe;Kamanga 2;Boulkom;*AIGW*230838;non;3;M;Hamando;Non-_Lanimal_nest_pas_attache;Non;Non;12/07/2023;12/07/2023;Oui;9.4134;18.829501
2023;Juillet;22/07/2023;273;Chien Domestique;MC;Kyabe;Marabe;Dangala Kanya;Kibita;*AIGW*230821;non;2;M;Djondom;Non-_Lanimal_nest_pas_attache;Non;Non;08/07/2023;08/07/2023;Oui;9.4134;18.829501
2023;Juillet;23/07/2023;274;Chien Domestique;MC;Sarh;Badara;Ndokoro;Djodogo Ngambaye;*AIGW*230762;non;3;M;Police;Non-_Lanimal_nest_pas_attache;Non;Non;16/06/2023;16/06/2023;Oui;9.170931;18.654916
2023;Juillet;23/07/2023;275;Chien Domestique;MKE;Guelendeng;Largana;Kelengue;Pas de Quartier;*AIGW*230063;non;2;M;Beyamaoude;Non-_Lanimal_nest_pas_attache;Non;Non;18/07/2023;18/07/2023;Oui;9.170931;18.654916
2023;Juillet;24/07/2023;276;Chien Domestique;MC;Sarh;Badara;Ndokoro;Ndokoro Centre;*AIGW*230862;non;2;F;Foumygué ;Non-_Lanimal_nest_pas_attache;Non;Non;21/07/2023;21/07/2023;Oui;9.170931;18.654916
2023;Juillet;25/07/2023;277;Chien Domestique;MC;Sarh;Kokaga;Gentil;Pas de Quartier;*AIGW*230863;non;4;F;Nambôh-allah;Non-_Lanimal_nest_pas_attache;Non;Non;17/07/2023;17/07/2023;Oui;9.170931;18.654916
2023;Juillet;25/07/2023;278;Chat Domestique;MC;Sarh;Kokaga;Gentil;Pas de Quartier;*AIGW*230852;non;4;F;La Vie;Non-_Lanimal_nest_pas_attache;Non;Non;23/03/2023;23/03/2023;Oui;9.231103;18.289726
2023;Juillet;25/07/2023;279;Chien Domestique;MKE;Guelendeng;Nanguigoto;Danamadji;Pas de Quartier;*AIGW*231107;non;2;F;Aimée;Non-_Lanimal_nest_pas_attache;Non;Oui;24/07/2023;25/07/2023;Non;9.231103;18.289726
2023;Juillet;25/07/2023;280;Chien Domestique;LOC;Benoye;Bourou Évangélique;Dotouma;Pas de quartier;*AIGW*230288;non;1;M;Nasse;Oui- Attaché avec une chaîne et deux cadenas;Non;Non;24/07/2023;24/07/2023;Oui;10.899518;15.616669
2023;Juillet;26/07/2023;281;Chien Domestique;MC;Sarh;Badara;Ndokoro;Djodogo Centre;*AIGW*230865;non;3;F;Passager;Oui- Attaché avec une chaîne et deux cadenas;Non;Non;13/07/2023;14/07/2023;Oui;9.231103;18.289726
2023;Juillet;27/07/2023;282;Chien Domestique;MKE;Bongor;Balampouta;Petit Tougoude;Haina;*AIGW*231137;non;3;M;Ndohibé;Non-_Lanimal_nest_pas_attache;Non;Non;23/07/2023;23/07/2023;Oui;9.231103;18.289726
2023;Juillet;27/07/2023;283;Chien Domestique;Tandjile;Lai;Gabri-ngolo;Hamakara;Pas de Quartier;*AIGW*230195;non;2;F;Liavonkassou;Non-_Lanimal_nest_pas_attache;Non;Non;27/07/2023;27/07/2023;Oui;10.168057;15.480281
2023;Juillet;27/07/2023;284;Chat Domestique;Tandjile;Lai;Lai;Taba 2;carre 1;*AIGW*230197;non;1;F;Modekemdé ;Non-_Lanimal_nest_pas_attache;Non;Non;25/07/2023;25/07/2023;Oui;9.295494;16.357001
2023;Juillet;27/07/2023;285;Chien Domestique;MC;Sarh;Banda;Mallah;Mallah Centre;*AIGW*230766;non;> 10;M;Missi;Oui- Attaché avec une chaîne et deux cadenas;Non;Non;19/07/2023;19/07/2023;Oui;9.394344;16.30209
2023;Juillet;27/07/2023;286;Chien Domestique;MC;Kyabe;Marabe;Dangala Kanya;Halala;*AIGW*230823;non;3;M;Qui t'a dit;Oui- Attaché avec une chaîne et deux cadenas;Oui;Oui;22/07/2023;22/07/2023;Non;8.932859;18.479831
2023;Juillet;27/07/2023;287;Chat Domestique;MKE;Guelendeng;Bere;Boudanassa Foulbe;Pas de Quartier;*AIGW*220065;non;4;M;Koyayadjagui;Non-_Lanimal_nest_pas_attache;Non;Non;19/07/2023;19/07/2023;Oui;9.170931;18.654916
2023;Juillet;27/07/2023;288;Chien Domestique;CB;Massenya;Bougourmari;Bogouroum;Pas de Quartier;*AIGW*230119;non;2;M;Barcelona;Oui- Attaché avec une chaîne et deux cadenas;Non;Non;20/07/2023;21/07/2023;Oui;10.848594;15.691106
2023;Juillet;28/07/2023;289;Chat Domestique;CB;Massenya;Bougourmari;Bougoumari;Pas de Quartier;*AIGW*230118;non;2;M;Nanguigoto ;Non-_Lanimal_nest_pas_attache;Non;Non;18/07/2023;18/07/2023;Oui;10.848594;15.691106
2023;Juillet;28/07/2023;290;Chat Domestique;MC;Sarh;15ans;15ans;15ans;*AIGW*230764;non;5;M;Batou;Non-_Lanimal_nest_pas_attache;Non;Non;26/07/2023;26/07/2023;Oui;11.301136;15.45677
2023;Juillet;29/07/2023;291;Chien Domestique;MC;Balimba;Balimba;Mandikaga;Mandikaga 2;*AIGW*230640;non;4;F;Mariam;Oui- Attaché avec une chaîne et deux cadenas;Non;Oui;28/07/2023;28/07/2023;Non;11.301136;15.45677
2023;Juillet;30/07/2023;292;Chien Domestique;CB;Bailli;Bailli 2;Diriti;Pas de Quartier;*AIGW*230301;non;3;M;Dounia;Non-_Lanimal_nest_pas_attache;Non;Non;19/07/2023;20/07/2023;Oui;10.848594;15.691106
2023;Juillet;31/07/2023;293;Chien Domestique;MKE;Guelendeng;Abba Limane;Abory Mbarma;Abory Avelet;*AIGW*231110;non;1;M;Gobi;Oui- Attaché avec une chaîne et deux cadenas;Non;Non;24/07/2023;24/07/2023;Oui;10.501802;16.549447
2023;Aout;02/08/2023;294;Chien Domestique;MKE;Bongor;Balampouta;Petit Tougoude;Haina;*AIGW*230515;non;1;M;Abirgui;Non-_Lanimal_nest_pas_attache;Non;Non;24/07/2023;24/07/2023;Oui;10.501802;16.549447
2023;Aout;03/08/2023;295;Chien Domestique;CB;Mandelia;Mailao;Mailao;Mailao Massa 1;*AIGW*230941;non;5;F;Nagadavongsou;Non-_Lanimal_nest_pas_attache;Non;Non;04/08/2023;04/08/2023;Oui;10.168057;15.480281
2023;Aout;04/08/2023;296;Chien Domestique;CB;Mandelia;Koundoul;Koundoul-Madrassa;Pas de Quartier;*AIGW*230921;non;1;F;Haï Maïlao;Oui- Attaché avec une chaîne et deux cadenas;Non;Non;24/07/2023;24/07/2023;Oui;11.575426;15.283805
2023;Aout;04/08/2023;297;Chat Domestique;MC;Sarh;Badara;Moussamere;Moussamere Centre;*AIGW*230768;non;5;F;Djonkoudi ;Oui- Attaché avec une chaîne et deux cadenas;Non;Oui;03/08/2023;04/08/2023;Non;11.301136;15.45677
2023;Aout;04/08/2023;298;Chat Domestique;MC;Kyabe;Kyabe;Kyabe;Mouga;*AIGW*230848;non;5;M;Miss;Non-_Lanimal_nest_pas_attache;Non;Non;15/06/2023;15/06/2023;Non;11.301136;15.45677
2023;Aout;04/08/2023;299;Chat Domestique;Tandjile;Bere;Kalme;Kidjimina 1 ;Pas de Quartier;*AIGW*230258;non;6-12 mois;F;Miss;Non-_Lanimal_nest_pas_attache;Non;Non;04/08/2023;04/08/2023;Oui;9.295494;16.357001
2023;Aout;04/08/2023;300;Chien Domestique;Tandjile;Lai;Gabri-ngolo;Dombala;Pas de Quartier;*AIGW*230199;non;2;M;Mariam;Oui- Attaché avec une chaîne et deux cadenas;Non;Non;03/08/2023;03/08/2023;Non;9.279837;16.289291
2023;Aout;05/08/2023;301;Chat Domestique;CB;Bousso;Mbaranga;Mbaranga;Mbororo;*AIGW*230405;non;3;F;Daïba;Non-_Lanimal_nest_pas_attache;Non;Non;23/07/2023;23/07/2023;Oui;9.313532;16.338591
2023;Aout;05/08/2023;302;Chien Domestique;MC;Sarh;Badara;Ndokoro;Djodogo Centre;*AIGW*230776;non;6;F;Inaru;Oui- Attaché avec une chaîne et deux cadenas;Non;Non;02/08/2023;02/08/2023;Oui;11.301136;15.45677
2023;Aout;06/08/2023;303;Chien Domestique;MC;Sarh;Badara;Ndokoro;Djodogo Centre;*AIGW*230778;non;1;F;Hadibégué;Non-_Lanimal_nest_pas_attache;Non;Non;01/08/2023;01/08/2023;Non;11.301136;15.45677
2023;Aout;06/08/2023;304;Chien Domestique;MC;Sarh;Kemdere;Ndila;Ndila centre;*AIGW*230772;non;4;M;Monobouro;Non-_Lanimal_nest_pas_attache;Non;Non;23/07/2023;23/07/2023;Oui;11.301136;15.45677
2023;Aout;06/08/2023;305;Chat Domestique;MC;Sarh;Maibo;Congo Sara;Congo Sara Centre;*AIGW*230770;non;1;M;Moulbaye;Oui- Attaché avec une chaîne et deux cadenas;Non;Oui;06/08/2023;06/08/2023;Non;8.989212;18.400417
2023;Aout;06/08/2023;306;Chien Domestique;MKE;Bongor;Balampouta;Daba zero;Saini;*AIGW*231133;non;2;F;Fatime;Non-_Lanimal_nest_pas_attache;Non;Non;04/08/2023;04/08/2023;Oui;8.965804;18.540277
2023;Aout;06/08/2023;307;Chien Domestique;Tandjile;Lai;Gabri-ngolo;Toulo;Pas de Quartier;*AIGW*230200;non;2;F;Youmada;Non-_Lanimal_nest_pas_attache;Non;Non;06/08/2023;06/08/2023;Oui;9.279837;16.289291
2023;Aout;07/08/2023;308;Chat Domestique;MC;Sarh;Badara;Badara;Dallah Biri;*AIGW*230866;non;2;M;Minda;Non-_Lanimal_nest_pas_attache;Non;Non;03/08/2023;04/08/2023;Oui;9.306203;16.347513
2023;Aout;07/08/2023;309;Chien Domestique;Tandjile;Bere;Tamio;Mbegue-lema;Pas de Quartier;*AIGW*230294;non;5;F;Ayata;Non-_Lanimal_nest_pas_attache;Non;Non;08/07/2023;09/07/2023;Oui;9.279837;16.289291
2023;Aout;08/08/2023;310;Chat Domestique;MC;Sarh;Kemata;Ngabgoto;Pas de Quartier;*AIGW*230824;non;2;F;YAKATRENG;Oui- Attaché avec une chaîne et deux cadenas;Non;Non;06/07/2023;06/07/2023;Oui;9.237469;16.276551
2023;Aout;10/08/2023;311;Chien Domestique;CB;Bousso;Mogo 1;Kabalaye;Pas de Quartier;*AIGW*230407;non;2;M;Mis;Non-_Lanimal_nest_pas_attache;Non;Non;25/07/2023;25/07/2023;Oui;9.230869;18.472241
2023;Aout;10/08/2023;312;Chat Domestique;Tandjile;Bere;Tamio;Dambe-kophalam;Pas de Quartier;*AIGW*230094;non;4;M;Confiance;Non-_Lanimal_nest_pas_attache;Non;Non;09/06/2023;09/06/2023;Oui;9.279837;16.289291
2023;Aout;10/08/2023;313;Chien Domestique;Tandjile;Bere;Tamio;Guessa dilimdi 2;Pas de Quartier;*AIGW*230296;non;1;F;Batou;Non-_Lanimal_nest_pas_attache;Non;Non;11/07/2023;11/07/2023;Oui;9.224297;16.341472
2023;Aout;10/08/2023;314;Chien Domestique;MC;Biobe;Biobe;Bele;Pas de Quartier;*AIGW*230829;non;3;M;Gobi;Oui- Attaché avec une chaîne et deux cadenas;Non;Non;04/08/2023;05/08/2023;Oui;9.245091;16.209182
2023;Aout;11/08/2023;315;Chien Domestique;MC;Kyabe;Marabe;Dangala Kanya;Halala;*AIGW*230831;non;3;M;Djassir;Oui- Attaché avec une chaîne et deux cadenas;Oui;Oui;09/08/2023;10/08/2023;Non;9.795151;19.506222
2023;Aout;11/08/2023;316;Chien Domestique;MC;Korbol;Niellim;Koin;Pas de Quartier;*AIGW*230713;non;1;F;Hangaou;Non-_Lanimal_nest_pas_attache;Non;Non;27/07/2023;27/07/2023;Oui;9.170931;18.654916
2023;Aout;12/08/2023;317;Chien Domestique;SLM;Aboudeia;Al-ardep;Al-ardep;Pas de Quartier;*AIGW*231094;non;3;M;Yinhantarnade;Oui- Attaché avec une chaîne et deux cadenas;Non;Non;09/08/2023;10/08/2023;Oui;9.467448;18.072847
2023;Aout;12/08/2023;318;Chat Domestique;LOC;Benoye;Bourou Évangélique;BIDAKARA;BIDAKARA 1;*AIGW*230278;non;3;M;Akhabach;Non-_Lanimal_nest_pas_attache;Non;Non;08/08/2023;08/08/2023;Oui;11.65214;19.841112
2023;Aout;13/08/2023;319;Chien Domestique;Tandjile;Bere;Nergué Goudjouba;Dabgué Ngolo1;Pas;*AIGW*230243;non;1;M;Messe;Oui- Attaché avec une chaîne et deux cadenas;Non;Oui;11/08/2023;12/08/2023;Non;9.224297;16.341472
2023;Aout;13/08/2023;320;Chat Domestique;MC;Biobe;Mayo 1;Kidjokadji;Centre;*AIGW*230843;non;1;M;Komiyekoussi;Oui- Attaché avec une chaîne et deux cadenas;Non;Oui;13/08/2023;13/08/2023;Non;9.170931;18.654916
2023;Aout;14/08/2023;321;Chien Domestique;MC;Sarh;Kemata;Yabakaga;Yabakaga;*AIGW*230826;non;2;M;Mariam;Oui- Attaché avec une chaîne et deux cadenas;Non;Oui;16/07/2023;20/07/2023;Non;9.170931;18.654916
2023;Aout;14/08/2023;322;Chien Domestique;LOC;Benoye;Tchaouen;Djingdra 2;Pas de Quartier;*AIGW*230295;non;1;M;Kamingore;Non-_Lanimal_nest_pas_attache;Non;Non;12/08/2023;12/08/2023;Oui;9.18829;18.481022
2023;Aout;14/08/2023;323;Chien Domestique;MC;Biobe;Mayo 2;Garambou;Pas de Quartier;*AIGW*230815;non;2;F;Jacobi;Oui- Attaché avec une chaîne et deux cadenas;Non;Non;12/08/2023;12/08/2023;Oui;9.170931;18.654916
2023;Aout;14/08/2023;324;Chat Domestique;Tandjile;Lai;Lai;Tagbian ;carre 9;*AIGW*230165;non;2;F;Kanga;Non-_Lanimal_nest_pas_attache;Non;Non;13/08/2023;13/08/2023;Oui;9.609159;19.598688
2023;Aout;15/08/2023;325;Chien Domestique;CB;Kouno;Kouno;Kouno Ville;Hori;*AIGW*230647;non;1;F;Lassem ;Non-_Lanimal_nest_pas_attache;Non;Non;10/08/2023;10/08/2023;Oui;9.230869;18.472241
2023;Aout;16/08/2023;326;Chien Domestique;SLM;Haraze;Mangueigne;Darassalam 2;Pas de Quartier;*AIGW*231016;non;1;F;Ireine ;Non-_Lanimal_nest_pas_attache;Non;Non;08/08/2023;08/08/2023;Oui;9.467448;18.072847
2023;Aout;16/08/2023;327;Chat Domestique;LOC;Benoye;Tchaouen;Goga;Pas de Quartier;*AIGW*230248;non;3;M;MAGUISS;Non-_Lanimal_nest_pas_attache;Non;Non;25/07/2023;25/07/2023;Oui;10.57296;21.31273
2023;Aout;16/08/2023;328;Chien Domestique;Tandjile;Bere;Kalme;Kalmé;Bilé;*AIGW*230275;non;5;F;Messe Batou;Non-_Lanimal_nest_pas_attache;Non;Non;20/04/2023;20/04/2023;Oui;10.57296;21.31273
2023;Aout;16/08/2023;329;Chien Domestique;MKE;Fianga;Kolong;Goudi;Deguedda;*AIGW*230488;non;3;F;Kardapena;Non-_Lanimal_nest_pas_attache;Non;Non;13/08/2023;16/08/2023;Oui;9.285021;16.258862
2023;Aout;16/08/2023;330;Chat Domestique;Tandjile;Lai;Gabri-ngolo;Toukouroum;Pas de Quartier;*AIGW*230194;non;4;M;Police;Oui- Mais pas avec une chaîne et deux cadenas;Oui;Oui;02/08/2023;03/08/2023;Non;10.57296;21.31273
2023;Aout;17/08/2023;331;Chien Domestique;LOC;Benoye;Tchaouen;Guelsaou 1;Pas de Quartier;*AIGW*230285;non;5;F;Mariam ;Oui- Attaché avec une chaîne et deux cadenas;Non;Oui;15/08/2023;16/08/2023;Non;9.302665;16.353878
2023;Aout;17/08/2023;332;Chien Domestique;MC;Sarh;Maingara;Maingara 2;Maingara 2;*AIGW*230881;non;2;F;Lomdebé;Non-_Lanimal_nest_pas_attache;Non;Non;10/08/2023;10/08/2023;Oui;9.192176;16.316922
2023;Aout;17/08/2023;333;Chat Domestique;MC;Biobe;Mayo 1;Mandjounga;Pas de Quartier;*AIGW*230752;non;2;M;Talo;Oui- Attaché avec une chaîne et deux cadenas;Oui;Oui;07/08/2023;14/08/2023;Non;9.192176;16.316922
2023;Aout;17/08/2023;334;Chien Domestique;CB;Bailli;Kelengue;Mourai Houssa;Pas de Quartier;*AIGW*230354;non;3;M;Mariam;Non-_Lanimal_nest_pas_attache;Non;Non;14/08/2023;14/08/2023;Oui;9.585052;19.476246
2023;Aout;18/08/2023;335;Chien Domestique;MC;Biobe;Mayo 2;Mankome;Pas de Quartier;*AIGW*230871;non;2;M;Jamous;Non-_Lanimal_nest_pas_attache;Non;Non;14/08/2023;14/08/2023;Oui;10.698185;16.224856
2023;Aout;18/08/2023;336;Chat Domestique;MKE;Guelendeng;Abba Limane;Abba Limane Mousgoum;Abba Limane Gouvra;*AIGW*230044;non;10;M;Djili Allah;Oui- Attaché avec une chaîne et deux cadenas;Non;Non;14/08/2023;14/08/2023;Non;9.588092;19.573721
2023;Aout;19/08/2023;337;Chien Domestique;Tandjile;Lai;Lai;Taba 1;carre 6;*AIGW*230220;non;3;F;Mayram;Non-_Lanimal_nest_pas_attache;Non;Non;16/08/2023;16/08/2023;Oui;11.167462;15.370815
2023;Aout;20/08/2023;338;Chat Domestique;Tandjile;Lai;Lai;Noungou;carre 6;*AIGW*230226;non;6;F;Komolika;Oui- Attaché avec une chaîne et deux cadenas;Non;Non;18/08/2023;19/08/2023;Non;11.167462;15.370815
2023;Aout;20/08/2023;339;Chien Domestique;SLM;Haraze;Mangueigne;Naoune;Pas de Quartier;*AIGW*231014;non;1;M;Miss ;Oui- Attaché avec une chaîne et deux cadenas;Non;Non;18/08/2023;18/08/2023;Non;9.467448;18.072847
2023;Aout;21/08/2023;340;Chat Domestique;Tandjile;Lai;Gabri-ngolo;Hamakara;Pas de Quartier;*AIGW*230227;non;10;M;Gnalmat;Non-_Lanimal_nest_pas_attache;Non;Non;01/08/2023;01/08/2023;Oui;10.466692;21.307462
2023;Aout;21/08/2023;341;Chien Domestique;MC;Sarh;Kokaga;Kissinga;Kissinga Centre;1,12E+11;non;1;M;Miss;Non-_Lanimal_nest_pas_attache;Non;Non;14/08/2023;21/08/2023;Oui;9.295494;16.357001
2023;Aout;21/08/2023;342;Chien Domestique;Tandjile;Lai;Gabri-ngolo;Toulo;Pas de Quartier;*AIGW*230214;non;4;F;Bénoroum;Non-_Lanimal_nest_pas_attache;Non;Non;17/08/2023;18/08/2023;Non;10.466692;21.307462
2023;Aout;21/08/2023;343;Chien Domestique;CB;Bailli;Kelengue;Goudoum Goudoum;Montagne;*AIGW*230338;non;2;M;Supporter ;Non-_Lanimal_nest_pas_attache;Non;Non;20/08/2023;21/08/2023;Oui;9.306203;16.347513
2023;Aout;21/08/2023;344;Chien Domestique;Tandjile;Lai;Gabri-ngolo;Dombala;Pas de Quartier;*AIGW*230167;non;3;F;Maïmiant;Non-_Lanimal_nest_pas_attache;Non;Non;20/08/2023;20/08/2023;Oui;10.651155;16.309472
2023;Aout;21/08/2023;345;Chat Domestique;NDJ;9e Arrondissement;Walia Est;Ngonba;Carre 42;*AIGW*230992;non;2;M;Pas bouger ;Non-_Lanimal_nest_pas_attache;Non;Non;16/08/2023;17/08/2023;Oui;9.313532;16.338591
2023;Aout;21/08/2023;346;Chien Domestique;CB;Mandelia;Mede;Mede 2;Pas de Quartier;*AIGW*230916;non;5;M;Pasinga;Oui- Attaché avec une chaîne et deux cadenas;Non;Oui;07/08/2023;21/08/2023;Non;9.306203;16.347513
2023;Aout;21/08/2023;347;Chien Domestique;CB;Mandelia;Mede;Mede 2;Pas de Quartier;*AIGW*230910;non;1;M;Patience;Non-_Lanimal_nest_pas_attache;Non;Non;20/08/2023;21/08/2023;Oui;11.802481;15.32597
2023;Aout;21/08/2023;348;Chien Domestique;CB;Bailli;Bogomoro;Damakara Marba;Pas de Quartier;*AIGW*230015;non;2;F;Suporté;Non-_Lanimal_nest_pas_attache;Non;Non;20/08/2023;21/08/2023;Oui;11.802481;15.32597
2023;Aout;21/08/2023;349;Chien Domestique;LOC;Benoye;Tchaouen;Guelsaou 1;Pas de Quartier;*AIGW*230250;non;2;F;Dedamegué;Non-_Lanimal_nest_pas_attache;Non;Non;07/08/2023;07/08/2023;Oui;9.302665;16.353878
2023;Aout;22/08/2023;350;Chat Domestique;Tandjile;Bere;Kalme;Kalmé;Tchabroum;*AIGW*230273;non;2;F;Nadoumyo;Non-_Lanimal_nest_pas_attache;Non;Non;19/08/2023;19/08/2023;Oui;9.192176;16.316922
2023;Aout;22/08/2023;351;Chien Domestique;CB;Mandelia;Raf;Raf Centre;Pas de Quartier;*AIGW*230923;non;3;M;Koustogue;Non-_Lanimal_nest_pas_attache;Non;Non;19/08/2023;19/08/2023;Oui;9.285021;16.258862
2023;Aout;22/08/2023;352;Chien Domestique;Tandjile;Lai;Lai;Djoun;carre 4;*AIGW*230158;non;4;M;Naleum;Non-_Lanimal_nest_pas_attache;Non;Non;26/06/2023;26/06/2023;Oui;9.192176;16.316922
2023;Aout;22/08/2023;353;Chat Domestique;MC;Kyabe;Kyabe;Kyabe;Ferick Quartier;*AIGW*230849;non;2;M;Aouengué;Oui- Attaché avec une chaîne et deux cadenas;Non;Oui;19/08/2023;21/08/2023;Non;9.375742;16.36297
2023;Aout;22/08/2023;354;Chat Domestique;NDJ;9e Arrondissement;Walia Est;Ngonba;Carre 42;*AIGW*230996;non;1;F;Miss;Non-_Lanimal_nest_pas_attache;Non;Non;21/08/2023;22/08/2023;Oui;9.313532;16.338591
2023;Aout;22/08/2023;355;Chat Domestique;Tandjile;Lai;Lai;Tagbian ;carre 4;*AIGW*230163;non;3;M;Miss;Oui- Attaché avec une chaîne et deux cadenas;Non;Oui;22/08/2023;22/08/2023;Non;9.192176;16.316922
2023;Aout;22/08/2023;356;Chien Domestique;Tandjile;Lai;Gabri-ngolo;Toulo;Pas de Quartier;*AIGW*230212;non;3;M;Robinet ;Non-_Lanimal_nest_pas_attache;Non;Non;18/08/2023;18/08/2023;Oui;9.192176;16.316922
2023;Aout;23/08/2023;357;Chat Domestique;SLM;Haraze;Massambagne;Massambagne 1;Pas de Quartier;*AIGW*231009;non;2;M;Dog ;Non-_Lanimal_nest_pas_attache;Non;Non;20/08/2023;21/08/2023;Oui;9.306203;16.347513
2023;Aout;23/08/2023;358;Chien Domestique;MC;Sarh;Kokaga;Kissinga;Kissinga Centre;*AIGW*230868;non;2;F;Beda;Non-_Lanimal_nest_pas_attache;Non;Non;14/08/2023;16/08/2023;Oui;9.422111;20.868028
2023;Aout;24/08/2023;359;Chien Domestique;MC;Biobe;Mayo 2;Ndaka;Pas de Quartier;*AIGW*230750;non;2;F;Abiate;Non-_Lanimal_nest_pas_attache;Non;Non;13/08/2023;14/08/2023;Oui;9.422111;20.868028
2023;Aout;25/08/2023;360;Chien Domestique;LOC;Benoye;Tchaouen;Koutou Mbo;Koutou 3;*AIGW*230280;non;4;F;Toudjial;Non-_Lanimal_nest_pas_attache;Non;Non;02/08/2023;02/08/2023;Oui;9.569191;19.520803
2023;Aout;25/08/2023;361;Chien Domestique;MDL;Bedaya;Bedaya;Manta;Guigadja;*AIGW*230728;non;2;M;Motou;Non-_Lanimal_nest_pas_attache;Non;Non;22/08/2023;22/08/2023;Oui;9.141749;16.39792
2023;Aout;25/08/2023;362;Chien Domestique;MC;Danamadji;Bambara;Dankolo;Myabolo;*AIGW*230781;non;3;F;Garde ;Oui- Attaché avec une chaîne et deux cadenas;Non;Oui;25/08/2023;25/08/2023;Non;8.956368;17.949474
2023;Aout;25/08/2023;363;Chat Domestique;SLM;Haraze;Michetir;Ndoubari;Pas de Quartier;*AIGW*231007;non;2;F;Harima;Non-_Lanimal_nest_pas_attache;Non;Non;25/07/2023;25/07/2023;Oui;9.06467;18.756188
2023;Aout;25/08/2023;364;Chat Domestique;Tandjile;Lai;Lai;15 ans;carre 3;*AIGW*230224;non;4;M;Gol;Oui- Attaché avec une chaîne et deux cadenas;Non;Non;19/08/2023;21/08/2023;Oui;9.767291;20.756412
2023;Aout;28/08/2023;365;Chat Domestique;MC;Biobe;Mayo 1;Bale Singako;Pas de Quartier;*AIGW*230742;non;4;M;Miss;Oui- Attaché avec une chaîne et deux cadenas;Non;Oui;25/08/2023;25/08/2023;Non;8.956368;17.949474
2023;Aout;28/08/2023;366;Chat Domestique;MC;Sarh;Kemkian;Mailaou;Mailaou 2;*AIGW*230731;non;2;M;Mariam;Oui- Attaché avec une chaîne et deux cadenas;Non;Oui;26/08/2023;28/08/2023;Non;8.956368;17.949474
2023;Aout;29/08/2023;367;Chien Domestique;CB;Massenya;Bougourmari;Djoumar;Pas de Quartier;*AIGW*230117;non;3;F;Miss;Oui- Attaché avec une chaîne et deux cadenas;Non;Oui;28/08/2023;28/08/2023;Non;9.285021;16.258862
2023;Aout;29/08/2023;368;Chien Domestique;MC;Biobe;Mayo 2;Ridina;Pas de Quartier;*AIGW*230719;non;1;M;Ngomzina;Non-_Lanimal_nest_pas_attache;Non;Non;15/08/2023;16/08/2023;Oui;11.24821;15.443218
2023;Aout;30/08/2023;369;Chat Domestique;Tandjile;Lai;Lai;Mailaou;carre 2;*AIGW*230162;non;3;M;Gassirou ;Non-_Lanimal_nest_pas_attache;Non;Non;29/08/2023;29/08/2023;Oui;9.767291;20.756412
2023;Aout;30/08/2023;370;Chien Domestique;MKE;Guelendeng;Abba Limane;Magara 2;Pas de Quartier;1,86E+11;non;2;M;Ali;Oui- Attaché avec une chaîne et deux cadenas;Oui;Non;29/08/2023;30/08/2023;Non;9.401553;16.312405
2023;Aout;30/08/2023;371;Chien Domestique;CB;Kouno;Kouno;Ger;Pas de Quartier;*AIGW*230630;non;1;F;Dinala;Non-_Lanimal_nest_pas_attache;Non;Non;08/08/2023;08/08/2023;Oui;11.160883;15.400923
2023;Aout;30/08/2023;372;Chien Domestique;MC;Kyabe;Marabe;Marakouya 2;Pas de Quartier;*AIGW*230818;non;3;F;Patience ;Non-_Lanimal_nest_pas_attache;Non;Non;26/08/2023;26/08/2023;Oui;11.24821;15.443218
2023;Aout;30/08/2023;373;Chien Domestique;Tandjile;Bere;Kalme;Kidjimina 1 ;Pas de Quartier;*AIGW*230271;non;3;M;Djori;Non-_Lanimal_nest_pas_attache;Non;Non;20/08/2023;20/08/2023;Oui;9.215653;18.590373
2023;Aout;30/08/2023;374;Chat Domestique;LOC;Benoye;Tchaouen;Guelsaou 1;Pas de Quartier;*AIGW*230287;non;1;M;Lobab;Non-_Lanimal_nest_pas_attache;Non;Non;15/08/2023;15/08/2023;Oui;9.279837;16.289291
2023;Aout;30/08/2023;375;Chien Domestique;MC;Danamadji;Bambara;Nguiriri 1;Pas de Quartier;*AIGW*230761;non;1;F;Batou;Non-_Lanimal_nest_pas_attache;Non;Non;15/05/2023;15/05/2023;Oui;9.192176;16.316922
2023;Aout;31/08/2023;376;Chat Domestique;MKE;Guelendeng;Guelendeng 2;Guelendeng;Guelendeng Centre;*AIGW*231244;non;1;M;Nagongaya;Non-_Lanimal_nest_pas_attache;Non;Non;09/08/2023;09/08/2023;Oui;9.051647;18.651197
2023;Septembre;01/09/2023;377;Chat Domestique;Tandjile;Lai;Lai;Noungou;carre 3;*AIGW*230222;non;1;M;Miss;Non-_Lanimal_nest_pas_attache;Non;Non;29/08/2023;29/08/2023;Oui;9.215653;18.590373
2023;Septembre;01/09/2023;378;Chat Domestique;SLM;Am Timan;Amdjoudoul;Waly;Pas de Quartier;*AIGW*231040;non;5;M;Mariam;Oui- Attaché avec une chaîne et deux cadenas;Non;Non;01/09/2023;01/09/2023;Non;9.06467;18.756188
2023;Septembre;01/09/2023;379;Chien Domestique;Tandjile;Bere;Kalme;Kidjimina 2;Ngodje;*AIGW*230276;non;2;F;Batou;Oui- Attaché avec une chaîne et deux cadenas;Non;Non;26/08/2023;26/08/2023;Oui;11.60035;20.990889
2023;Septembre;01/09/2023;380;Chien Domestique;MC;Biobe;Mayo 2;Obo;Pas de Quartier;*AIGW*230746;non;2;M;Yagoué;Non-_Lanimal_nest_pas_attache;Non;Non;26/08/2023;26/08/2023;Oui;9.192176;16.316922
2023;Septembre;02/09/2023;381;Chien Domestique;MC;Biobe;Mayo 2;Foure Koutou;Pas de Quartier;*AIGW*230744;non;3;F;Koudjamaké ;Non-_Lanimal_nest_pas_attache;Non;Non;24/08/2023;24/08/2023;Oui;9.563793;19.47267
2023;Septembre;02/09/2023;382;Chat Domestique;MC;Kyabe;Massa Kaba;Bolokirengue;Pas de Quartier;*AIGW*230830;non;6-12 mois;F;Ndjimori;Non-_Lanimal_nest_pas_attache;Non;Non;20/08/2023;20/08/2023;Oui;9.575746;19.496288
2023;Septembre;02/09/2023;383;Chien Domestique;LOC;Benoye;Tchaouen;Koutou Mbo;Koutou 3;*AIGW*230190;non;2;F;Mariam;Non-_Lanimal_nest_pas_attache;Non;Non;22/08/2023;22/08/2023;Oui;9.341599;18.831676
2023;Septembre;02/09/2023;384;Chien Domestique;Tandjile;Bere;Kalme;Kidjimina 2;Sarengbour;*AIGW*230241;non;3;M;Ndoyaba;Non-_Lanimal_nest_pas_attache;Non;Non;28/08/2023;28/08/2023;Oui;9.141749;16.39792
2023;Septembre;02/09/2023;385;Chien Domestique;SLM;Haraze;Mangueigne;Darassalam 2;Pas de Quartier;*AIGW*231018;non;3;F;Champion Samsam;Non-_Lanimal_nest_pas_attache;Non;Non;02/09/2023;02/09/2023;Oui;9.06467;18.756188
2023;Septembre;03/09/2023;386;Chien Domestique;MC;Sarh;Kemata;Kemata;Pas de Quartier;*AIGW*230828;non;4;M;IHÈMIR;Non-_Lanimal_nest_pas_attache;Non;Non;24/08/2023;24/08/2023;Oui;10.57296;21.31273
2023;Septembre;03/09/2023;387;Chien Domestique;Tandjile;Bere;Tamio;Guessa dilimdi 3;Pas de Quartier;*AIGW*230274;non;2;F;Hahéri;Oui- Attaché avec une chaîne et deux cadenas;Non;Oui;03/09/2023;03/09/2023;Non;9.141749;16.39792
2023;Septembre;05/09/2023;388;Chat Domestique;MC;Sarh;Kokaga;Dibatime;Pas de Quartier;*AIGW*230780;non;3;F;Haikama;Oui- Attaché avec une chaîne et deux cadenas;Non;Non;03/09/2023;03/09/2023;Non;9.243095;16.213045
2023;Septembre;05/09/2023;389;Chien Domestique;SLM;Haraze;Massambagne;Kombol;Pas de Quartier;*AIGW*231011;non;2;F;Kaltouma;Non-_Lanimal_nest_pas_attache;Non;Non;23/08/2023;23/08/2023;Oui;9.326367;18.224273
2023;Septembre;05/09/2023;390;Chien Domestique;MC;Balimba;Balimba;Bembaya;Pas de Quartier;*AIGW*230650;non;2;M;Dourbane;Oui- Attaché avec une chaîne et deux cadenas;Non;Non;30/08/2023;02/09/2023;Oui;9.445165;20.90341
2023;Septembre;06/09/2023;391;Chien Domestique;CB;Bailli;Mourai Sara;Samem;Pas de Quartier;*AIGW*230340;non;2;F;Police;Non-_Lanimal_nest_pas_attache;Non;Non;22/08/2023;22/08/2023;Oui;11.160883;15.400923
2023;Septembre;06/09/2023;392;Chien Domestique;MC;Sarh;Kemata;Yabakaga;Yabakaga;*AIGW*230745;non;2;F;Misquine;Non-_Lanimal_nest_pas_attache;Non;Non;04/09/2023;04/09/2023;Oui;10.63651;16.339733
2023;Septembre;06/09/2023;393;Chien Domestique;Tandjile;Bere;Tamio;Tamio Mbassa;Pas de Quartier;*AIGW*230268;non;1;F;Supporter;Non-_Lanimal_nest_pas_attache;Non;Non;04/09/2023;04/09/2023;Oui;9.18829;18.481022
2023;Septembre;07/09/2023;394;Chien Domestique;MKE;Bongor;Djarwaye;Djarwaye;Biski;*AIGW*230541;non;2;M;TOUTPASSE;Non-_Lanimal_nest_pas_attache;Non;Non;29/08/2023;29/08/2023;Oui;9.231339;16.275917
2023;Septembre;07/09/2023;395;Chien Domestique;MC;Sarh;Kokaga;Kissinga;Kissinga Centre;*AIGW*230870;non;2;F;Lac-tchad;Oui- Attaché avec une chaîne et deux cadenas;Oui;Oui;04/09/2023;04/09/2023;Non;10.63651;16.339733
2023;Septembre;07/09/2023;396;Chien Domestique;Tandjile;Lai;Lai;Kabre-mbassa;carre 2;*AIGW*230161;non;1;F;Mokimbim;Non-_Lanimal_nest_pas_attache;Non;Non;05/09/2023;06/09/2023;Oui;9.18829;18.481022
2023;Septembre;08/09/2023;397;Chien Domestique;MC;Korbol;Niellim;Koin;Pas de Quartier;*AIGW*230715;non;1;F;Secours;Non-_Lanimal_nest_pas_attache;Non;Non;06/09/2023;07/09/2023;Oui;9.341495;16.314134
2023;Septembre;08/09/2023;398;Chien Domestique;NDJ;9e Arrondissement;ADESCU;Kobe;Pas de Quartier;*AIGW*231270;non;1;F;Gobi;Oui- Attaché avec une chaîne et deux cadenas;Non;Non;06/09/2023;07/09/2023;Oui;9.467448;18.072847
2023;Septembre;08/09/2023;399;Chien Domestique;MC;Korbol;Niellim;Koin;Pas de Quartier;*AIGW*230643;non;5;F;Milou;Oui- Attaché avec une chaîne et deux cadenas;Non;Non;15/08/2023;28/08/2023;Oui;9.341495;16.314134
2023;Septembre;08/09/2023;400;Chien Domestique;MC;Sarh;Kemkian;Kemkian;Kemkian 9;*AIGW*230882;non;2;F;Supporté;Oui- Attaché avec une chaîne et deux cadenas;Non;Non;06/09/2023;07/09/2023;Oui;9.467448;18.072847
2023;Septembre;09/09/2023;401;Chien Domestique;LOC;Benoye;Tchaouen;Mbayam;Mbayam 2;*AIGW*230286;non;3;M;Agro;Non-_Lanimal_nest_pas_attache;Non;Non;05/09/2023;05/09/2023;Oui;9.341599;18.831676
2023;Septembre;09/09/2023;402;Chien Domestique;SLM;Haraze;Mangueigne;Mangueigne;Pas de Quartier;*AIGW*231015;non;2;M;Gobi;Oui- Attaché avec une chaîne et deux cadenas;Non;Oui;08/09/2023;08/09/2023;Non;9.168702;16.392067
2023;Septembre;09/09/2023;403;Chien Domestique;CB;Bailli;Bailli 2;Landjoua;Pas de Quartier;*AIGW*230355;non;3;M;DARBASSETTE;Oui- Attaché avec une chaîne et deux cadenas;Non;Non;01/09/2023;01/09/2023;Oui;10.515009;21.309888
2023;Septembre;09/09/2023;404;Chien Domestique;SLM;Haraze;Michetir;Ndoubari;Pas de Quartier;*AIGW*231020;non;1;M;Jalousie;Oui- Attaché avec une chaîne et deux cadenas;Non;Non;23/08/2023;23/08/2023;Oui;10.364843;16.484633
2023;Septembre;11/09/2023;405;Chien Domestique;CB;Bailli;Mourai Sara;Bere Bere;Pas de Quartier;*AIGW*230329;non;1;M;Bâche;Oui- Attaché avec une chaîne et deux cadenas;Non;Non;08/09/2023;08/09/2023;Oui;9.767291;20.756412
2023;Septembre;11/09/2023;406;Chat Domestique;CB;Kouno;Mbarlet;Goré Ibi;Pas de Quartier;*AIGW*230433;non;1;F;Maïmian;Non-_Lanimal_nest_pas_attache;Non;Non;05/09/2023;05/09/2023;Oui;10.64227;16.327908
2023;Septembre;11/09/2023;407;Chien Domestique;CB;Bailli;Daradja;Kaba Sara;Pas de Quartier;38708133;non;2;F;Bissé;Non- L'animal n'est pas attaché;Oui;Oui;10/09/2023;11/09/2023;Non;10.64227;16.327908
2023;Septembre;11/09/2023;408;Chien Domestique;MC;Biobe;Mayo 2;Obo;Pas de Quartier;*AIGW*230748;non;5;M;Gadafi;Non-_Lanimal_nest_pas_attache;Non;Non;06/09/2023;06/09/2023;Oui;10.678612;16.330181
2023;Septembre;12/09/2023;409;Chien Domestique;Tandjile;Kolon;Gringa;Mere 2;Pas de Quartier;*AIGW*230156;non;3;M;Londo;Non-_Lanimal_nest_pas_attache;Non;Non;04/09/2023;04/09/2023;Oui;9.563793;19.47267
2023;Septembre;12/09/2023;410;Chien Domestique;CB;Bailli;Moursal;Potrock;Potrock 2;*AIGW*230357;non;3;M;Service;Oui- Attaché avec une chaîne et deux cadenas;Oui;Oui;12/09/2023;13/09/2023;Non;9.503528;15.984334
2023;Septembre;12/09/2023;411;Chien Domestique;MDL;Bekourou;Gon;Kaba 4;Pas de Quartier;*AIGW*230720;non;7;F;Adesse;Non-_Lanimal_nest_pas_attache;Non;Non;26/08/2023;26/08/2023;Oui;10.485092;16.644904
2023;Septembre;12/09/2023;412;Chien Domestique;MDL;Moissala;Nadili;Maïcongo;Maïcongo;*AIGW*230722;non;> 10;F;Nguendo-imbo;Oui- Attaché avec une chaîne et deux cadenas;Oui;Non;01/09/2023;11/09/2023;Non;8.177125;17.695633
2023;Septembre;12/09/2023;413;Chat Domestique;SLM;Haraze;Massambagne;Massambagne 1;Pas de Quartier;*AIGW*231035;non;2;M;Loulou;Oui- Mais pas avec une chaîne et deux cadenas;Oui;Oui;11/09/2023;13/09/2023;Non;10.364843;16.484633
2023;Septembre;13/09/2023;414;Chien Domestique;CB;Mandelia;Koundoul;Koundoul Toupouri;Pas de Quartier;*AIGW*230928;non;4;M;Samoya;Non-_Lanimal_nest_pas_attache;Non;Non;03/09/2023;04/09/2023;Oui;9.422111;20.868028
2023;Septembre;13/09/2023;415;Chien Domestique;Tandjile;Bere;Kalme;Kidjimina 2;Sarengbour;*AIGW*230269;non;1;M;Digui;Oui- Attaché avec une chaîne et deux cadenas;Non;Non;11/09/2023;11/09/2023;Oui;9.563793;19.47267
2023;Septembre;13/09/2023;416;Chien Domestique;LOC;Benoye;Tchaouen;Teima;Pas de Quartier;*AIGW*230254;non;2;F;Hôpital;Non-_Lanimal_nest_pas_attache;Non;Non;08/09/2023;08/09/2023;Oui;9.341599;18.831676
2023;Septembre;14/09/2023;417;Chien Domestique;MC;Kyabe;Massa Kaba;Bramanga;Pas de Quartier;*AIGW*230847;non;2;M;Supporté;Non-_Lanimal_nest_pas_attache;Non;Non;15/08/2023;17/08/2023;Oui;9.185005;16.32101
2023;Septembre;14/09/2023;418;Chat Domestique;MC;Sarh;Maingara;Maingara 2;Maingara 2;*AIGW*230726;non;3;M;Kassara;Non-_Lanimal_nest_pas_attache;Non;Non;08/09/2023;08/09/2023;Oui;9.325168;18.793744
2023;Septembre;14/09/2023;419;Chien Domestique;CB;Bailli;Mourai Sara;Mourai Sara;Pas de Quartier;*AIGW*230356;non;2;F;Mariam;Oui- Attaché avec une chaîne et deux cadenas;Non;Oui;14/09/2023;14/09/2023;Non;9.422111;20.868028
2023;Septembre;14/09/2023;420;Chien Domestique;CB;Bailli;Bailli 1;Djangta Marba;Pas de Quartier;*AIGW*230331;non;2;M;Douane;Non-_Lanimal_nest_pas_attache;Non;Non;07/09/2023;07/09/2023;Oui;10.627393;16.356784
2023;Septembre;14/09/2023;421;Chat Domestique;MC;Kyabe;Djobada;Taguimbi;Centre;*AIGW*230855;non;1;M;Hangkouri;Non-_Lanimal_nest_pas_attache;Non;Non;14/09/2023;14/09/2023;Oui;10.537885;16.412105
2023;Septembre;15/09/2023;422;Chat Domestique;Tandjile;Lai;Lai;Noungou;carre 1;*AIGW*230207;non;4;M;Mariam;Non-_Lanimal_nest_pas_attache;Non;Non;13/08/2023;14/08/2023;Oui;9.563793;19.47267
2023;Septembre;15/09/2023;423;Chien Domestique;CB;Mandelia;Koundoul;Koundoul 2;Pas de Quartier;*AIGW*230961;non;2;F;Miss;Oui- Attaché avec une chaîne et deux cadenas;Oui;Non;13/09/2023;13/09/2023;Non;10.627393;16.356784
2023;Septembre;15/09/2023;424;Chat Domestique;CB;Mandelia;Mailao;Tchendjou;Pas de Quartier ;*AIGW*230946;non;2;F;Djos;Non-_Lanimal_nest_pas_attache;Non;Non;25/07/2023;25/07/2023;Oui;10.627393;16.356784
2023;Septembre;16/09/2023;425;Chat Domestique;MC;Kyabe;Kyabe;Kyabe;Dembe;*AIGW*230739;non;1;F;Miss;Non-_Lanimal_nest_pas_attache;Non;Non;13/09/2023;13/09/2023;Oui;11.535589;15.290634
2023;Septembre;16/09/2023;426;Chat Domestique;MDL;Bedaya;Reni;Reni;Mayndeye;*AIGW*230723;non;2;M;Miss;Non-_Lanimal_nest_pas_attache;Non;Non;10/09/2023;16/09/2023;Oui;8.177125;17.695633
2023;Septembre;17/09/2023;427;Chat Domestique;Tandjile;Bere;Kalme;Dalouna;Pas de Quartier;*AIGW*230267;non;1;M;Gaston;Oui- Attaché avec une chaîne et deux cadenas;Oui;Oui;15/09/2023;15/09/2023;Non;9.563793;19.47267
2023;Septembre;17/09/2023;428;Chat Domestique;MC;Sarh;Kassai;Kassai;Kassai 18;*AIGW*230883;non;2;M;Paul;Non-_Lanimal_nest_pas_attache;Non;Non;12/09/2023;12/09/2023;Oui;9.280908;16.264827
2023;Septembre;18/09/2023;429;Chien Domestique;LOC;Benoye;Tchaouen;Gueldoua;Gueldoua;*AIGW*230283;non;2;M;Minou;Non-_Lanimal_nest_pas_attache;Non;Non;14/09/2023;14/09/2023;Oui;9.341599;18.831676
2023;Septembre;18/09/2023;430;Chien Domestique;MDL;Bedaya;Mayo;Nomboh;Nomboh centre;*AIGW*230730;non;2;M;Tondeyo;Oui- Attaché avec une chaîne et deux cadenas;Non;Oui;18/09/2023;18/09/2023;Non;9.206203;16.356539
2023;Septembre;18/09/2023;431;Chat Domestique;MKE;Guelendeng;Abba Limane;Avraya;Avraya 1;*AIGW*230047;non;1;F;Narkidé;Oui- Attaché avec une chaîne et deux cadenas;Non;Oui;18/09/2023;19/09/2023;Non;9.231339;16.275917
2023;Septembre;18/09/2023;432;Chien Domestique;SLM;Am Timan;Kach-Kacha;Adelebaye;Hille Koulfa;*AIGW*231042;non;1;F;Batou;Oui- Attaché avec une chaîne et deux cadenas;Non;Non;06/09/2023;06/09/2023;Oui;11.095604;15.334639
2023;Septembre;19/09/2023;433;Chien Domestique;MKE;Guelendeng;Diao;Loutou;Gamawadaye;*AIGW*231149;non;6;M;Allafi;Non- L'animal n'est pas attaché;Non;Oui;18/09/2023;18/09/2023;Non;10.808224;20.045745
2023;Septembre;19/09/2023;434;Chien Domestique;CB;Mandelia;Koundoul;Koundoul 2;Pas de Quartier;*AIGW*230962;non;5;M;Commanda;Oui- Attaché avec une chaîne et deux cadenas;Non;Oui;14/09/2023;14/09/2023;Non;10.627393;16.356784
2023;Septembre;20/09/2023;435;Chien Domestique;MC;Danamadji;Moussafoyo;Kemkaba;Kemkaba Centre;*AIGW*230833;non;3;M;Gardien;Non-_Lanimal_nest_pas_attache;Non;Non;12/09/2023;12/09/2023;Oui;9.280908;16.264827
2023;Septembre;20/09/2023;436;Chat Domestique;MC;Kyabe;Kyabe;Kyabe;Guebale;*AIGW*230757;non;2;F;Loulou ;Oui- Attaché avec une chaîne et deux cadenas;Non;Non;15/09/2023;15/09/2023;Oui;8.792865;18.745983
2023;Septembre;20/09/2023;437;Chien Domestique;SLM;Haraze;Mangueigne;Mangueigne;Pas de Quartier;*AIGW*231021;non;2;F;Miss;Non-_Lanimal_nest_pas_attache;Non;Non;18/09/2023;18/09/2023;Oui;11.095604;15.334639
2023;Septembre;20/09/2023;438;Chien Domestique;LOC;Benoye;Tchaouen;Guelsaou 1;Pas de Quartier;*AIGW*230189;non;2;F;KIBÉCHA;Oui- Attaché avec une chaîne et deux cadenas;Non;Non;09/09/2023;09/09/2023;Oui;10.515009;21.309888
2023;Septembre;20/09/2023;439;Chien Domestique;MC;Sarh;Kokaga;Dibassia;Carre Dibassia;*AIGW*230711;non;3;M;Guirimadjo;Non-_Lanimal_nest_pas_attache;Non;Non;13/09/2023;13/09/2023;Oui;9.192176;16.316922
2023;Septembre;21/09/2023;440;Chien Domestique;Guera;Mangalme;Eref;Zawia;Pas de Quartier;*AIGW*231070;non;3;M;Narimba;Non-_Lanimal_nest_pas_attache;Non;Non;05/09/2023;05/09/2023;Oui;9.344706;18.214396
2023;Septembre;21/09/2023;441;Chat Domestique;CB;Bailli;Mourai Sara;Mourai Sara;Pas de Quartier;*AIGW*230333;non;3;M;Djabok;Oui- Attaché avec une chaîne et deux cadenas;Oui;Oui;19/09/2023;19/09/2023;Non;10.627393;16.356784
2023;Septembre;21/09/2023;442;Chat Domestique;MC;Balimba;Bemouli;Maitaman;Pas de Quartier;*AIGW*230646;non;2;F;Mariam;Non-_Lanimal_nest_pas_attache;Non;Non;22/06/2023;22/06/2023;Oui;10.627393;16.356784
2023;Septembre;22/09/2023;443;Chat Domestique;MC;Biobe;Mayo 1;Bale Singako;Pas de Quartier;*AIGW*230740;non;3;M;Sir;Oui- Attaché avec une chaîne et deux cadenas;Non;Non;13/09/2023;13/09/2023;Oui;10.627393;16.356784
2023;Septembre;22/09/2023;444;Chien Domestique;Tandjile;Lai;Lai;Dougmayo;carre 2;*AIGW*230160;non;3;M;Mariam;Oui- Attaché avec une chaîne et deux cadenas;Non;Non;06/09/2023;07/09/2023;Oui;9.563793;19.47267
2023;Septembre;22/09/2023;445;Chien Domestique;MC;Korbol;Niellim;Koin;Pas de Quartier;*AIGW*230725;non;1;M;Succes;Oui- Attaché avec une chaîne et deux cadenas;Non;Oui;22/09/2023;21/09/2023;Non;10.627393;16.356784
2023;Septembre;24/09/2023;446;Chien Domestique;MC;Kyabe;Djobada;Taguimbi;Taguimbi Sakou;85615360;non;2;F;Denemoure;Oui- Attaché avec une chaîne et deux cadenas;Non;Non;18/09/2023;19/09/2023;Oui;9.467448;18.072847
2023;Septembre;24/09/2023;447;Chien Domestique;MC;Kyabe;Djobada;Taguimbi;Taguimbi Carré;629007576;non;4;F;Supporté;Non-_Lanimal_nest_pas_attache;Non;Non;22/08/2023;22/08/2023;Oui;9.467448;18.072847
2023;Septembre;24/09/2023;448;Chat Domestique;MC;Sarh;Maingara;Maingara 2;Maingara 2;*AIGW*230737;non;2;M;Abekai;Oui- Attaché avec une chaîne et deux cadenas;Oui;Oui;22/09/2023;22/09/2023;Non;9.467448;18.072847
2023;Septembre;25/09/2023;449;Chien Domestique;MC;Sarh;Kemdere;Kemdere;Kemdere centre;*AIGW*230819;non;2;M;Miss;Oui- Attaché avec une chaîne et deux cadenas;Non;Non;24/09/2023;24/09/2023;Non;9.467448;18.072847
2023;Septembre;25/09/2023;450;Chien Domestique;Tandjile;Bere;Kalme;Kalmé;Bilé;*AIGW*230265;non;3;M;Tout passe;Non-_Lanimal_nest_pas_attache;Non;Non;23/09/2023;23/09/2023;Oui;9.563793;19.47267
2023;Septembre;25/09/2023;451;Chien Domestique;MC;Balimba;Bemouli;Doba 2;Pas de Quartier;*AIGW*230710;non;3;M;Dit rien;Non-_Lanimal_nest_pas_attache;Non;Non;20/09/2023;21/09/2023;Oui;9.285021;16.258862
2023;Septembre;25/09/2023;452;Chien Domestique;Tandjile;Lai;Gabri-ngolo;Gabri-ngolo;Pas de Quartier;*AIGW*230168;non;4;F;Oitahori;Oui- Attaché avec une chaîne et deux cadenas;Oui;Oui;23/09/2023;25/09/2023;Non;9.563793;19.47267
2023;Septembre;26/09/2023;453;Chien Domestique;MC;Sarh;Kokaga;Kissinga;Carre Tolobo;404787486;non;3;F;Tout c'est pas ;Non-_Lanimal_nest_pas_attache;Non;Non;29/08/2023;29/08/2023;Oui;9.251199;16.388725
2023;Septembre;28/09/2023;454;Chien Domestique;MC;Biobe;Mayo 1;Gatabolo;Pas de Quartier;*AIGW*230741;non;4;F;Aman;Non-_Lanimal_nest_pas_attache;Non;Non;20/09/2023;20/09/2023;Oui;9.251199;16.388725
2023;Septembre;30/09/2023;455;Chien Domestique;Tandjile;Lai;Lai;Lai Djom ;carre 1;*AIGW*230164;non;1;F;Mariam;Non-_Lanimal_nest_pas_attache;Non;Non;26/09/2023;26/09/2023;Oui;9.563793;19.47267
2023;Septembre;30/09/2023;456;Chien Domestique;Tandjile;Lai;Gabri-ngolo;Gabri-ngolo;Pas de Quartier;*AIGW*230196;non;2;F;Zezabel;Oui- Attaché avec une chaîne et deux cadenas;Non;Non;28/09/2023;28/09/2023;Oui;9.563793;19.47267
2023;Octobre;02/10/2023;457;Chien Domestique;Tandjile;Lai;Gabri-ngolo;Hamakara;Pas de Quartier;*AIGW*230210;non;6-12 mois;M;Flambeau ;Non-_Lanimal_nest_pas_attache;Non;Non;19/09/2023;19/09/2023;Oui;9.251199;16.388725
2023;Octobre;02/10/2023;458;Chat Domestique;LOC;Benoye;Tchaouen;Douah;Douah;*AIGW*230234;non;6-12 mois;F;Mas;Non-_Lanimal_nest_pas_attache;Non;Non;28/09/2023;28/09/2023;Oui;9.295494;16.357001
2023;Octobre;02/10/2023;459;Chien Domestique;MKE;Guelendeng;Bere;Djomdjirely;Pas de Quartier;*AIGW*231246;non;1;F;Messe;Oui- Attaché avec une chaîne et deux cadenas;Non;Oui;01/10/2023;02/10/2023;Non;9.192778;16.384496
2023;Octobre;02/10/2023;460;Chien Domestique;MKE;Guelendeng;Nanguigoto;Danamadji;Pas de Quartier;*AIGW*231248;non;2;F;Sankos;Non-_Lanimal_nest_pas_attache;Non;Non;05/07/2023;05/07/2023;Oui;9.192778;16.384496
2023;Octobre;05/10/2023;461;Chien Domestique;Tandjile;Lai;Gabri-ngolo;Mbalet;Pas de Quartier;*AIGW*230219;non;7;F;Douane;Non-_Lanimal_nest_pas_attache;Non;Non;01/10/2023;01/10/2023;Oui;9.251199;16.388725
2023;Octobre;07/10/2023;462;Chien Domestique;CB;Mandelia;Koundoul;Repos ;Pas de Quartier;*AIGW*230927;non;2;M;Masra;Oui- Attaché avec une chaîne et deux cadenas;Non;Non;05/10/2023;05/10/2023;Non;10.627393;16.356784
2023;Octobre;08/10/2023;463;Chien Domestique;MC;Biobe;Mayo 1;Kikoye;Pas de Quartier;*AIGW*230732;non;2;M;Takoundoul;Oui- Attaché avec une chaîne et deux cadenas;Non;Oui;03/10/2023;05/10/2023;Non;9.251199;16.388725
2023;Octobre;08/10/2023;464;Chien Domestique;Tandjile;Bere;Tamio;Mbegue-lema;Pas de Quartier;*AIGW*230298;non;3;M;Supporté;Non-_Lanimal_nest_pas_attache;Non;Oui;07/10/2023;07/10/2023;Non;9.251199;16.388725
2023;Octobre;09/10/2023;465;Chat Domestique;NDJ;9e Arrondissement;Ordre de Malte;Gardolet;Carre 10;*AIGW*231269;non;2;F;CHANCE;Non-_Lanimal_nest_pas_attache;Non;Non;04/10/2023;04/10/2023;Oui;9.237469;16.276551
2023;Octobre;09/10/2023;466;Chat Domestique;MC;Biobe;Mayo 1;Bale Singako;Pas de Quartier;*AIGW*230749;non;4;M;Miss;Oui- Attaché avec une chaîne et deux cadenas;Non;Non;03/09/2023;04/09/2023;Non;9.251199;16.388725
2023;Octobre;10/10/2023;467;Chien Domestique;MKE;Guelendeng;Abba Limane;Abono Moussa;Pas de Quartier;*AIGW*230045;non;3;F;Mariam;Oui- Attaché avec une chaîne et deux cadenas;Non;Non;07/10/2023;07/10/2023;Non;9.192778;16.384496
2023;Octobre;11/10/2023;468;Chien Domestique;MC;Balimba;Balimba;Balimba 1;Pas de Quartier;*AIGW*230709;non;5;M;Allafi;Oui- Attaché avec une chaîne et deux cadenas;Non;Non;17/10/2023;04/10/2023;Oui;11.211108;15.386094
2023;Octobre;11/10/2023;469;Chien Domestique;SLM;Haraze;Massambagne;Malam;Pas de Quartier;*AIGW*231003;non;1;F;Gardien;Non-_Lanimal_nest_pas_attache;Non;Non;04/10/2023;04/10/2023;Oui;11.095604;15.334639
2023;Octobre;12/10/2023;470;Chien Domestique;CB;Bailli;Moursal;Madjimara Mekounti;Pas de Quartier;*AIGW*230335;non;2;M;Darbasset;Oui- Attaché avec une chaîne et deux cadenas;Non;Non;01/10/2023;02/10/2023;Oui;9.42124;20.905515
2023;Octobre;12/10/2023;471;Chien Domestique;Tandjile;Bere;Tamio;Guelkeb;Pas de Quartier;*AIGW*230084;non;3;F;Gobi;Non-_Lanimal_nest_pas_attache;Non;Non;10/10/2023;10/10/2023;Oui;10.490534;16.592296
2023;Octobre;13/10/2023;472;Chien Domestique;MC;Sarh;Banda;Molori 1;Pas de Quartier;*AIGW*230885;non;4;F;KEMARIDI;Oui- Attaché avec une chaîne et deux cadenas;Oui;Oui;12/10/2023;12/10/2023;Non;9.241284;16.34086
2023;Octobre;19/10/2023;473;Chat Domestique;LOC;Benoye;Tchaouen;Sawa Centre;Sawa Centre;*AIGW*230236;non;2;M;Supporté;Oui- Attaché avec une chaîne et deux cadenas;Non;Non;10/10/2023;11/10/2023;Oui;9.066168;18.515961
2023;Octobre;19/10/2023;474;Chien Domestique;CB;Bailli;Kelengue;Goudoum Goudoum;Montagne;*AIGW*230346;non;2;M;Mariam;Oui- Attaché avec une chaîne et deux cadenas;Non;Oui;19/10/2023;19/10/2023;Non;9.157605;16.331521
2023;Octobre;20/10/2023;475;Chien Domestique;MC;Korbol;Niellim;Niellim Saker;Pas de Quartier;*AIGW*230718;non;3;F;GARDE;Non-_Lanimal_nest_pas_attache;Non;Non;18/10/2023;18/10/2023;Oui;10.651155;16.309472
2023;Octobre;21/10/2023;476;Chien Domestique;MC;Sarh;Badara;Moussamere;Ndjomegue;*AIGW*230869;non;2;M;Doud;Oui- Attaché avec une chaîne et deux cadenas;Non;Non;17/10/2023;18/10/2023;Oui;9.725944;17.818888
2023;Octobre;21/10/2023;477;Chien Domestique;CB;Bailli;Bogomoro;Kormata;Pas de Quartier;*AIGW*230021;non;1;F;Police;Non-_Lanimal_nest_pas_attache;Non;Non;11/10/2023;11/10/2023;Oui;9.157605;16.331521
2023;Octobre;23/10/2023;478;Chien Domestique;CB;Massenya;Bougourmari;Malloum-Noukou;Pas de Quartier;*AIGW*230121;non;2;M;Djamous;Non-_Lanimal_nest_pas_attache;Non;Non;17/10/2023;17/10/2023;Oui;9.157605;16.331521
2023;Octobre;24/10/2023;479;Chien Domestique;CB;Mandelia;Bougoumene;Dandar;Pas de Quartier;*AIGW*230985;non;9;M;Sasouang;Non-_Lanimal_nest_pas_attache;Non;Non;03/10/2023;03/10/2023;Oui;9.157605;16.331521
2023;Octobre;25/10/2023;480;Chien Domestique;MC;Sarh;Kamati-Maroc;Kamati;Kamati 27;*AIGW*230735;non;1;M;Maréchal;Non-_Lanimal_nest_pas_attache;Non;Non;19/10/2023;19/10/2023;Oui;9.725944;17.818888
2023;Novembre;03/11/2023;481;Chien Domestique;CB;Mandelia;Loumia;Loumia Centre;Gabri;*AIGW*230950;non;2;F;Life;Non-_Lanimal_nest_pas_attache;Non;Non;11/10/2023;11/10/2023;Oui;9.121611;18.374696
2023;Novembre;03/11/2023;482;Chien Domestique;SLM;Aboudeia;Al-ardep;Amsigane;Pas de Quartier;*AIGW*231090;non;1;F;Tadodje;Non-_Lanimal_nest_pas_attache;Non;Non;31/10/2023;31/10/2023;Oui;11.095604;15.334639
2023;Novembre;10/11/2023;483;Chien Domestique;MKE;Guelendeng;Guelendeng 3;Kakale Baguirmi;Pas de Quartier;*AIGW*231251;non;7;M;Doud;Non-_Lanimal_nest_pas_attache;Non;Non;03/11/2023;03/11/2023;Oui;11.68468;19.854304
2023;Novembre;16/11/2023;484;Chien Domestique;Tandjile;Bere;Tamio;Djengdra 2;Pas de Quartier;*AIGW*230272;non;1;F;Ver de Guinée;Non-_Lanimal_nest_pas_attache;Non;Non;10/11/2023;10/11/2023;Oui;10.899518;15.616669
2023;Novembre;22/11/2023;485;Chien Domestique;SLM;Haraze;Daha;Kolkigna;Pas de Quartier;*AIGW*231002;non;1;F;Doumpa;Non-_Lanimal_nest_pas_attache;Non;Non;02/11/2023;02/11/2023;Oui;11.095604;15.334639
2023;Novembre;23/11/2023;486;Chat Domestique;MC;Sarh;Kemata;Yabakaga;Yabakaga;*AIGW*230861;non;3;M;Doud;Oui- Attaché avec une chaîne et deux cadenas;Non;Non;20/11/2023;22/11/2023;Oui;9.130949;20.336869
2023;Novembre;27/11/2023;487;Chien Domestique;MC;Kyabe;Kouyako;Yanga;Djonounga;*AIGW*230736;non;1;F;Mariam;Non-_Lanimal_nest_pas_attache;Non;Non;20/11/2023;20/11/2023;Oui;9.18829;18.481022
2023;Novembre;28/11/2023;488;Chien Domestique;MC;Sarh;Kemata;Bebita;Pas de Quartier;*AIGW*230859;non;2;M;Tanissara;Oui- Attaché avec une chaîne et deux cadenas;Non;Oui;19/11/2023;21/11/2023;Non;9.18829;18.481022
2023;Décembre;02/12/2023;489;Chien Domestique;MC;Kyabe;Djobada;Kemanga;Glouhou 2;*AIGW*230856;non;2;M;Tout passe;Non-_Lanimal_nest_pas_attache;Non;Non;23/11/2023;23/11/2023;Oui;9.202039;18.554868
2023;Décembre;02/12/2023;490;Chien Domestique;CB;Kouno;Mbarlet;Mbarlet;Forgeron/Goulaye;*AIGW*230432;non;2;F;Mamrabé;Non-_Lanimal_nest_pas_attache;Non;Non;28/11/2023;27/11/2023;Oui;9.138266;18.853197
2023;Décembre;10/12/2023;491;Chat Domestique;SLM;Haraze;Massambagne;Batimera;Pas de Quartier;*AIGW*231001;non;1;M;Mokembim;Oui- Attaché avec une chaîne et deux cadenas;Non;Non;29/11/2023;29/11/2023;Oui;10.383971;17.103199
2023;Décembre;11/12/2023;492;Chien Domestique;Tandjile;Bere;Tamio;Tamio Mbassa;Pas de Quartier;*AIGW*230244;non;2;M;Batou;Oui- Attaché avec une chaîne et deux cadenas;Non;Non;01/12/2023;03/12/2023;Non;9.644931;20.825725
2023;Décembre;18/12/2023;493;Chien Domestique;MKE;Biliam-Oursi;Magao;Magao 1;Ngouyana;*AIGW*231115;non;1;F;Maouséi;Non-_Lanimal_nest_pas_attache;Non;Non;06/11/2023;06/11/2023;Oui;9.231339;16.275917
2023;Décembre;18/12/2023;494;Chien Domestique;MC;Danamadji;Maimana;Godila 1;Godila 1 Centre;*AIGW*230796;non;10;M;Aman-gada;Oui- Attaché avec une chaîne et deux cadenas;Non;Non;14/12/2023;15/12/2023;Oui;9.202039;18.554868
2023;Décembre;19/12/2023;495;Chien Domestique;MKE;Guelendeng;Guelendeng 2;Guelendeng;Fonctionnaire;*AIGW*231252;non;3;M;Gobi;Non-_Lanimal_nest_pas_attache;Non;Non;17/12/2023;18/12/2023;Oui;8.882152;18.567846
2023;Décembre;21/12/2023;496;Chien Domestique;SLM;Haraze;Kya-Ndopto;Sahaba-manguida;Pas de Quartier;*AIGW*231005;non;2;M;Djakobi;Non-_Lanimal_nest_pas_attache;Non;Non;18/12/2023;18/12/2023;Oui;10.383971;17.103199
2023;Décembre;27/12/2023;497;Chien Domestique;CB;Massenya;Bougourmari;Grekaka;Pas de Quartier;*AIGW*230131;non;1;M;Saboune;Oui- Attaché avec une chaîne et deux cadenas;Non;Non;03/12/2023;12/12/2023;Non;10.105916;20.741543
2022;janvier;01/01/2022;1;Chien Domestique;MC;Balimba;Manda;Maibesse;Maibesse 1;164558081;Non;2;M;Doute;Oui- Attaché avec une chaîne et deux cadenas;Oui;Non;31/01/2022;31/01/2022;Non;9,165091;18,253217
2022;janvier;05/01/2022;2;Chien Domestique;MC;Sarh;Kemata;Gotobendja;Pas de Quartier;487883750;Oui;3;M;Mbotarabé;Non- L\'animal n\'est pas attaché;Oui;Oui;05/01/2022;05/01/2022;Non;9,204762;18,518255
2022;janvier;08/01/2022;3;Chien Domestique;MC;Sarh;Kokaga;Mairom;Pas de Quartier;629676949;non;1;M;Donang;Oui- Attaché avec une chaîne et deux cadenas;Oui;Non;06/01/2022;07/01/2022;Oui;9,318404;18,231088
2022;janvier;11/01/2022;4;Chien Domestique;MC;Balimba;Bemouli;Mangara 1;Mangara 1;650157317;Oui;3;F;Doud;Oui- Attaché avec une chaîne et deux cadenas;Oui;Non;05/01/2022;06/01/2022;Oui;9,002981;18,074241
2022;janvier;14/01/2022;5;Chien Domestique;MC;Danamadji;Bambara;Dankolo;Myabolo;557082509;non;1;M;Supporter;Oui- Attaché avec une chaîne et deux cadenas;Oui;Non;14/01/2022;14/01/2022;Oui;9,131838;18,813757
2022;janvier;14/01/2022;6;Chien Domestique;MC;Sarh;Kemata;Bemadjirodjo;Bongoroko;456743944;non;2;M;Nahalngo;Oui- Attaché avec une chaîne et deux cadenas;Oui;Non;10/01/2022;10/01/2022;Oui;9,165199;18,565234
2022;janvier;25/01/2022;7;Chien Domestique;MKE;Guelendeng;Guelendeng 1;Sawata;Matoum;494064725;non;1;F;Garwaye;Oui- Attaché avec une chaîne et deux cadenas;Oui;Non;06/01/2022;06/01/2022;Oui;10,971644;15,525941
2022;février;03/02/2022;8;Chien Domestique;CB;Bailli;Bogomoro;Mossio Massa;Pas de Quartier;178044292;non;1;M;Razilina;Oui- Attaché avec une chaîne et deux cadenas;Oui;Non;02/02/2022;02/02/2022;Oui;10,818395;15,890013
2022;février;09/02/2022;9;Chien Domestique;MC;Kyabe;Marabe;Dangala Kanya;Kibita;707279635;non;4;M;Gassirou;Oui- Attaché avec une chaîne et deux cadenas;Oui;Non;06/02/2022;06/02/2022;Oui;9,170931;18,654916
2022;février;09/02/2022;10;Chien Domestique;MC;Kyabe;Marabe;Marabe 1;Pas de Quartier;161819208;non;3;M;Politique;Oui- Attaché avec une chaîne et deux cadenas;Oui;Non;06/02/2022;06/02/2022;Oui;9,33096;18,640235
2022;février;09/02/2022;11;Chien Domestique;CB;Bailli;Mourai Sara;Mourai Sara;Pas de Quartier;483283118;non;2;M;Gobi;Oui- Attaché avec une chaîne et deux cadenas;Oui;Non;15/01/2022;31/01/2022;Non;10,625614;16,357667
2022;février;11/02/2022;12;Chien Domestique;MC;Danamadji;Bambara;Tarangara;Tarakoh;669717204;non;2;F;Nakara;Oui- Attaché avec une chaîne et deux cadenas;Oui;Non;01/02/2022;01/02/2022;Oui;9,13865;18,700582
2022;février;11/02/2022;13;Chien Domestique;MC;Sarh;Badara;Badara;Badara 1;266640133;Oui;3;F;Tapadé;Oui- Attaché avec une chaîne et deux cadenas;Oui;Non;08/02/2022;09/02/2022;Oui;9,157006;18,416472
2022;février;14/02/2022;14;Chien Domestique;MKE;Guelendeng;Abba Limane;Magara 1;Pas de Quartier;885684640;non;2;M;Boynboudou;Oui- Attaché avec une chaîne et deux cadenas;Oui;Oui;31/01/2022;31/01/2022;Non;11,157118;15,402296
2022;février;15/02/2022;15;Chien Domestique;CB;Bailli;Mourai Sara;Mourai Sara;Pas de Quartier;1000836;non;3;M;Naargo;Oui- Attaché avec une chaîne et deux cadenas;Oui;Non;22/01/2022;15/02/2022;Non;10,625614;16,357667
2022;février;17/02/2022;16;Chien Domestique;CB;Bousso;Mbaranga;Mitcher;Pas de Quartier;335876290;Oui;3;F;Honda;Oui- Attaché avec une chaîne et deux cadenas;Oui;Non;14/02/2022;15/02/2022;Oui;10,46489;17,230172
2022;février;19/02/2022;17;Chien Domestique;MC;Danamadji;Bambara;Dankolo;Dankolo Centre;824741174;non;1;M;Karama;Oui- Attaché avec une chaîne et deux cadenas;Oui;Non;13/01/2022;13/01/2022;Oui;9,064525;18,756541
2022;février;21/02/2022;18;Chien Domestique;MC;Kyabe;Marabe;Madjyam;Pas de Quartier;365975075;non;1;M;Gnaba;Oui- Attaché avec une chaîne et deux cadenas;Oui;Non;11/02/2022;11/02/2022;Oui;9,22042;18,645461
2022;février;21/02/2022;19;Chien Domestique;CB;Bousso;Mbaranga;Boungolti;Pas de Quartier;533233600;non;2;M;Supporté;Oui- Attaché avec une chaîne et deux cadenas;Oui;Non;20/02/2022;20/02/2022;Oui;10,582208;16,937519
2022;février;23/02/2022;20;Chien Domestique;MC;Sarh;Banda;Mallah;Dangadjogadja;958429750;non;2;F;Djetéïkone;Oui- Attaché avec une chaîne et deux cadenas;Oui;Non;22/02/2022;23/02/2022;Oui;8,993115;18,521257
2022;février;24/02/2022;21;Chien Domestique;MC;Sarh;Banda;Mallah;Dangadjogadja;658636071;non;5;M;Gatafi;Oui- Attaché avec une chaîne et deux cadenas;Oui;Non;22/02/2022;23/02/2022;Oui;8,993115;18,521257
2022;février;24/02/2022;22;Chat Domestique;MC;Danamadji;Bambara;Bambara;Bambara Centre;684616856;Oui;6;M;Miss;Non- L\'animal n\'est pas attaché;Oui;Non;24/02/2022;24/02/2022;Non;8,997187;18,595719
2022;février;24/02/2022;23;Chien Domestique;MC;Kyabe;Marabe;Marabe 2;Bagob;355614993;non;5;F;Abekehe;Oui- Attaché avec une chaîne et deux cadenas;Oui;Non;22/02/2022;22/02/2022;Oui;9,239913;18,679751
2022;février;25/02/2022;24;Chien Domestique;MC;Danamadji;Bambara;Kaimane-mba;Pas de Quartier;14138954;non;2;F;Mandahognon;Oui- Attaché avec une chaîne et deux cadenas;Oui;Non;10/02/2022;10/02/2022;Oui;9,055154;18,66605
2022;février;26/02/2022;25;Chien Domestique;MKE;Bongor;Djarwaye;Djarwaye;Dorbol 3;695841002;non;5;F;Kanlhakatangou;Oui- Attaché avec une chaîne et deux cadenas;Oui;Non;26/02/2022;26/02/2022;Oui;10,052932;15,618169
2022;février;26/02/2022;26;Chien Domestique;MKE;Guelendeng;Nanguigoto;Diguini;Diguini Massa;472718327;non;6-11 mois;M;Confiance;Oui- Attaché avec une chaîne et deux cadenas;Oui;Non;29/01/2022;29/01/2022;Oui;10,767521;15,881057
2022;février;28/02/2022;27;Chien Domestique;MC;Sarh;Banda;Mallah;Dangadjogadja;682942535;non;3;F;Motou;Oui- Attaché avec une chaîne et deux cadenas;Oui;Non;25/02/2022;28/02/2022;Oui;8,993115;18,521257
2022;mars;04/03/2022;28;Chat Domestique;MKE;Guelendeng;Guelendeng 2;Guelendeng;Azigarang;70411071;non;3;M;Helou;Oui- Attaché avec une chaîne et deux cadenas;Oui;Non;02/03/2022;02/03/2022;Oui;10,921692;15,545012
2022;mars;05/03/2022;29;Chien Domestique;MC;Sarh;Kemata;Bebita;Pas de Quartier;424888406;non;1;F;Supporter;Oui- Attaché avec une chaîne et deux cadenas;Oui;Non;01/03/2022;02/03/2022;Oui;9,201909;18,555014
2022;mars;05/03/2022;30;Chat Domestique;MKE;Bongor;Djarwaye;Djarwaye;Dorbol 1;65286294;non;1;F;Miss;Oui- Attaché avec une chaîne et deux cadenas;Oui;Non;04/03/2022;05/03/2022;Oui;10,048395;15,615513
2022;mars;06/03/2022;31;Chien Domestique;MC;Danamadji;Bambara;Bambara;Bambara Centre;810823505;non;4;F;Nomba_yebe;Oui- Attaché avec une chaîne et deux cadenas;Oui;Non;05/03/2022;06/03/2022;Oui;8,997187;18,595719
2022;mars;07/03/2022;32;Chien Domestique;MKE;Guelendeng;Nanguigoto;Nanguigoto;Nanguigoto Massa;345607510;Oui;2;F;Laogromi;Oui- Attaché avec une chaîne et deux cadenas;Oui;Oui;07/03/2022;07/03/2022;Non;10,746151;15,968996
2022;mars;08/03/2022;33;Chien Domestique;MC;Korbol;Niellim;Waitan;Pas de Quartier;545544164;non;5;F;Dounia;Oui- Attaché avec une chaîne et deux cadenas;Oui;Non;06/03/2022;06/03/2022;Non;9,745919;17,768175
2022;mars;09/03/2022;34;Chien Domestique;MC;Kyabe;Djobada;Taguimbi;Taguimbi Carré;629007576;Non;1;M;Abeke;Oui- Attaché avec une chaîne et deux cadenas;Non;Oui;08/03/2022;09/03/2022;Non;9,384435;18,880316
2022;mars;09/03/2022;35;Chien Domestique;CB;Bailli;Bailli 1;Ngara;Pas de Quartier;145718433;non;4;F;Padilimde;Oui- Attaché avec une chaîne et deux cadenas;Oui;Oui;09/03/2022;09/03/2022;Non;10,57722;16,37434
2022;mars;09/03/2022;36;Chien Domestique;MKE;Guelendeng;Bere;Soukoua;Pas de Quartier;398870922;non;3;M;Nanguigoto;Oui- Attaché avec une chaîne et deux cadenas;Oui;Non;10/02/2022;10/02/2022;Oui;10,77428;15,862894
2022;mars;10/03/2022;37;Chien Domestique;MC;Sarh;Kemata;Bebita;Pas de Quartier;55278923;non;3;F;Dounian;Oui- Attaché avec une chaîne et deux cadenas;Oui;Non;09/03/2022;09/03/2022;Oui;9,201909;18,555014
2022;mars;11/03/2022;38;Chien Domestique;MC;Sarh;Kemata;Bebita;Pas de Quartier;60341732;non;1;F;Nankélia;Oui- Attaché avec une chaîne et deux cadenas;Oui;Non;01/03/2022;02/03/2022;Oui;9,201909;18,555014
2022;mars;11/03/2022;39;Chien Domestique;MKE;Bongor;Djarwaye;Zigui;Guilik;528409361;non;6-11 mois;M;Moliman;Oui- Attaché avec une chaîne et deux cadenas;Oui;Non;11/03/2022;11/03/2022;Non;10,06406;15,588607
2022;mars;12/03/2022;40;Chien Domestique;MKE;Bongor;Djarwaye;Djarwaye;Golom 2;72301076;Oui;2;M;Gouverneur;Non- L\'animal n\'est pas attaché;Oui;Oui;12/03/2022;12/03/2022;Non;10,037568;15,640978
2022;mars;13/03/2022;41;Chat Domestique;MKE;Guelendeng;Guelendeng 2;Yadawa;Pas de Quartier;465445894;non;2;M;Miss;Oui- Attaché avec une chaîne et deux cadenas;Oui;Non;13/03/2022;13/03/2022;Oui;10,915552;15,553701
2022;mars;16/03/2022;42;Chien Domestique;MC;Kyabe;Marabe;Kamanga 1;Kamanga 1 centre;907571403;non;4;M;Lion;Oui- Attaché avec une chaîne et deux cadenas;Oui;Non;13/03/2022;14/03/2022;Oui;9,344007;18,581931
2022;mars;17/03/2022;43;Chien Domestique;MC;Sarh;Banda;Mallah;Ndinaba;824956321;non;5;M;Supporter;Oui- Attaché avec une chaîne et deux cadenas;Oui;Non;11/03/2022;15/03/2022;Non;9,00548;18,512903
2022;mars;17/03/2022;44;Chien Domestique;MC;Danamadji;Bambara;Tarangara;Rere;878025670;non;2;M;Kamyekoyo;Oui- Attaché avec une chaîne et deux cadenas;Oui;Non;07/03/2022;07/03/2022;Oui;9,13828;18,741445
2022;mars;18/03/2022;45;Chien Domestique;MC;Sarh;Kemata;Yabakaga;Yabakaga;323476422;non;3;M;Missilolem;Oui- Attaché avec une chaîne et deux cadenas;Oui;Non;03/03/2022;03/03/2022;Oui;9,188431;18,481005
2022;mars;19/03/2022;46;Chien Domestique;MKE;Bongor;Djarwaye;Djarwaye;Guisga;233256491;non;1;M;Jean-Pierre;Oui- Attaché avec une chaîne et deux cadenas;Oui;Non;11/03/2022;11/03/2022;Oui;10,025659;15,650395
2022;mars;20/03/2022;47;Chien Domestique;CB;Bailli;Bailli 1;Ngargue;Pas de Quartier;29085558;non;2;F;Mobile;Oui- Attaché avec une chaîne et deux cadenas;Oui;Oui;20/03/2022;20/03/2022;Non;10,590375;16,370882
2022;mars;21/03/2022;48;Chat Domestique;MKE;Bongor;Djarwaye;Zigui;Tchokoraye 1;66544121;non;1;F;Miss;Oui- Attaché avec une chaîne et deux cadenas;Oui;Non;18/03/2022;18/03/2022;Oui;10,055139;15,610506
2022;mars;22/03/2022;49;Chien Domestique;MKE;Guelendeng;Guelendeng 1;Medegue;Medegue Kabalaye;12483554;non;1;F;Tecno;Oui- Attaché avec une chaîne et deux cadenas;Oui;Non;20/03/2022;20/03/2022;Oui;11,032103;15,441173
2022;mars;23/03/2022;50;Chien Domestique;MC;Sarh;Banda;Mallah;Ndinaba;648142750;non;3;F;Supporté;Oui- Attaché avec une chaîne et deux cadenas;Oui;Non;20/03/2022;21/03/2022;Oui;9,00548;18,512903
2022;mars;25/03/2022;51;Chien Domestique;MC;Sarh;Kokaga;Nangnda 1;Pas de Quartier;546723355;Oui;1;F;Million;Oui- Attaché avec une chaîne et deux cadenas;Oui;Oui;23/03/2022;25/03/2022;Non;9,244296;18,319757
2022;mars;25/03/2022;52;Chien Domestique;MKE;Bongor;Nahaina;Nahaina;Hakna;544838555;Oui;2;M;Nanguestar;Oui- Attaché avec une chaîne et deux cadenas;Oui;Non;24/03/2022;24/03/2022;Non;10,100515;15,534355
2022;mars;25/03/2022;53;Chien Domestique;CB;Bailli;Bailli 1;Djangta Marba;Pas de Quartier;204466646;non;9;F;Atchadjo;Oui- Attaché avec une chaîne et deux cadenas;Oui;Oui;25/03/2022;25/03/2022;Non;10,537625;16,413123
2022;mars;26/03/2022;54;Chien Domestique;MKE;Bongor;Djarwaye;Djarwaye;Bangbang;60618152;non;3;M;Supporter;Oui- Attaché avec une chaîne et deux cadenas;Oui;Non;23/03/2022;23/03/2022;Oui;10,031744;15,652062
2022;mars;26/03/2022;55;Chien Domestique;MKE;Bongor;Nahaina;Nahaina;Gommo;778640815;Non;3;M;Djibrine;Oui- Attaché avec une chaîne et deux cadenas;Oui;Oui;25/03/2022;25/03/2022;Non;10,101842;15,532258
2022;mars;27/03/2022;56;Chien Domestique;MC;Sarh;Kokaga;Nangnda 1;Pas de Quartier;576117074;Oui;1;M;Gobi;Oui- Attaché avec une chaîne et deux cadenas;Oui;Oui;20/03/2022;27/03/2022;Non;9,244296;18,319757
2022;mars;28/03/2022;57;Chien Domestique;MC;Sarh;Badara;Ndokoro;Djodogo Ngambaye;211930701;non;3;M;Gobi;Oui- Attaché avec une chaîne et deux cadenas;Oui;Non;23/03/2022;23/03/2022;Oui;9,164514;18,496978
2022;mars;28/03/2022;58;Chien Domestique;MKE;Bongor;Nahaina;Nahaina;Hakna;56806565;Oui;3;M;Vatvounsia;Oui- Attaché avec une chaîne et deux cadenas;Oui;Non;24/03/2022;24/03/2022;Oui;10,100515;15,534355
2022;mars;29/03/2022;59;Chien Domestique;Tandjile;Lai;Gabri-ngolo;Dombala;Pas de Quartier;92999420;Non;1;F;Douane;Non- L\'animal n\'est pas attaché;Non;Non;29/03/2022;30/03/2022;Non;9,315879;16,331404
2022;mars;30/03/2022;60;Chien Domestique;MC;Danamadji;Moussafoyo;Samingue;Pas de Quartier;696523305;Oui;7;M;Rimrassedé;Non- L\'animal n\'est pas attaché;Non;Non;30/03/2022;31/03/2022;Non;8,747567;18,722492
2022;mars;30/03/2022;61;Chien Domestique;Tandjile;Bere;Tamio;Dambe-kophalam;Pas de Quartier;1,81E+11;non;2;F;Darigde;Oui- Attaché avec une chaîne et deux cadenas;Oui;Non;20/03/2022;20/03/2022;Oui;9,224203;16,341852
2022;avril;01/04/2022;62;Chien Domestique;MC;Sarh;Maibo;Sakobanda 2;Pas de Quartier;776577647;Oui;3;F;Gardien;Oui- Attaché avec une chaîne et deux cadenas;Oui;Non;25/03/2022;28/03/2022;Oui;8,905735;18,487383
2022;avril;01/04/2022;63;Chien Domestique;MKE;Bongor;Nahaina;Nahaina;Gaibrang3;62977565;Oui;3;M;Vounsikangou;Oui- Attaché avec une chaîne et deux cadenas;Oui;Non;30/03/2022;30/03/2022;Oui;10,098114;15,544165
2022;avril;02/04/2022;64;Chien Domestique;CB;Bailli;Kelengue;Kelengue;Pas de Quartier;726687247;non;2;M;Missena;Oui- Attaché avec une chaîne et deux cadenas;Oui;Non;14/03/2022;14/03/2022;Oui;10,727899;16,164395
2022;avril;05/04/2022;65;Chien Domestique;MC;Danamadji;Maimana;Maimana;Maimana Centre;695257103;non;2;F;Supporté;Oui- Attaché avec une chaîne et deux cadenas;Oui;Non;04/04/2022;04/04/2022;Oui;8,941639;18,570532
2022;avril;06/04/2022;66;Chien Domestique;MKE;Bongor;Djarwaye;Djarwaye;Dorbol 2;54257521;non;2;M;Semria;Oui- Attaché avec une chaîne et deux cadenas;Oui;Non;03/04/2022;04/04/2022;Oui;10,045109;15,6215
2022;avril;07/04/2022;67;Chien Domestique;MKE;Guelendeng;Guelendeng 3;Midjoue;Pas de Quartier;55700621;non;1;M;Livadi;Oui- Attaché avec une chaîne et deux cadenas;Oui;Non;07/04/2022;07/04/2022;Oui;10,905014;15,58964
2022;avril;08/04/2022;68;Chien Domestique;MC;Biobe;Mayo 1;Kikoye;Pas de Quartier;756202376;non;4;F;Banalé;Oui- Attaché avec une chaîne et deux cadenas;Oui;Non;07/04/2022;08/04/2022;Oui;9,576556;19,415065
2022;avril;08/04/2022;69;Chien Domestique;MKE;Bongor;Nahaina;Nahaina;Gommo;71251243;Oui;1;M;Djouf-dadi;Oui- Attaché avec une chaîne et deux cadenas;Oui;Non;01/04/2022;01/04/2022;Oui;10,101842;15,532258
2022;avril;08/04/2022;70;Chien Domestique;CB;Bailli;Moursal;Ngamongo;Pas de Quartier;387020968;Oui;1;F;Ndjendoh-souanangal;Oui- Attaché avec une chaîne et deux cadenas;Oui;Oui;08/04/2022;08/04/2022;Non;10,499431;16,567731
2022;avril;11/04/2022;71;Chat Domestique;LOGONE ORIENTAL;Doba;Doba;Doba;Bedogo;315444988;Oui;> 10;M;Minou;Non- L\'animal n\'est pas attaché;Oui;Non;07/04/2022;13/04/2022;Non;8,917182;18,465295
2022;avril;11/04/2022;72;Chien Domestique;MC;Sarh;Kemata;Gotobendja;Pas de Quartier;458377774;non;3;M;Hogrokoyo;Oui- Attaché avec une chaîne et deux cadenas;Oui;Non;09/04/2022;09/04/2022;Oui;9,204762;18,518255
2022;avril;11/04/2022;73;Chat Domestique;MC;Kyabe;Massa Kaba;Massa Kaba;Pas de Quartier;360901419;non;2;M;Mariam;Oui- Attaché avec une chaîne et deux cadenas;Oui;Non;06/04/2022;06/04/2022;Oui;9,412636;18,829403
2022;avril;11/04/2022;74;Chien Domestique;CB;Massenya;Onoko;Koutoungolo;Koutoungolo Centre;88749465;non;2;M;Mbaou;Oui- Attaché avec une chaîne et deux cadenas;Oui;Non;05/04/2022;05/04/2022;Oui;10,915306;15,659815
2022;avril;13/04/2022;75;Chien Domestique;MC;Danamadji;Bambara;Bambara;Koulfa 2;784327895;non;2;M;Supporté;Oui- Attaché avec une chaîne et deux cadenas;Oui;Non;10/04/2022;11/04/2022;Oui;8,957572;18,578187
2022;avril;13/04/2022;76;Chien Domestique;MC;Kyabe;Marabe;Marabe 2;Bagob;350177599;non;3;M;Fadjomon;Oui- Attaché avec une chaîne et deux cadenas;Oui;Non;11/04/2022;11/04/2022;Oui;9,239913;18,679751
2022;avril;13/04/2022;77;Chien Domestique;MC;Sarh;Kokaga;Ngangoli Tounia;Mougnou;619605857;non;1;M;Ndankroye;Oui- Attaché avec une chaîne et deux cadenas;Oui;Non;06/04/2022;07/04/2022;Oui;9,407476;18,155118
2022;avril;13/04/2022;78;Chien Domestique;MKE;Bongor;Nahaina;Nahaina;Diyakka;69996435;Oui;2;M;Corona-virus;Oui- Attaché avec une chaîne et deux cadenas;Oui;Non;09/04/2022;09/04/2022;Oui;10,107802;15,532476
2022;avril;14/04/2022;79;Chien Domestique;MC;Sarh;Maibo;Ndinakaba;Ndinakaba Centre;286869700;Oui;2;F;Haïta;Oui- Attaché avec une chaîne et deux cadenas;Oui;Non;20/03/2022;28/03/2022;Oui;8,928748;18,486768
2022;avril;14/04/2022;80;Chien Domestique;MKE;Guelendeng;Guelendeng 3;Boudanassa Lambe;Pas de Quartier;12730365;non;6;M;Kemi Toli;Oui- Attaché avec une chaîne et deux cadenas;Oui;Non;14/04/2022;14/04/2022;Non;10,874512;15,653549
2022;avril;14/04/2022;81;Chien Domestique;CB;Mandelia;Koundoul;Etena 1;Pas de Quartier;659572565;Oui;> 10;F;Patience;Oui- Attaché avec une chaîne et deux cadenas;Oui;Non;04/04/2022;13/04/2022;Non;11,938427;15,169849
2022;avril;15/04/2022;82;Chien Domestique;MC;Kyabe;Marabe;Marabe 2;Bagob;365739634;Oui;2;M;Contre;Oui- Attaché avec une chaîne et deux cadenas;Oui;Oui;15/04/2022;15/04/2022;Non;9,239913;18,679751
2022;avril;15/04/2022;83;Chien Domestique;MC;Kyabe;Marabe;Marabe 2;Bagob;352112350;Oui;5;F;Hakema;Oui- Attaché avec une chaîne et deux cadenas;Oui;Oui;14/04/2022;15/04/2022;Non;9,239913;18,679751
2022;avril;15/04/2022;84;Chien Domestique;MKE;Bongor;Ham;Golon-Happa;Pas de quartier;51101373;Oui;1;M;Kourbanani;Oui- Attaché avec une chaîne et deux cadenas;Oui;Oui;14/04/2022;14/04/2022;Non;9,996416;15,685395
2022;avril;15/04/2022;85;Chien Domestique;MKE;Bongor;Ham;Golon-Happa;Pas de Quartier;50814299;Oui;2;M;Cb;Oui- Attaché avec une chaîne et deux cadenas;Oui;Oui;15/04/2022;14/04/2022;Non;9,996416;15,685395
2022;avril;15/04/2022;86;Chien Domestique;MKE;Bongor;Djarwaye;Tena Boyna;Balmatna;67449722;Oui;3;M;Ngrapetsou;Oui- Attaché avec une chaîne et deux cadenas;Oui;Oui;12/04/2022;12/04/2022;Non;10,036575;15,642967
2022;avril;15/04/2022;87;Chien Domestique;MKE;Guelendeng;Guelendeng 2;Guelendeng;Galang;431496470;non;4;F;Zaine magnafa;Oui- Attaché avec une chaîne et deux cadenas;Oui;Non;13/04/2022;13/04/2022;Oui;10,917561;15,556783
2022;avril;15/04/2022;88;Chien Domestique;CB;Mandelia;Mailao;Mailao;Mailao Sara;*AIGW*220099;Oui;6;F;Attaquant;Oui- Attaché avec une chaîne et deux cadenas;Oui;Non;14/04/2022;14/04/2022;Non;11,58884;15,280984
2022;avril;17/04/2022;89;Chien Domestique;Tandjile;Bere;Tamio;Guelkeb;Pas de Quartier;1,83E+11;non;2;F;Touadyo;Oui- Attaché avec une chaîne et deux cadenas;Oui;Non;15/04/2022;15/04/2022;Oui;9,243844;16,340372
2022;avril;18/04/2022;90;Chien Domestique;MKE;Guelendeng;Mogrom;Avourqui;Pas de Quartier;609522700;Oui;2;M;Quarante-Cinq;Oui- Attaché avec une chaîne et deux cadenas;Oui;Non;16/04/2022;16/04/2022;Oui;11,131192;15,405403
2022;avril;19/04/2022;91;Chien Domestique;MC;Sarh;Banda;Jerusalem;Pas de Quartier;812340679;Non;1;F;Supporter;Non- L\'animal n\'est pas attaché;Oui;Oui;19/04/2022;19/04/2022;Non;9,005331;18,494209
2022;avril;20/04/2022;92;Chien Domestique;MC;Danamadji;Maimana;Maimana;Maimana Centre;651735451;non;4;M;Supporter;Oui- Attaché avec une chaîne et deux cadenas;Oui;Non;18/04/2022;18/04/2022;Oui;8,941639;18,570532
2022;avril;20/04/2022;93;Chien Domestique;MC;Danamadji;Bambara;Kaimane-mba;Pas de Quartier;843855625;non;5;M;Mindjinagaya;Oui- Attaché avec une chaîne et deux cadenas;Oui;Non;15/04/2022;15/04/2022;Non;9,055154;18,66605
2022;avril;20/04/2022;94;Chien Domestique;CB;Bailli;Bogomoro;Maloumri Borno;Pas de Quartier;25008218;non;1;M;Mercina;Oui- Attaché avec une chaîne et deux cadenas;Oui;Non;13/04/2022;13/04/2022;Oui;10,824037;15,848339
2022;avril;21/04/2022;95;Chat Domestique;MC;Balimba;Manda;Kembide;Pas de Quartier;103553976;Oui;2;M;Mariyam;Oui- Attaché avec une chaîne et deux cadenas;Oui;Non;18/04/2022;19/04/2022;Oui;9,154734;18,290664
2022;avril;21/04/2022;96;Chien Domestique;MKE;Bongor;Djarwaye;Djarwaye;Yoro;55682017;non;3;M;Vatvounsia;Oui- Attaché avec une chaîne et deux cadenas;Oui;Non;12/04/2022;12/04/2022;Oui;10,024905;15,661753
2022;avril;22/04/2022;97;Chat Domestique;CB;Mandelia;Mailao;Mailao;Mailao Massa 1;150241568;Oui;1;F;Miss;Oui- Mais pas avec une chaîne et deux cadenas;Oui;Non;22/04/2022;22/04/2022;Non;11,576639;15,284521
2022;avril;25/04/2022;98;Chien Domestique;Tandjile;Lai;Gabri-ngolo;Dombala;Pas de quartier;318708192;Non;> 10;M;L\'homme;Non- L\'animal n\'est pas attaché;Non;Non;24/04/2022;25/04/2022;Non;9,315879;16,331404
2022;avril;25/04/2022;99;Chien Domestique;MC;Sarh;Kokaga;Ngangoli Tounia;Ngangoli Tounia Centre;571791387;non;1;M;Mokibime;Oui- Attaché avec une chaîne et deux cadenas;Oui;Non;22/04/2022;22/04/2022;Oui;9,394169;18,167228
2022;avril;25/04/2022;100;Chien Domestique;MKE;Bongor;Nahaina;Nahaina;Gommo;450568870;Oui;10;M;Dikadangadi;Oui- Attaché avec une chaîne et deux cadenas;Oui;Non;23/04/2022;23/04/2022;Oui;10,101842;15,532258
2022;avril;26/04/2022;101;Chien Domestique;MC;Sarh;Kokaga;Ngangoli Tounia;Ngangoli Tounia Centre;432464017;non;2;M;Sibayo;Oui- Attaché avec une chaîne et deux cadenas;Oui;Non;22/04/2022;22/04/2022;Oui;9,394169;18,167228
2022;avril;26/04/2022;102;Chien Domestique;MKE;Bongor;Nahaina;Grand-Tougoude;Lakka;457263694;Oui;2;F;Makka;Oui- Attaché avec une chaîne et deux cadenas;Oui;Non;22/04/2022;22/04/2022;Oui;10,11527;15,521384
2022;avril;26/04/2022;103;Chien Domestique;CB;Kouno;Mbarlet;Madede;Pas de Quartier;630747752;Oui;1;M;Malanang;Oui- Attaché avec une chaîne et deux cadenas;Oui;Non;23/04/2022;23/04/2022;Oui;10,45502;17,113149
2022;avril;27/04/2022;104;Chien Domestique;MC;Sarh;Maibo;Gongo 2;Camp 21;314521291;non;3;M;Yelemie;Oui- Attaché avec une chaîne et deux cadenas;Oui;Non;20/04/2022;20/04/2022;Oui;8,966895;18,536652
2022;avril;27/04/2022;105;Chien Domestique;MKE;Guelendeng;Guelendeng 2;Yadawa;Pas de Quartier;839691404;non;2;M;Qui t\'a dit;Oui- Attaché avec une chaîne et deux cadenas;Oui;Non;27/04/2022;27/04/2022;Oui;10,915552;15,553701
2022;avril;28/04/2022;106;Chien Domestique;MC;Danamadji;Bambara;Moutoumbim;Moutoumbim Centre;670008861;non;3;F;Biyeba;Oui- Attaché avec une chaîne et deux cadenas;Oui;Non;11/03/2022;11/03/2022;Oui;9,033963;18,589275
2022;mai;01/05/2022;107;Chien Domestique;MC;Kyabe;Marabe;Marabe 2;Bagob;281610616;non;1;M;Supporté;Oui- Attaché avec une chaîne et deux cadenas;Oui;Non;26/04/2022;27/04/2022;Oui;9,239913;18,679751
2022;mai;01/05/2022;108;Chien Domestique;MC;Kyabe;Marabe;Kamanga 1;Kamanga 1 centre;859928026;non;1;F;Bokoh;Oui- Attaché avec une chaîne et deux cadenas;Oui;Non;26/04/2022;26/04/2022;Oui;9,344007;18,581931
2022;mai;03/05/2022;109;Chien Domestique;MC;Danamadji;Maimana;Maimana;Djomegue;807289224;non;2;F;Supporte;Oui- Attaché avec une chaîne et deux cadenas;Oui;Non;28/04/2022;29/04/2022;Oui;8,946522;18,601438
2022;mai;03/05/2022;110;Chien Domestique;MKE;Guelendeng;Mogrom;Morgague;Mourgague Eglise;589045734;non;2;M;Wagamou;Oui- Attaché avec une chaîne et deux cadenas;Oui;Non;22/04/2022;23/04/2022;Non;11,036409;15,433195
2022;mai;03/05/2022;111;Chien Domestique;CB;Mandelia;Loumia;Meskene Kim;Meskene ere;1,01E+11;Oui;2;F;Tout Passe;Oui- Attaché avec une chaîne et deux cadenas;Oui;Non;03/05/2022;03/05/2022;Non;11,395698;15,359803
2022;mai;03/05/2022;112;Chien Domestique;CB;Mandelia;Koundoul;Etena 1;Pas de Quartier;157654018;Oui;1;F;Lassi;Oui- Attaché avec une chaîne et deux cadenas;Oui;Non;07/04/2022;07/04/2022;Oui;11,938427;15,169849
2022;mai;05/05/2022;113;Chien Domestique;MKE;Bongor;Nahaina;Nahaina2;Bang-bang2;1,81E+11;Oui;2;F;Lac-Tchad;Oui- Attaché avec une chaîne et deux cadenas;Oui;Non;04/05/2022;05/05/2022;Non;10,14597;15,588805
2022;mai;07/05/2022;114;Chien Domestique;MC;Sarh;Maibo;Gongo 2;Camp 21;640764843;non;2;F;Bolodenedje;Oui- Attaché avec une chaîne et deux cadenas;Oui;Non;05/05/2022;08/05/2022;Oui;8,966895;18,536652
2022;mai;07/05/2022;115;Chien Domestique;MC;Sarh;Banda;Moudjiro;Pas de Quartier;837442731;non;2;F;Qui sait;Oui- Attaché avec une chaîne et deux cadenas;Oui;Non;04/05/2022;05/05/2022;Oui;9,050306;18,44516
2022;mai;08/05/2022;116;Chien Domestique;CB;Massenya;Onoko;Bougoumari;Pas de Quartier;726687494;Oui;2;M;Police;Oui- Attaché avec une chaîne et deux cadenas;Oui;Non;20/04/2022;20/04/2022;Oui;11,302426;15,457466
2022;mai;09/05/2022;117;Chien Domestique;MC;Sarh;Kamati-Maroc;Kamati;Kamati 27;583261849;non;2;M;Gardien;Oui- Attaché avec une chaîne et deux cadenas;Oui;Non;06/04/2022;06/04/2022;Oui;9,133758;18,374134
2022;mai;09/05/2022;118;Chien Domestique;MC;Balimba;Manda;Dornoyon;Pas de Quartier;227452806;Oui;2;F;Supporté;Oui- Attaché avec une chaîne et deux cadenas;Oui;Non;26/04/2022;26/04/2022;Oui;9,153217;18,287503
2022;mai;09/05/2022;119;Chien Domestique;MC;Sarh;Badara;Ndokoro;Ndokoro Centre;758171886;non;3;F;Moudjohourman;Oui- Attaché avec une chaîne et deux cadenas;Oui;Non;03/05/2022;03/05/2022;Oui;9,168223;18,468837
2022;mai;09/05/2022;120;Chien Domestique;MC;Sarh;Kemata;Kotongoro 2;Pas de Quartier;687588619;Oui;2;M;Danger;Oui- Attaché avec une chaîne et deux cadenas;Oui;Non;08/05/2022;08/05/2022;Oui;9,259108;18,457578
2022;mai;09/05/2022;121;Chien Domestique;MKE;Guelendeng;Guelendeng 2;Guelendeng;Fonctionnaire;491124287;non;2;M;Police;Oui- Attaché avec une chaîne et deux cadenas;Oui;Non;07/05/2022;07/05/2022;Oui;10,923962;15,540534
2022;mai;10/05/2022;122;Chien Domestique;MC;Sarh;Maibo;Gongo 2;Camp 21;332250471;non;2;F;Kirasote;Oui- Attaché avec une chaîne et deux cadenas;Oui;Non;09/05/2022;09/05/2022;Oui;8,966895;18,536652
2022;mai;10/05/2022;123;Chien Domestique;MKE;Bongor;Djarwaye;Djarwaye;Biski;481532943;non;8;F;Limantassou;Oui- Attaché avec une chaîne et deux cadenas;Oui;Non;06/05/2022;06/05/2022;Oui;10,035404;15,646218
2022;mai;10/05/2022;124;Chien Domestique;MKE;Guelendeng;Mogrom;Morgague;Mourgague Eglise;762477676;non;2;M;Barzal;Oui- Attaché avec une chaîne et deux cadenas;Oui;Non;09/05/2022;09/05/2022;Oui;11,036409;15,433195
2022;mai;10/05/2022;125;Chat Domestique;CB;Mandelia;Bougoumene;Bougoumene;Bougoumene Massa;1,01E+11;non;1;F;Mariam;Oui- Attaché avec une chaîne et deux cadenas;Oui;Non;14/02/2022;14/02/2022;Non;11,470004;15,334579
2022;mai;11/05/2022;126;Chien Domestique;MC;Danamadji;Maimana;Maimana;Maimana Centre;763086928;non;3;F;Djepatarlom;Oui- Attaché avec une chaîne et deux cadenas;Oui;Non;09/05/2022;09/05/2022;Oui;8,941639;18,570532
2022;mai;11/05/2022;127;Chien Domestique;MC;Sarh;Kemata;Yabakaga;Yabakaga;461477624;non;3;M;Ndohibé;Oui- Attaché avec une chaîne et deux cadenas;Oui;Non;09/05/2022;09/05/2022;Oui;9,188431;18,481005
2022;mai;11/05/2022;128;Chat Domestique;MKE;Bongor;Koyom;Koyom;Zalaye;572065831;Non;2;M;Milo;Oui- Attaché avec une chaîne et deux cadenas;Oui;Non;09/05/2022;09/05/2022;Oui;9,813867;15,851505
2022;mai;11/05/2022;129;Chien Domestique;CB;Bailli;Kelengue;Kelengue;Pas de Quartier;795536977;non;2;M;Maharadja;Oui- Attaché avec une chaîne et deux cadenas;Oui;Non;11/05/2022;11/05/2022;Oui;10,727899;16,164395
2022;mai;11/05/2022;130;Chien Domestique;MKE;Guelendeng;Guelendeng 1;Garwaye;Garwaye Centre;601637656;non;1;F;Patience;Oui- Attaché avec une chaîne et deux cadenas;Oui;Non;06/05/2022;06/05/2022;Oui;10,933405;15,531423
2022;mai;12/05/2022;131;Chien Domestique;MC;Kyabe;Massa Kaba;Goho;Pas de Quartier;358016567;non;4;M;Gassirou;Oui- Attaché avec une chaîne et deux cadenas;Oui;Non;09/05/2022;09/05/2022;Oui;9,379974;18,84439
2022;mai;12/05/2022;132;Chien Domestique;MKE;Bongor;Djarwaye;Djarwaye;Biski;444226994;non;2;F;Fiva;Oui- Attaché avec une chaîne et deux cadenas;Oui;Non;09/05/2022;09/05/2022;Oui;10,035404;15,646218
2022;mai;12/05/2022;133;Chien Domestique;CB;Bailli;Bogomoro;Damakara Marba;Pas de Quartier;100969145;non;3;M;Vounsouma;Oui- Attaché avec une chaîne et deux cadenas;Oui;Non;05/05/2022;05/05/2022;Oui;10,785723;16,011979
2022;mai;13/05/2022;134;Chat Domestique;MKE;Guelendeng;Bere;Bere Ville;Bere Foulbe;396114936;non;2;M;Milou;Oui- Attaché avec une chaîne et deux cadenas;Oui;Non;13/05/2022;13/05/2022;Oui;10,783156;15,759882
2022;mai;14/05/2022;135;Chien Domestique;MKE;Guelendeng;Bere;Goussou;Pas de Quartier;69887170;non;2;M;Mouldikboulamana;Oui- Attaché avec une chaîne et deux cadenas;Oui;Non;14/05/2022;14/05/2022;Non;10,852563;15,702034
2022;mai;15/05/2022;136;Chien Domestique;CB;Bailli;Kelengue;Kelengue;Pas de Quartier;775009695;non;2;M;Djandong;Oui- Attaché avec une chaîne et deux cadenas;Oui;Non;11/05/2022;13/05/2022;Non;10,727899;16,164395
2022;mai;16/05/2022;137;Chien Domestique;MKE;Guelendeng;Bere;Goussou;Pas de Quartier;67686048;non;2;M;Ngesle bongor;Oui- Attaché avec une chaîne et deux cadenas;Oui;Non;06/04/2022;06/04/2022;Oui;10,852563;15,702034
2022;mai;16/05/2022;138;Chien Domestique;MKE;Guelendeng;Bere;Goussou;Pas de Quartier;68318781;non;3;M;Paul bia;Oui- Attaché avec une chaîne et deux cadenas;Oui;Non;14/05/2022;14/05/2022;Oui;10,852563;15,702034
2022;mai;16/05/2022;139;Chien Domestique;MKE;Guelendeng;Mogrom;Morgague;Mourgague Mosquee;643419414;non;2;F;Djourouda;Oui- Attaché avec une chaîne et deux cadenas;Oui;Non;12/05/2022;13/05/2022;Non;11,068823;15,417713
2022;mai;17/05/2022;140;Chien Domestique;MKE;Bongor;Djarwaye;Zigui;Guilik;320072191;non;1;F;Nagadavonsou;Oui- Attaché avec une chaîne et deux cadenas;Oui;Non;17/05/2022;17/05/2022;Oui;10,06406;15,588607
2022;mai;17/05/2022;141;Chien Domestique;MKE;Guelendeng;Guelendeng 2;Guelendeng;Galang;501602661;non;2;F;Donnang;Oui- Attaché avec une chaîne et deux cadenas;Oui;Non;16/05/2022;16/05/2022;Oui;10,917561;15,556783
2022;mai;18/05/2022;142;Chien Domestique;MC;Kyabe;Massa Kaba;Massa Kaba;Pas de Quartier;83946477;non;2;M;Dounia;Oui- Attaché avec une chaîne et deux cadenas;Oui;Non;16/05/2022;16/05/2022;Oui;9,412636;18,829403
2022;mai;18/05/2022;143;Chien Domestique;MKE;Guelendeng;Bere;Goussou;Pas de Quartier;905897711;non;1;M;Neykisia;Oui- Attaché avec une chaîne et deux cadenas;Oui;Oui;17/05/2022;17/05/2022;Non;10,852563;15,702034
2022;mai;19/05/2022;144;Chien Domestique;MC;Sarh;Kokaga;Helibongo;Helibongo Centre;7317101;Oui;1;M;Djassina;Oui- Attaché avec une chaîne et deux cadenas;Oui;Non;17/05/2022;17/05/2022;Oui;9,217377;18,372896
2022;mai;19/05/2022;145;Chien Domestique;MC;Biobe;Mayo 2;Wadjika;Pas de Quartier;695345589;non;1;F;Sabour;Oui- Attaché avec une chaîne et deux cadenas;Oui;Non;14/02/2022;14/02/2022;Oui;9,627058;19,616931
2022;mai;19/05/2022;146;Chien Domestique;MKE;Bongor;Balampouta;Daba zero;Saini;1,82E+11;Non;1;F;Yorkatguigue;Oui- Attaché avec une chaîne et deux cadenas;Oui;Non;22/05/2022;20/05/2022;Oui;10,1971;15,448114
2022;mai;19/05/2022;147;Chien Domestique;MKE;Guelendeng;Largana;Gomba;Pas de Quartier;78670055;non;6;F;Djarbou;Oui- Attaché avec une chaîne et deux cadenas;Oui;Non;11/04/2022;11/04/2022;Oui;10,745461;16,04964
2022;mai;19/05/2022;148;Chien Domestique;MKE;Guelendeng;Mogrom;Morgague;Mourgague Eglise;78826459;non;2;M;Kaodjess;Oui- Attaché avec une chaîne et deux cadenas;Oui;Non;14/05/2022;14/05/2022;Oui;11,036409;15,433195
2022;mai;21/05/2022;149;Chien Domestique;MC;Danamadji;Bambara;Kaimane-mba;Pas de Quartier;629659561;non;3;M;Modjora;Oui- Attaché avec une chaîne et deux cadenas;Oui;Non;11/03/2022;11/03/2022;Oui;9,055154;18,66605
2022;mai;21/05/2022;150;Chien Domestique;MC;Kyabe;Marabe;Kamanga 1;Kamanga 1 centre;236278473;Oui;2;M;Kelhenguima;Oui- Attaché avec une chaîne et deux cadenas;Oui;Non;09/04/2022;09/04/2022;Non;9,344007;18,581931
2022;mai;21/05/2022;151;Chat Domestique;MKE;Guelendeng;Guelendeng 3;Midjoue;Pas de quartier;61186947;non;2;M;Assina;Oui- Attaché avec une chaîne et deux cadenas;Oui;Non;30/03/2022;30/03/2022;Oui;10,905014;15,58964
2022;mai;23/05/2022;152;Chien Domestique;MC;Sarh;Maibo;Gongo 2;Pas de Quartier;660415919;non;2;M;Djaouidoro;Oui- Attaché avec une chaîne et deux cadenas;Oui;Non;20/05/2022;20/05/2022;Oui;8,989313;18,507693
2022;mai;23/05/2022;153;Chien Domestique;MC;Sarh;Kemata;Gotobendja;Pas de Quartier;387357401;non;1;M;Çamafou;Oui- Attaché avec une chaîne et deux cadenas;Oui;Non;19/05/2022;20/05/2022;Oui;9,204762;18,518255
2022;mai;23/05/2022;154;Chien Domestique;MC;Kyabe;Marabe;Kamanga 2;Boulkom;972987031;non;1;M;Kindjibe;Oui- Attaché avec une chaîne et deux cadenas;Oui;Non;06/04/2022;06/04/2022;Oui;9,214124;18,63163
2022;mai;23/05/2022;155;Chien Domestique;MKE;Bongor;Nahaina;Nahaina;Diyakka;1,79E+11;Oui;2;M;Bouki;Oui- Attaché avec une chaîne et deux cadenas;Oui;Non;01/04/2022;01/04/2022;Non;10,107802;15,532476
2022;mai;23/05/2022;156;Chien Domestique;CB;Bousso;Mbaranga;Ndjamena Farrah;Sara;686119457;non;6;F;Mayamari;Oui- Attaché avec une chaîne et deux cadenas;Oui;Non;16/05/2022;16/05/2022;Oui;10,452836;17,16274
2022;mai;23/05/2022;157;Chien Domestique;MKE;Guelendeng;Nanguigoto;Diganali;Pas de Quartier;334286582;non;3;M;Gobi;Oui- Attaché avec une chaîne et deux cadenas;Oui;Non;16/05/2022;16/05/2022;Oui;10,777643;15,990631
2022;mai;23/05/2022;158;Chien Domestique;MKE;Guelendeng;Mogrom;Morgague;Mourgague Eglise;82181370;Oui;3;F;Covid19;Oui- Attaché avec une chaîne et deux cadenas;Oui;Non;18/05/2022;18/05/2022;Oui;11,036409;15,433195
2022;mai;24/05/2022;159;Chien Domestique;MC;Sarh;Banda;Bragoto 1;Pas de Quartier;615222588;Oui;4;M;Gordon;Oui- Attaché avec une chaîne et deux cadenas;Oui;Non;21/05/2022;22/05/2022;Oui;9,062514;18,474421
2022;mai;24/05/2022;160;Chien Domestique;MKE;Bongor;Nahaina;Grand-Tougoude;Digalida;1,79E+11;Oui;4;M;Tawali;Oui- Attaché avec une chaîne et deux cadenas;Oui;Non;24/05/2022;24/05/2022;Non;10,118286;15,520053
2022;mai;24/05/2022;161;Chien Domestique;MKE;Guelendeng;Bere;Lobobo;Pas de Quartier;72203430;non;1;M;Sangaka;Oui- Attaché avec une chaîne et deux cadenas;Oui;Non;19/05/2022;19/05/2022;Oui;10,786806;15,795165
2022;mai;25/05/2022;162;Chien Domestique;MC;Danamadji;Bambara;Kaimane-mba;Pas de Quartier;537364572;non;3;M;Kelliman;Oui- Attaché avec une chaîne et deux cadenas;Oui;Non;11/04/2022;11/04/2022;Oui;9,055154;18,66605
2022;mai;25/05/2022;163;Chien Domestique;MC;Kyabe;Marabe;Kamanga 2;Centre;354273250;non;2;M;Ngueramadj;Oui- Attaché avec une chaîne et deux cadenas;Oui;Non;21/02/2022;21/02/2022;Oui;9,220445;18,611255
2022;mai;25/05/2022;164;Chien Domestique;MKE;Bongor;Djarwaye;Djarwaye;Dorbol 3;1,83E+11;non;1;M;Corona;Oui- Attaché avec une chaîne et deux cadenas;Oui;Non;23/05/2022;23/05/2022;Oui;10,052932;15,618169
2022;mai;25/05/2022;165;Chien Domestique;CB;Massenya;Onoko;Mecontie;Pas de Quartier;456483785;non;5;M;Nan-argoh;Oui- Attaché avec une chaîne et deux cadenas;Oui;Non;02/05/2022;02/05/2022;Oui;10,915488;15,596046
2022;mai;25/05/2022;166;Chien Domestique;MKE;Guelendeng;Mogrom;Mogrom Biao;Biao Mouroumvang;22294115;non;2;F;Trois mille;Oui- Attaché avec une chaîne et deux cadenas;Oui;Non;16/05/2022;17/05/2022;Oui;11,090443;15,412854
2022;mai;26/05/2022;167;Chien Domestique;MC;Danamadji;Bambara;Kaimane-mba;Pas de Quartier;340403597;Oui;2;F;Mamrabe;Non- L\'animal n\'est pas attaché;Oui;Non;26/05/2022;26/05/2022;Non;9,055154;18,66605
2022;mai;26/05/2022;168;Chat Domestique;MC;Kyabe;Marabe;Dangabol;Pas de Quartier;309334675;non;1;M;Moullo;Oui- Attaché avec une chaîne et deux cadenas;Oui;Non;25/05/2022;26/05/2022;Oui;9,253967;18,650302
2022;mai;26/05/2022;169;Chat Domestique;MKE;Bongor;Djarwaye;Djarwaye;Dorbol 1;*AIGW*220075;non;1;F;Miss;Oui- Attaché avec une chaîne et deux cadenas;Oui;Non;25/05/2022;26/05/2022;Oui;10,048395;15,615513
2022;mai;26/05/2022;170;Chien Domestique;MKE;Guelendeng;Guelendeng 3;Boudanassa Sara;Pas de Quartier;83512274;non;8;M;Lolaye;Oui- Attaché avec une chaîne et deux cadenas;Oui;Non;20/05/2022;20/05/2022;Oui;10,866218;15,670339
2022;mai;27/05/2022;171;Chien Domestique;MC;Sarh;Badara;Ndokoro;Djodogo Ngambaye;536672163;non;2;F;Djainkeingaoude;Oui- Attaché avec une chaîne et deux cadenas;Oui;Non;26/05/2022;26/05/2022;Oui;9,164514;18,496978
2022;mai;29/05/2022;172;Chien Domestique;MC;Sarh;Banda;Bragoto 1;Pas de Quartier;769465095;Oui;5;M;Supporté;Oui- Attaché avec une chaîne et deux cadenas;Oui;Non;27/05/2022;27/05/2022;Oui;9,062514;18,474421
2022;mai;29/05/2022;173;Chien Domestique;MKE;Bongor;Nahaina;Nahaina;Diyakka;1,79E+11;Oui;2;M;Brigade;Oui- Attaché avec une chaîne et deux cadenas;Oui;Non;23/05/2022;23/05/2022;Non;10,107802;15,532476
2022;mai;30/05/2022;174;Chien Domestique;MC;Sarh;Kemata;Sandana 1;Sandana 2;400445893;non;1;M;Héboulobé;Oui- Attaché avec une chaîne et deux cadenas;Oui;Non;17/05/2022;17/05/2022;Oui;9,244497;18,510712
2022;mai;30/05/2022;175;Chien Domestique;CB;Bailli;Bogomoro;Kormata;Pas de Quartier;30701437;non;3;M;Tout Passe;Oui- Attaché avec une chaîne et deux cadenas;Oui;Non;28/05/2022;28/05/2022;Oui;10,786668;15,994593
2022;mai;31/05/2022;176;Chien Domestique;MC;Balimba;Manda;Mayo 1;Pas de Quartier;712717948;non;2;F;Gardien;Oui- Attaché avec une chaîne et deux cadenas;Oui;Non;20/05/2022;20/05/2022;Oui;9,124212;18,182218
2022;mai;31/05/2022;177;Chat Domestique;MKE;Bongor;Djarwaye;Djarwaye;Guisga;202348305;non;2;F;Miss;Oui- Attaché avec une chaîne et deux cadenas;Oui;Non;12/05/2022;12/05/2022;Oui;10,025659;15,650395
2022;mai;31/05/2022;178;Chien Domestique;MKE;Bongor;Djarwaye;Djarwaye;Biski;213384653;non;3;F;Livadi;Oui- Attaché avec une chaîne et deux cadenas;Oui;Non;30/05/2022;30/05/2022;Oui;10,035404;15,646218
2022;mai;31/05/2022;179;Chien Domestique;CB;Bailli;Kelengue;Goudoum Goudoum;Eglise;813056579;non;3;F;NGAGAGNE;Oui- Attaché avec une chaîne et deux cadenas;Oui;Non;31/05/2022;31/05/2022;Oui;10,654585;16,302395
2022;mai;31/05/2022;180;Chien Domestique;CB;Bailli;Daradja;Baingane Baguirmi;Pas de Quartier;361617402;Oui;1;M;Patience;Oui- Attaché avec une chaîne et deux cadenas;Oui;Non;12/05/2022;12/05/2022;Oui;10,762797;16,075211
2022;mai;31/05/2022;181;Chien Domestique;MKE;Guelendeng;Mogrom;Morgague;Mourgague Eglise;800098038;non;2;F;Maïmandang;Oui- Attaché avec une chaîne et deux cadenas;Oui;Non;19/06/2022;19/05/2022;Oui;11,036409;15,433195
2022;mai;31/05/2022;182;Chien Domestique;CB;Mandelia;Loumia;Loumia Centre;Boulama Mouraissou;1,03E+11;non;2;M;Homsina;Oui- Attaché avec une chaîne et deux cadenas;Oui;Non;12/05/2022;12/05/2022;Oui;11,437263;15,313507
2022;juin;01/06/2022;183;Chien Domestique;MC;Sarh;Kassai;Kassai;Kassai 10;686268699;Oui;2;M;Tibor;Oui- Attaché avec une chaîne et deux cadenas;Oui;Oui;31/05/2022;01/06/2022;Non;9,131194;18,395789
2022;juin;01/06/2022;184;Chien Domestique;MC;Balimba;Balimba;Ngakedje;Pas de Quartier;614834135;non;3;M;Police;Oui- Attaché avec une chaîne et deux cadenas;Oui;Non;26/05/2022;26/05/2022;Oui;9,187141;18,303371
2022;juin;01/06/2022;185;Chat Domestique;CB;Mandelia;Mailao;Mailao;Mailao Massa 1;3,98E+11;Oui;2;M;Batou;Oui- Mais pas avec une chaîne et deux cadenas;Oui;Non;01/06/2022;01/06/2022;Non;11,576639;15,284521
2022;juin;02/06/2022;186;Chat Domestique;MKE;Bongor;Ham;Ham centre;Bogol;49169326;Oui;3;F;Akouwada;Oui- Attaché avec une chaîne et deux cadenas;Oui;Oui;02/06/2022;02/06/2022;Non;10,015014;15,678813
2022;juin;03/06/2022;187;Chien Domestique;MC;Kyabe;Kyabe;Groui;Pas de Quartier;93311942;Oui;5;F;Maga;Oui- Attaché avec une chaîne et deux cadenas;Oui;Non;23/05/2022;24/05/2022;Oui;9,403192;18,868252
2022;juin;03/06/2022;188;Chien Domestique;MKE;Bongor;Nahaina;Nahaina;Hakna;1,80E+11;Oui;1;M;Alafi;Oui- Attaché avec une chaîne et deux cadenas;Oui;Non;01/06/2022;01/06/2022;Non;10,100515;15,534355
2022;juin;03/06/2022;189;Chien Domestique;MKE;Guelendeng;Guelendeng 1;Garwaye;Garwaye Moutou;848688647;non;2;F;Germene;Oui- Attaché avec une chaîne et deux cadenas;Oui;Non;01/06/2022;01/06/2022;Oui;10,938774;15,524758
2022;juin;04/06/2022;190;Chien Domestique;MKE;Bongor;Djarwaye;Djarwaye;Noulou;1,81E+11;non;3;M;Lac-tchad;Oui- Attaché avec une chaîne et deux cadenas;Oui;Non;01/05/2022;01/05/2022;Oui;10,033408;15,647111
2022;juin;04/06/2022;191;Chien Domestique;CB;Bailli;Daradja;Baingane Baguirmi;Pas de Quartier;483835052;non;3;M;Madjitoli;Oui- Attaché avec une chaîne et deux cadenas;Oui;Non;04/06/2022;04/06/2022;Oui;10,762797;16,075211
2022;juin;05/06/2022;192;Chien Domestique;MC;Sarh;Kemkian;Mailaou;Mailaou 2;353712384;non;4;F;Supporter;Oui- Attaché avec une chaîne et deux cadenas;Oui;Oui;03/06/2022;05/06/2022;Non;9,182385;18,350369
2022;juin;05/06/2022;193;Chien Domestique;MKE;Bongor;Djarwaye;Djarwaye;Noulou;1,79E+11;non;3;F;Yelgueta;Oui- Attaché avec une chaîne et deux cadenas;Oui;Non;01/06/2022;01/06/2022;Oui;10,033408;15,647111
2022;juin;06/06/2022;194;Chien Domestique;MC;Kyabe;Marabe;Marabe 2;Marabe 2 Centre;437137188;non;1;M;Supporté;Oui- Attaché avec une chaîne et deux cadenas;Oui;Non;06/06/2022;06/06/2022;Oui;9,278659;18,670895
2022;juin;06/06/2022;195;Chien Domestique;MKE;Bongor;Djarwaye;Djarwaye;Biski;1,78E+11;non;2;M;Lhatazina;Oui- Attaché avec une chaîne et deux cadenas;Oui;Non;01/06/2022;01/06/2022;Oui;10,035404;15,646218
2022;juin;06/06/2022;196;Chien Domestique;MKE;Bongor;Nahaina;Nahaina;Hakna;1,80E+11;Oui;2;F;Dada-voda;Oui- Attaché avec une chaîne et deux cadenas;Oui;Oui;06/06/2022;06/06/2022;Non;10,100515;15,534355
2022;juin;06/06/2022;197;Chien Domestique;CB;Bailli;Mourai Sara;Roltang;Pas de Quartier;967307931;non;4;M;Antoine;Oui- Attaché avec une chaîne et deux cadenas;Oui;Non;06/06/2022;06/06/2022;Oui;10,617537;16,379072
2022;juin;06/06/2022;198;Chien Domestique;MKE;Guelendeng;Nanguigoto;Diguini;Diguini Massa;76593520;non;2;F;Supporter;Oui- Attaché avec une chaîne et deux cadenas;Oui;Non;30/05/2022;30/05/2022;Oui;10,767521;15,881057
2022;juin;06/06/2022;199;Chien Domestique;MKE;Guelendeng;Nanguigoto;Diguini;Diguini Massa;77494638;non;2;M;Sanzo;Oui- Attaché avec une chaîne et deux cadenas;Oui;Non;19/05/2022;19/05/2022;Oui;10,767521;15,881057
2022;juin;07/06/2022;200;Chien Domestique;MC;Danamadji;Bambara;Bambara;Koulfa 2;70921177;non;2;F;Nadji;Oui- Attaché avec une chaîne et deux cadenas;Oui;Non;31/05/2022;02/06/2022;Oui;8,957572;18,578187
2022;juin;07/06/2022;201;Chien Domestique;MC;Balimba;Bemouli;Maimou;Pas de Quartier;1,08E+11;non;2;M;Bayeur;Oui- Attaché avec une chaîne et deux cadenas;Oui;Non;29/05/2022;01/06/2022;Non;9,000355;18,049783
2022;juin;08/06/2022;202;Chien Domestique;MC;Sarh;Banda;Jerusalem;Pas de Quartier;161563095;Oui;3;F;Tadedomte;Oui- Attaché avec une chaîne et deux cadenas;Oui;Oui;07/06/2022;08/06/2022;Non;9,005331;18,494209
2022;juin;08/06/2022;203;Chien Domestique;MKE;Guelendeng;Nanguigoto;Gole Nanguigoto;Pas de Quartier;509414375;non;3;M;Doulbarid;Oui- Attaché avec une chaîne et deux cadenas;Oui;Non;28/05/2022;28/05/2022;Oui;10,752562;15,930879
2022;juin;08/06/2022;204;Chien Domestique;MKE;Guelendeng;Largana;Mouskougou 1;Pas de Quartier;664728923;non;3;M;Darnasse;Oui- Attaché avec une chaîne et deux cadenas;Oui;Non;06/06/2022;08/06/2022;Oui;10,75324;16,132576
2022;juin;08/06/2022;205;Chien Domestique;MKE;Guelendeng;Mogrom;Goree;Pas de Quartier;619959168;Oui;1;M;Milliardaire;Oui- Attaché avec une chaîne et deux cadenas;Oui;Non;05/06/2022;05/06/2022;Oui;11,11151;15,419783
2022;juin;09/06/2022;206;Chien Domestique;MC;Balimba;Balimba;Ngakedje;Pas de Quartier;1,09E+11;non;3;M;La vie;Oui- Attaché avec une chaîne et deux cadenas;Oui;Non;07/06/2022;07/06/2022;Oui;9,187141;18,303371
2022;juin;09/06/2022;207;Chien Domestique;MC;Kyabe;Massa Kaba;Goho;Pas de Quartier;366107959;non;3;M;Mindji;Oui- Attaché avec une chaîne et deux cadenas;Oui;Non;01/06/2022;01/06/2022;Oui;9,379974;18,84439
2022;juin;09/06/2022;208;Chien Domestique;MKE;Bongor;Nahaina;Nahaina;Maidenga2;1,81E+11;Oui;2;M;Djivitchangou;Oui- Attaché avec une chaîne et deux cadenas;Oui;Non;01/06/2022;01/06/2022;Oui;10,085222;15,54972
2022;juin;09/06/2022;209;Chat Domestique;MKE;Guelendeng;Guelendeng 3;Midjoue;Pas de Quartier;53464727;non;4;F;Minou;Oui- Attaché avec une chaîne et deux cadenas;Oui;Non;19/04/2022;19/04/2022;Oui;10,905014;15,58964
2022;juin;10/06/2022;210;Chien Domestique;MC;Danamadji;Bambara;Tarangara;Rere;11993708;non;2;M;Mabena;Oui- Attaché avec une chaîne et deux cadenas;Oui;Non;06/06/2022;06/06/2022;Oui;9,13828;18,741445
2022;juin;10/06/2022;211;Chat Domestique;MKE;Guelendeng;Mogrom;Morgague;Mourgague Eglise;25015200;non;2;M;Batou;Oui- Attaché avec une chaîne et deux cadenas;Oui;Non;06/06/2022;06/06/2022;Oui;11,036409;15,433195
2022;juin;11/06/2022;212;Chien Domestique;MC;Sarh;Badara;Ndokoro;Djodogo Centre;634838414;non;4;F;Kamingor;Oui- Attaché avec une chaîne et deux cadenas;Oui;Non;10/06/2022;10/06/2022;Oui;9,15929;18,49942
2022;juin;11/06/2022;213;Chien Domestique;MC;Kyabe;Massa Kaba;Tamandi;Pas de Quartier;365890406;Oui;2;M;Djoèmoto;Oui- Attaché avec une chaîne et deux cadenas;Oui;Non;06/06/2022;06/06/2022;Oui;9,424752;18,841399
2022;juin;11/06/2022;214;Chien Domestique;MKE;Guelendeng;Largana;Kelengue;Pas de Quartier;342034343;non;1;F;Secour;Oui- Attaché avec une chaîne et deux cadenas;Oui;Non;10/06/2022;11/06/2022;Oui;10,727899;16,164395
2022;juin;11/06/2022;215;Chien Domestique;CB;Massenya;Onoko;Koutoungolo;Koutoungolo Centre;352340094;non;1;F;Daoudatelbi;Oui- Attaché avec une chaîne et deux cadenas;Oui;Non;06/06/2022;07/06/2022;Oui;10,915306;15,659815
2022;juin;12/06/2022;216;Chien Domestique;MKE;Bongor;Balampouta;Petit Tougoude;Bele;1,98E+11;Non;2;F;Guevounandi;Oui- Attaché avec une chaîne et deux cadenas;Oui;Non;11/06/2022;11/06/2022;Oui;10,184002;15,469039
2022;juin;13/06/2022;217;Chien Domestique;MC;Balimba;Balimba;Ngakedje;Pas de Quartier;1,10E+11;non;3;M;Gardien;Oui- Attaché avec une chaîne et deux cadenas;Oui;Non;11/06/2022;11/06/2022;Oui;9,187141;18,303371
2022;juin;13/06/2022;218;Chien Domestique;MC;Sarh;Kemata;Gotobendja;Pas de Quartier;621775456;non;1;M;Dounian;Oui- Attaché avec une chaîne et deux cadenas;Oui;Non;05/06/2022;06/06/2022;Oui;9,204762;18,518255
2022;juin;13/06/2022;219;Chien Domestique;MKE;Bongor;Ham;Ham centre;Waidy;1,97E+11;Non;3;F;Aida-Kadi;Oui- Attaché avec une chaîne et deux cadenas;Oui;Oui;03/06/2022;13/06/2022;Non;10,005336;15,689237
2022;juin;13/06/2022;220;Chien Domestique;CB;Bailli;Kelengue;Goudoum Goudoum;Eglise;76923320;non;4;M;Samson;Oui- Attaché avec une chaîne et deux cadenas;Oui;Non;12/06/2022;12/06/2022;Oui;10,654585;16,302395
2022;juin;13/06/2022;221;Chien Domestique;CB;Mandelia;Bougoumene;Bougoumene;Bougoumene Massa;1,01E+11;non;4;F;Iyagarde;Oui- Attaché avec une chaîne et deux cadenas;Oui;Non;17/05/2022;17/05/2022;Oui;11,470004;15,334579
2022;juin;14/06/2022;222;Chat Domestique;MC;Sarh;Maibo;Congo Sara;Congo Sara Centre;29104918;non;3;F;Chat;Oui- Attaché avec une chaîne et deux cadenas;Oui;Non;12/06/2022;13/06/2022;Oui;8,965158;18,539176
2022;juin;14/06/2022;223;Chien Domestique;MC;Danamadji;Bambara;Tarangara;Rere;547869027;non;1;F;Messein;Oui- Attaché avec une chaîne et deux cadenas;Oui;Non;10/06/2022;10/06/2022;Oui;9,13828;18,741445
2022;juin;14/06/2022;224;Chien Domestique;MC;Balimba;Balimba;Bedjo;Pas de Quartier;1,09E+11;Oui;1;F;Rata ousso;Oui- Attaché avec une chaîne et deux cadenas;Oui;Non;10/06/2022;10/06/2022;Oui;9,144221;18,319742
2022;juin;14/06/2022;225;Chien Domestique;MC;Kyabe;Marabe;Marabe 2;Koukouyodji;851048282;non;3;F;Kara-Ogno;Oui- Attaché avec une chaîne et deux cadenas;Oui;Non;07/06/2022;07/06/2022;Oui;9,252421;18,707384
2022;juin;14/06/2022;226;Chien Domestique;MC;Kyabe;Massa Kaba;Bramanga;Pas de Quartier;56798557;Oui;3;M;Jeune homme;Oui- Attaché avec une chaîne et deux cadenas;Oui;Non;09/06/2022;10/06/2022;Non;9,325193;18,793612
2022;juin;15/06/2022;227;Chien Domestique;MKE;Bongor;Ham;Abena;Mazlada;8116139;Non;2;M;Barmako;Oui- Attaché avec une chaîne et deux cadenas;Oui;Oui;15/06/2022;15/06/2022;Non;9,987409;15,709254
2022;juin;15/06/2022;228;Chien Domestique;MKE;Guelendeng;Mogrom;Brawandji 2;Pas de Quartier;1,82E+11;non;2;F;Djolio;Oui- Attaché avec une chaîne et deux cadenas;Oui;Non;14/06/2022;14/06/2022;Non;11,118034;15,390308
2022;juin;16/06/2022;229;Chien Domestique;MC;Balimba;Balimba;Ngakedje;Pas de Quartier;1,12E+11;non;2;M;La vie;Oui- Attaché avec une chaîne et deux cadenas;Oui;Non;15/06/2022;15/06/2022;Oui;9,187141;18,303371
2022;juin;16/06/2022;230;Chien Domestique;MC;Sarh;Kemata;Gotobendja;Pas de Quartier;452104224;non;3;M;Tout passe;Oui- Attaché avec une chaîne et deux cadenas;Oui;Non;06/06/2022;06/06/2022;Oui;9,204762;18,518255
2022;juin;16/06/2022;231;Chien Domestique;MKE;Guelendeng;Guelendeng 3;Boudanassa Lambe;Pas de Quartier;46843292;non;1;F;Garantie;Oui- Attaché avec une chaîne et deux cadenas;Oui;Non;12/06/2022;12/06/2022;Oui;10,874512;15,653549
2022;juin;18/06/2022;232;Chien Domestique;MC;Sarh;Banda;Molori 2;Pas de Quartier;601107724;Oui;3;M;Djondoré;Oui- Attaché avec une chaîne et deux cadenas;Oui;Non;14/06/2022;14/06/2022;Oui;9,091339;18,487032
2022;juin;18/06/2022;233;Chien Domestique;MC;Kyabe;Djobada;Taguimbi;Taguimbi Sakou;640369841;Oui;5;F;Abekai;Oui- Attaché avec une chaîne et deux cadenas;Oui;Non;18/06/2022;18/06/2022;Oui;9,368803;18,900456
2022;juin;20/06/2022;234;Chien Domestique;MC;Sarh;Kokaga;Dokou;Pas de Quartier;368032907;Oui;1;M;Lavie;Oui- Attaché avec une chaîne et deux cadenas;Oui;Non;16/06/2022;16/06/2022;Oui;9,223162;18,299704
2022;juin;20/06/2022;235;Chien Domestique;MKE;Bongor;Nahaina;Nahaina;Gaibrang4;1,78E+11;Oui;3;F;Madame;Oui- Attaché avec une chaîne et deux cadenas;Oui;Non;17/06/2022;17/06/2022;Oui;10,094809;15,544584
2022;juin;21/06/2022;236;Chien Domestique;MC;Danamadji;Maimana;Maimana;Maimana Centre;791030367;non;2;M;Patience;Oui- Attaché avec une chaîne et deux cadenas;Oui;Non;20/05/2022;21/05/2022;Oui;8,941639;18,570532
2022;juin;21/06/2022;237;Chien Domestique;MKE;Bongor;Djarwaye;Zigui;Guilik;1,83E+11;non;1;M;Coronavirus;Oui- Attaché avec une chaîne et deux cadenas;Oui;Non;16/06/2022;16/06/2022;Oui;10,06406;15,588607
2022;juin;22/06/2022;238;Chien Domestique;MC;Balimba;Manda;Kira;Pas de Quartier;971125608;non;3;M;Douane;Oui- Attaché avec une chaîne et deux cadenas;Oui;Non;25/05/2022;25/05/2022;Oui;9,179092;18,283446
2022;juin;22/06/2022;239;Chien Domestique;MC;Balimba;Balimba;Ngakedje;Pas de Quartier;1,10E+11;non;3;M;Biss;Oui- Attaché avec une chaîne et deux cadenas;Oui;Non;21/06/2022;21/06/2022;Oui;9,187141;18,303371
2022;juin;22/06/2022;240;Chien Domestique;MKE;Bongor;Balampouta;Petit Tougoude;Haina;1,97E+11;Non;3;M;Commandant;Oui- Attaché avec une chaîne et deux cadenas;Oui;Non;22/06/2022;22/06/2022;Oui;10,18706;15,465266
2022;juin;22/06/2022;241;Chien Domestique;MKE;Guelendeng;Mogrom;Goree;Pas de Quartier;994940001;Oui;2;F;Tapadodje;Oui- Attaché avec une chaîne et deux cadenas;Oui;Non;18/06/2022;19/06/2022;Oui;11,11151;15,419783
2022;juin;23/06/2022;242;Chien Domestique;MC;Danamadji;Bambara;Bambara;Carre Ngare;72508069;non;2;M;Lion;Oui- Attaché avec une chaîne et deux cadenas;Oui;Non;15/06/2022;15/06/2022;Oui;8,987408;18,597778
2022;juin;23/06/2022;243;Chien Domestique;MC;Balimba;Bemouli;Maimou;Pas de Quartier;1,07E+11;non;2;F;Kinoîte;Oui- Attaché avec une chaîne et deux cadenas;Oui;Non;23/06/2022;23/06/2022;Oui;9,000355;18,049783
2022;juin;23/06/2022;244;Chien Domestique;MC;Balimba;Bemouli;Maimou;Pas de Quartier;1,07E+11;non;2;F;Namibeng;Oui- Attaché avec une chaîne et deux cadenas;Oui;Non;28/06/2022;26/06/2022;Oui;9,000355;18,049783
2022;juin;23/06/2022;245;Chien Domestique;MC;Sarh;Kemdere;Doyaba;Hori;33459899;Non;2;F;Nadoumyo;Oui- Attaché avec une chaîne et deux cadenas;Oui;Non;21/06/2022;21/06/2022;Oui;9,090205;18,422715
2022;juin;23/06/2022;246;Chien Domestique;CB;Massenya;Onoko;Amiyoum;Pas de Quartier;21102139;non;3;M;Abiate;Oui- Attaché avec une chaîne et deux cadenas;Oui;Non;01/06/2022;01/06/2022;Oui;10,953055;15,548291
2022;juin;24/06/2022;247;Chat Domestique;MC;Sarh;Kokaga;Kissinga;Kissinga Centre;106545294;non;2;M;Mariam;Oui- Attaché avec une chaîne et deux cadenas;Oui;Non;23/06/2022;23/06/2022;Oui;9,492589;18,194318
2022;juin;24/06/2022;248;Chat Domestique;MKE;Guelendeng;Mogrom;Avourqui;Pas de Quartier;627017409;non;2;F;Patrouta;Oui- Attaché avec une chaîne et deux cadenas;Oui;Non;20/06/2022;20/06/2022;Oui;11,131192;15,405403
2022;juin;26/06/2022;249;Chien Domestique;CB;Bousso;Mogo;Paris Congo;Pas de Quartier;690233818;Non;1;M;Nangleba;Oui- Attaché avec une chaîne et deux cadenas;Oui;Non;20/05/2022;20/06/2022;Oui;10,480729;16,675122
2022;juin;26/06/2022;250;Chien Domestique;CB;Bousso;Bousso;Ngargue Baguirmi;Pas de Quartier;162033890;Non;4;M;Gobi;Oui- Attaché avec une chaîne et deux cadenas;Oui;Non;21/06/2022;21/06/2022;Oui;10,550803;16,844244
2022;juin;26/06/2022;251;Chien Domestique;CB;Bailli;Mourai Sara;Mourai Sara;Pas de Quartier;931469875;non;3;F;Gobi;Oui- Attaché avec une chaîne et deux cadenas;Oui;Non;01/06/2022;02/06/2022;Oui;10,625614;16,357667
2022;juin;26/06/2022;252;Chien Domestique;MKE;Guelendeng;Guelendeng 1;Medegue;Medegue Mousgoum;1,67E+11;non;1;F;Nextel;Oui- Attaché avec une chaîne et deux cadenas;Oui;Non;26/06/2022;26/06/2022;Non;11,028481;15,446452
2022;juin;27/06/2022;253;Chien Domestique;MC;Balimba;Balimba;Ngakedje;Pas de Quartier;1,07E+11;non;2;M;Supporté;Oui- Attaché avec une chaîne et deux cadenas;Oui;Non;24/06/2022;24/06/2022;Oui;9,187141;18,303371
2022;juin;27/06/2022;254;Chien Domestique;MKE;Bongor;Nahaina;Grand-Tougoude;Lakka;1,80E+11;Oui;2;M;Covid19;Oui- Attaché avec une chaîne et deux cadenas;Oui;Non;22/06/2022;22/06/2022;Oui;10,11527;15,521384
2022;juin;27/06/2022;255;Chien Domestique;MKE;Guelendeng;Sanang;Togo-Togo;Boudousse;1,85E+11;Non;2;M;Coronavirus;Oui- Attaché avec une chaîne et deux cadenas;Oui;Non;16/06/2022;17/06/2022;Oui;10,665019;15,513822
2022;juin;27/06/2022;256;Chien Domestique;CB;Mandelia;Koundoul;Koundoul 2;Pas de Quartier;3,97E+11;non;3;F;Tomalbedi;Oui- Attaché avec une chaîne et deux cadenas;Oui;Non;27/04/2022;27/04/2022;Oui;11,967149;15,173243
2022;juin;27/06/2022;257;Chien Domestique;NDJ;9e Arrondissement;Toukra;Kobé;Pas de Quartier;3,98E+11;Oui;2;M;Toutpasse;Oui- Attaché avec une chaîne et deux cadenas;Oui;Oui;27/06/2022;27/06/2022;Non;12,004288;15,152263
2022;juin;28/06/2022;258;Chien Domestique;CB;Massenya;Onoko;Mecontie;Pas de Quartier;2,38E+11;non;5;M;Garde;Oui- Attaché avec une chaîne et deux cadenas;Oui;Non;25/05/2022;25/05/2022;Oui;10,915488;15,596046
2022;juin;28/06/2022;259;Chien Domestique;MKE;Guelendeng;Mogrom;Mogrom Centre;Mogrom Sara;1,90E+11;non;2;M;Sassouffi;Oui- Attaché avec une chaîne et deux cadenas;Oui;Non;31/05/2022;31/05/2022;Oui;11,106419;15,416241
2022;juin;28/06/2022;260;Chien Domestique;CB;Mandelia;Bougoumene;Dandar;Pas de Quartier;425575729;non;1;M;Espoir;Oui- Attaché avec une chaîne et deux cadenas;Oui;Non;21/04/2022;21/04/2022;Non;11,431507;15,345933
2022;juin;29/06/2022;261;Chien Domestique;MKE;Guelendeng;Guelendeng 1;Medegue;Medegue Sara;1,70E+11;non;3;M;Madjidjidoal;Oui- Attaché avec une chaîne et deux cadenas;Oui;Non;29/06/2022;29/06/2022;Oui;11,024985;15,448027
2022;juin;30/06/2022;262;Chien Domestique;MC;Sarh;Banda;Jerusalem;Pas de Quartier;81668776;Oui;2;M;Malix;Oui- Attaché avec une chaîne et deux cadenas;Oui;Non;27/06/2022;27/06/2022;Oui;9,005331;18,494209
2022;juin;30/06/2022;263;Chien Domestique;CB;Bailli;Bailli 1;Djanta Sara;Pas de Quartier;29853651;non;3;M;Garde;Oui- Attaché avec une chaîne et deux cadenas;Oui;Non;30/06/2022;30/06/2022;Oui;10,542642;16,40734
2022;juin;30/06/2022;264;Chien Domestique;CB;Massenya;Onoko;Mecontie;Pas de Quartier;2,35E+11;non;4;M;Police;Oui- Attaché avec une chaîne et deux cadenas;Oui;Non;20/06/2022;20/06/2022;Oui;10,915488;15,596046
2022;juin;30/06/2022;265;Chien Domestique;CB;Mandelia;Koundoul;Koundoul 2;Pas de Quartier;3,97E+11;non;1;M;Madjitoli;Oui- Attaché avec une chaîne et deux cadenas;Oui;Non;14/06/2022;14/06/2022;Oui;11,967149;15,173243
2022;juillet;01/07/2022;266;Chat Domestique;MC;Sarh;Maingara;Maingara 1;Pas de Quartier;1,22E+11;Non;3;F;Djalila;Oui- Attaché avec une chaîne et deux cadenas;Oui;Oui;30/06/2022;01/07/2022;Non;9,132618;18,383419
2022;juillet;01/07/2022;267;Chien Domestique;MC;Kyabe;Marabe;Marabodokouya 1;Kelebi;31085154;non;1;M;Donague;Oui- Attaché avec une chaîne et deux cadenas;Oui;Oui;25/05/2022;25/05/2022;Non;9,324137;18,748766
2022;juillet;01/07/2022;268;Chat Domestique;CB;Bailli;Bailli 1;Djangta Sara;Pas de Quartier;22378439;non;3;M;Alladji;Oui- Attaché avec une chaîne et deux cadenas;Oui;Non;30/06/2022;30/06/2022;Oui;10,542642;16,40734
2022;juillet;02/07/2022;269;Chat Domestique;MC;Sarh;Banda Quartier;Tombalbaye;Tombalbaye 12;1,22E+11;Oui;4;F;Mariam;Oui- Attaché avec une chaîne et deux cadenas;Oui;Oui;01/07/2022;02/07/2022;Non;9,148914;18,371616
2022;juillet;02/07/2022;270;Chat Domestique;Tandjile;Bere;Tamio;Djengdra 2;Pas de Quartier;6745442;non;3;M;Miss;Oui- Attaché avec une chaîne et deux cadenas;Oui;Non;29/06/2022;29/06/2022;Oui;9,222052;16,326968
2022;juillet;02/07/2022;271;Chien Domestique;MKE;Guelendeng;Largana;Kelengue;Pas de Quartier;569031720;non;2;M;Tadyo;Oui- Attaché avec une chaîne et deux cadenas;Oui;Oui;02/07/2022;02/07/2022;Non;10,727899;16,164395
2022;juillet;03/07/2022;272;Chien Domestique;MC;Kyabe;Marabe;Bongoro;Pas de Quartier;771187955;non;1;M;Kimandoh;Oui- Attaché avec une chaîne et deux cadenas;Oui;Non;28/06/2022;28/06/2022;Oui;9,201735;18,561792
2022;juillet;04/07/2022;273;Chien Domestique;MC;Kyabe;Djobada;Taguimbi;Taguimbi Carré;692349575;Oui;3;M;Hadjomon;Oui- Attaché avec une chaîne et deux cadenas;Oui;Non;20/06/2022;20/06/2022;Non;9,384435;18,880316
2022;juillet;04/07/2022;274;Chien Domestique;MC;Biobe;Mayo 2;Kamanmada;Pas de Quartier;752359271;Oui;3;F;Alkanto;Non- L\'animal n\'est pas attaché;Oui;Oui;03/07/2022;07/07/2022;Non;9,641485;19,648367
2022;juillet;05/07/2022;275;Chien Domestique;MC;Balimba;Bemouli;Maimou;Pas de Quartier;1,13E+11;non;2;M;Oïta;Oui- Attaché avec une chaîne et deux cadenas;Oui;Non;04/07/2022;05/07/2022;Non;9,000355;18,049783
2022;juillet;05/07/2022;276;Chien Domestique;MC;Sarh;Banda;Kemrimbe;Kemrimbe 1;1,17E+11;Non;2;M;Dounian;Oui- Mais pas avec une chaîne et deux cadenas;Oui;Oui;03/07/2022;03/07/2022;Non;9,040474;18,535048
2022;juillet;05/07/2022;277;Chien Domestique;Tandjile;Bere;Tamio;Kobkouale-yang;Pas de Quartier;14001634;non;2;F;KEREKASSIAN;Oui- Attaché avec une chaîne et deux cadenas;Oui;Non;04/07/2022;04/07/2022;Oui;9,254578;16,281081
2022;juillet;05/07/2022;278;Chien Domestique;CB;Bailli;Kelengue;Boye;Pas de Quartier;1000808ab;non;2;M;Toupasse;Oui- Attaché avec une chaîne et deux cadenas;Oui;Oui;02/07/2022;04/07/2022;Non;10,684435;16,255124
2022;juillet;06/07/2022;279;Chien Domestique;MC;Kyabe;Djobada;Taguimbi;Taguimbi Carré;85615360;Oui;3;F;Supporté;Oui- Attaché avec une chaîne et deux cadenas;Oui;Non;11/06/2022;11/06/2022;Oui;9,384435;18,880316
2022;juillet;06/07/2022;280;Chat Domestique;MKE;Guelendeng;Bere;Bere Ville;Bere Djirguina;412757014;non;> 10;F;Misse;Oui- Attaché avec une chaîne et deux cadenas;Oui;Non;06/07/2022;06/07/2022;Oui;10,781261;15,773612
2022;juillet;07/07/2022;281;Chien Domestique;CB;Massenya;Onoko;Mouraye;Pas de Quartier;2,36E+11;Oui;5;M;Dout;Oui- Attaché avec une chaîne et deux cadenas;Oui;Non;05/07/2022;06/07/2022;Oui;10,993982;15,571412
2022;juillet;07/07/2022;282;Chien Domestique;CB;Mandelia;Koundoul;Koundoul 2;Pas de Quartier;4,17E+11;non;2;M;Gardien;Oui- Attaché avec une chaîne et deux cadenas;Oui;Non;14/06/2022;13/06/2022;Oui;11,967149;15,173243
2022;juillet;08/07/2022;283;Chien Domestique;MC;Balimba;Bemouli;Mangara 1;Mangara 1;1,10E+11;Non;4;M;Champion;Oui- Attaché avec une chaîne et deux cadenas;Non;Oui;05/07/2022;08/07/2022;Non;9,002981;18,074241
2022;juillet;08/07/2022;284;Chien Domestique;Tandjile;Bere;Tamio;Mbengue-yemi;Pas de Quartier;2,12E+11;non;4;F;Younemega;Oui- Attaché avec une chaîne et deux cadenas;Oui;Non;06/07/2022;06/07/2022;Oui;9,227109;16,279184
2022;juillet;08/07/2022;285;Chien Domestique;MKE;Guelendeng;Nanguigoto;Nanguigoto;Nanguigoto Sara;1,60E+11;Oui;6-11 mois;F;Supporté;Oui- Attaché avec une chaîne et deux cadenas;Oui;Non;08/07/2022;08/07/2022;Non;10,745937;15,973383
2022;juillet;09/07/2022;286;Chien Domestique;MC;Sarh;Maibo;Kotbiri;Pas de Quartier;1,30E+11;Oui;3;F;Gobi;Oui- Mais pas avec une chaîne et deux cadenas;Oui;Oui;05/07/2022;06/07/2022;Non;8,991047;18,50567
2022;juillet;09/07/2022;287;Chien Domestique;MC;Kyabe;Marabe;Marakouya 1;Korkaga;770974825;non;4;M;Natolie;Oui- Attaché avec une chaîne et deux cadenas;Oui;Non;06/07/2022;06/07/2022;Oui;9,320441;18,497965
2022;juillet;09/07/2022;288;Chat Domestique;MC;Biobe;Mayo 2;Obo;Pas de Quartier;758335585;non;1;F;Mariam;Oui- Attaché avec une chaîne et deux cadenas;Oui;Non;09/07/2022;09/07/2022;Oui;9,56384;19,472683
2022;juillet;10/07/2022;289;Chien Domestique;MC;Sarh;Kassai;Kassai;Kassai 16;1,19E+11;non;2;M;Milou;Oui- Attaché avec une chaîne et deux cadenas;Oui;Non;28/06/2022;28/06/2022;Oui;9,122186;18,401162
2022;juillet;10/07/2022;290;Chien Domestique;MC;Kyabe;Marabe;Marabodokouya 1;Rinda;878753188;non;6;F;Ndoguidima;Oui- Attaché avec une chaîne et deux cadenas;Oui;Oui;10/07/2022;11/07/2022;Non;9,254587;18,746354
2022;juillet;10/07/2022;291;Chien Domestique;CB;Mandelia;Bougoumene;Hillé Wendi;Pas de Quartier;3,99E+11;non;3;M;Jacky;Oui- Attaché avec une chaîne et deux cadenas;Oui;Non;10/07/2022;10/07/2022;Oui;11,486745;15,327656
2022;juillet;11/07/2022;292;Chat Domestique;MC;Danamadji;Maimana;Ferme village;Pas de Quartier;748935706;Oui;2;F;Mariam;Oui- Mais pas avec une chaîne et deux cadenas;Oui;Oui;10/07/2022;11/07/2022;Non;8,912229;18,629488
2022;juillet;11/07/2022;293;Chien Domestique;CB;Massenya;Onoko;Bogouroum;Pas de Quartier;2,35E+11;Oui;2;M;Absaboure;Oui- Attaché avec une chaîne et deux cadenas;Oui;Non;05/07/2022;05/07/2022;Oui;11,056029;15,450369
2022;juillet;11/07/2022;294;Chien Domestique;CB;Mandelia;Mailao;Mailao;Mailao Massa 1;5,16E+11;non;8;F;Gohlong bangou;Oui- Attaché avec une chaîne et deux cadenas;Oui;Non;11/07/2022;11/07/2022;Oui;11,576639;15,284521
2022;juillet;12/07/2022;295;Chien Domestique;MC;Kyabe;Marabe;Bongoro;Pas de Quartier;184164575;non;3;F;Mande-Horbe;Oui- Attaché avec une chaîne et deux cadenas;Oui;Non;05/07/2022;05/07/2022;Oui;9,201735;18,561792
2022;juillet;12/07/2022;296;Chien Domestique;MC;Sarh;Kokaga;Kissinga;Kissinga Centre;91394010;non;4;M;Miskine;Oui- Attaché avec une chaîne et deux cadenas;Oui;Non;08/07/2022;08/07/2022;Oui;9,492589;18,194318
2022;juillet;12/07/2022;297;Chien Domestique;MKE;Guelendeng;Nanguigoto;Diganali;Pas de Quartier;1,59E+11;non;4;M;Darnas;Oui- Attaché avec une chaîne et deux cadenas;Oui;Non;24/05/2022;24/05/2022;Oui;10,777643;15,990631
2022;juillet;13/07/2022;298;Chien Domestique;MC;Kyabe;Marabe;Marakouya 2;Pas de Quartier;203849955;non;3;M;Supporté;Oui- Attaché avec une chaîne et deux cadenas;Oui;Non;13/07/2022;13/07/2022;Oui;9,21631;18,590282
2022;juillet;13/07/2022;299;Chat Domestique;MKE;Guelendeng;Guelendeng 1;Magrao;Madri;1,72E+11;non;3;F;Ambisé;Oui- Attaché avec une chaîne et deux cadenas;Oui;Non;13/07/2022;13/07/2022;Oui;10,983818;15,487062
2022;juillet;14/07/2022;300;Chat Domestique;MC;Sarh;Kassai;Kassai;Kassai 9;1,18E+11;non;2;F;Mariam;Oui- Attaché avec une chaîne et deux cadenas;Oui;Non;08/07/2022;08/07/2022;Oui;9,132241;18,396986
2022;juillet;14/07/2022;301;Chien Domestique;SLM;Haraze;Daha;Daha;Site B;*AIGW*220088;Non;2;M;Chien errant;Non- L\'animal n\'est pas attaché;Non;Oui;14/07/2022;14/07/2022;Non;9,215386;20,465544
2022;juillet;14/07/2022;302;Chien Domestique;CB;Bailli;Mourai Sara;Mourai Sara;Pas de Quartier;978473990;non;3;M;Santinel;Oui- Attaché avec une chaîne et deux cadenas;Oui;Non;06/07/2022;06/07/2022;Oui;10,625614;16,357667
2022;juillet;15/07/2022;303;Chien Domestique;Tandjile;Bere;Tamio;Mbengue-yemi;Pas de Quartier;2,12E+11;non;4;F;Yabengdi;Oui- Attaché avec une chaîne et deux cadenas;Oui;Non;14/07/2022;14/07/2022;Oui;9,227109;16,279184
2022;juillet;15/07/2022;304;Chien Domestique;MC;Korbol;Niellim;Mourai;Pas de Quartier;731236515;Oui;3;F;Na-Oulmadine;Oui- Attaché avec une chaîne et deux cadenas;Oui;Oui;15/07/2022;15/07/2022;Non;9,682935;17,874271
2022;juillet;15/07/2022;305;Chien Domestique;CB;Bailli;Bailli 1;Bemadjiamra;Pas de Quartier;145733488;Oui;4;F;Daibadipabi;Oui- Attaché avec une chaîne et deux cadenas;Oui;Non;11/07/2022;11/07/2022;Oui;10,548694;16,432657
2022;juillet;15/07/2022;306;Chien Domestique;MKE;Guelendeng;Bere;Goussou;Pas de Quartier;14421848;non;1;M;Patience;Oui- Attaché avec une chaîne et deux cadenas;Oui;Non;14/07/2022;14/07/2022;Oui;10,852563;15,702034
2022;juillet;15/07/2022;307;Chien Domestique;MKE;Guelendeng;Guelendeng 2;Guelendeng;Azigarang;410440819;non;2;F;Mbolem;Oui- Attaché avec une chaîne et deux cadenas;Oui;Non;03/08/2022;03/08/2022;Oui;10,921692;15,545012
2022;juillet;16/07/2022;308;Chien Domestique;MC;Sarh;Kassai;Kassai;Kassai 16;1,20E+11;non;5;M;Qui t\'a dit;Oui- Attaché avec une chaîne et deux cadenas;Oui;Non;30/06/2022;30/06/2022;Oui;9,122186;18,401162
2022;juillet;16/07/2022;309;Chien Domestique;Tandjile;Bere;Kalme;Kidjimina 1;Pas de Quartier;1,50E+11;Oui;2;M;Gouverneur;Oui- Attaché avec une chaîne et deux cadenas;Oui;Oui;16/07/2022;16/07/2022;Non;9,279743;16,289225
2022;juillet;16/07/2022;310;Chien Domestique;CB;Massenya;Onoko;Mecontie;Pas de Quartier;2,37E+11;non;1;F;Douane;Oui- Attaché avec une chaîne et deux cadenas;Oui;Non;06/06/2022;06/06/2022;Oui;10,915488;15,596046
2022;juillet;17/07/2022;311;Chien Domestique;CB;Mandelia;Koundoul;Ecole de Police;Pas de Quartier;4,13E+11;Oui;1;F;Supporte;Oui- Attaché avec une chaîne et deux cadenas;Oui;Oui;14/07/2022;14/07/2022;Non;11,960915;15,186452
2022;juillet;19/07/2022;312;Chien Domestique;MC;Balimba;Manda;Kembide;Pas de Quartier;991121421;Oui;6;F;Celtel;Oui- Attaché avec une chaîne et deux cadenas;Oui;Non;14/07/2022;15/07/2022;Oui;9,154734;18,290664
2022;juillet;19/07/2022;313;Chat Domestique;LOC;Benoye;Tchaouen;Guelsaou 1;Pas de Quartier;2,13E+11;Non;1;M;Batou;Oui- Attaché avec une chaîne et deux cadenas;Oui;Oui;12/07/2022;19/07/2022;Non;9,191459;16,317289
2022;juillet;19/07/2022;314;Chien Domestique;MC;Kyabe;Marabe;Kamanga 2;Centre;308153079;non;2;F;Arkama;Oui- Attaché avec une chaîne et deux cadenas;Oui;Non;13/07/2022;13/07/2022;Oui;9,220445;18,611255
2022;juillet;19/07/2022;315;Chien Domestique;MC;Balimba;Balimba;Mandikaga;Daba;1,10E+11;non;2;F;Beledé;Oui- Attaché avec une chaîne et deux cadenas;Oui;Non;14/07/2022;14/07/2022;Oui;9,234462;18,255376
2022;juillet;19/07/2022;316;Chien Domestique;CB;Bousso;Mbaranga;Gaba;Pas de Quartier;326087687;Non;2;M;Betolengar;Oui- Attaché avec une chaîne et deux cadenas;Oui;Oui;19/07/2022;19/07/2022;Non;10,596121;16,982198
2022;juillet;19/07/2022;317;Chien Domestique;CB;Bailli;Bogomoro;Damakara Marba;Pas de Quartier;92739150;non;1;F;Datanga;Oui- Attaché avec une chaîne et deux cadenas;Oui;Non;17/07/2022;17/07/2022;Non;10,785723;16,011979
2022;juillet;19/07/2022;318;Chien Domestique;CB;Mandelia;Mailao;Mailao;Mailao Fonctionaire;4,07E+11;Oui;> 10;F;Courage;Oui- Attaché avec une chaîne et deux cadenas;Oui;Oui;19/07/2022;19/07/2022;Non;11,589389;15,279867
2022;juillet;20/07/2022;319;Chien Domestique;MC;Sarh;Banda;Molori 2;Pas de Quartier;1,31E+11;Non;2;F;Behedjoma;Oui- Mais pas avec une chaîne et deux cadenas;Oui;Oui;17/07/2022;20/07/2022;Non;9,091339;18,487032
2022;juillet;20/07/2022;320;Chien Domestique;MC;Sarh;Banda;Molori 2;Pas de Quartier;1,15E+11;Oui;3;M;Bacon;Oui- Mais pas avec une chaîne et deux cadenas;Oui;Oui;19/07/2022;20/07/2022;Non;9,091339;18,487032
2022;juillet;20/07/2022;321;Chat Domestique;MC;Sarh;Kokaga;Gentil;Pas de Quartier;385017320;non;2;M;Mariam;Oui- Attaché avec une chaîne et deux cadenas;Oui;Non;18/07/2022;18/07/2022;Oui;9,229074;18,293684
2022;juillet;20/07/2022;322;Chien Domestique;MKE;Guelendeng;Guelendeng 3;Boudanassa Lambe;Pas de Quartier;1,66E+11;non;1;M;Dourdendjil;Oui- Attaché avec une chaîne et deux cadenas;Oui;Non;22/06/2022;22/06/2022;Oui;10,874512;15,653549
2022;juillet;20/07/2022;323;Chien Domestique;MKE;Guelendeng;Guelendeng 3;Boudanassa Lambe;Pas de Quartier;45417540;non;4;F;Supporté;Oui- Attaché avec une chaîne et deux cadenas;Oui;Non;14/06/2022;14/06/2022;Oui;10,874512;15,653549
2022;juillet;20/07/2022;324;Chien Domestique;CB;Dourbali;Larba;Mourdoumti 1;Pas de Quartier;10326697;Oui;2;M;Mersina;Oui- Attaché avec une chaîne et deux cadenas;Oui;Non;10/06/2022;10/06/2022;Oui;11,669505;15,320795
2022;juillet;21/07/2022;325;Chien Domestique;CB;Bailli;Kelengue;Goudoum Goudoum;Centre;862721657;non;2;M;Garde;Oui- Attaché avec une chaîne et deux cadenas;Oui;Non;19/07/2022;19/07/2022;Oui;10,653133;16,30529
2022;juillet;22/07/2022;326;Chien Domestique;CB;Mandelia;Raf;Raf Centre;Pas de Quartier;4,01E+11;non;4;F;Supporte;Oui- Attaché avec une chaîne et deux cadenas;Oui;Non;13/05/2022;13/05/2022;Oui;11,927513;15,270442
2022;juillet;23/07/2022;327;Chien Domestique;CB;Kouno;Mbarlet;Madede;Pas de Quartier;710252536;Non;2;M;Police;Oui- Attaché avec une chaîne et deux cadenas;Oui;Oui;23/07/2022;23/07/2022;Non;10,45502;17,113149
2022;juillet;24/07/2022;328;Chien Domestique;MC;Sarh;Badara;Ndokoro;Djodogo Centre;670331556;non;2;F;Kraïbé;Oui- Attaché avec une chaîne et deux cadenas;Oui;Non;20/07/2022;20/07/2022;Oui;9,15929;18,49942
2022;juillet;24/07/2022;329;Chien Domestique;Tandjile;Bere;Tamio;Djengdra 2;Pas de Quartier;11918017;Non;6-11 mois;F;Dodé;Non- L\'animal n\'est pas attaché;Non;Non;24/07/2022;24/07/2022;Non;9,222052;16,326968
2022;juillet;25/07/2022;330;Chien Domestique;MC;Sarh;Kemata;Kagsse;Pas de Quartier;630442307;Oui;2;F;Boudjour;Oui- Mais pas avec une chaîne et deux cadenas;Oui;Oui;16/07/2022;18/07/2022;Non;9,182908;18,395701
2022;juillet;25/07/2022;331;Chien Domestique;Tandjile;Bere;Tamio;Kobkouale-yang;Pas de Quartier;10622179;non;1;M;ESPOIR;Oui- Attaché avec une chaîne et deux cadenas;Oui;Non;15/07/2022;15/07/2022;Oui;9,254578;16,281081
2022;juillet;25/07/2022;332;Chien Domestique;CB;Kouno;Kouno;Kouno Ville;Hori;138021323;non;2;F;Nanbaoual;Oui- Attaché avec une chaîne et deux cadenas;Oui;Non;25/06/2022;25/06/2022;Oui;9,837221;17,668953
2022;juillet;25/07/2022;333;Chien Domestique;MKE;Bongor;Djoumane;Djoumane;Bain;1,96E+11;Non;6-11 mois;M;Lion;Oui- Attaché avec une chaîne et deux cadenas;Oui;Non;25/07/2022;25/07/2022;Non;9,881194;15,806496
2022;juillet;25/07/2022;334;Chien Domestique;MKE;Guelendeng;Guelendeng 1;Gadaban;Pas de Quartier;1,71E+11;non;4;M;Prefecture;Oui- Attaché avec une chaîne et deux cadenas;Oui;Non;25/07/2022;25/07/2022;Oui;11,00052;15,439654
2022;juillet;26/07/2022;335;Chien Domestique;MKE;Guelendeng;Largana;Kelengue;Pas de Quartier;350357885;non;3;F;Boko Haram;Oui- Attaché avec une chaîne et deux cadenas;Oui;Non;12/07/2022;12/07/2022;Non;10,727899;16,164395
2022;juillet;27/07/2022;336;Chien Domestique;MC;Sarh;Kokaga;Dibatime;Pas de Quartier;525907199;non;2;M;Supporté;Oui- Attaché avec une chaîne et deux cadenas;Oui;Non;21/07/2022;22/07/2022;Oui;9,324491;18,225032
2022;juillet;27/07/2022;337;Chien Domestique;MC;Kyabe;Boyama;Kaikata;Pas de Quartier;944609211;Oui;2;M;Hanga;Oui- Attaché avec une chaîne et deux cadenas;Oui;Non;23/07/2022;23/07/2022;Non;9,37502;19,231247
2022;juillet;27/07/2022;338;Chien Domestique;CB;Kouno;Kouno;Kouno Ville;Goulaye;506317783;non;3;F;Garde;Oui- Attaché avec une chaîne et deux cadenas;Oui;Non;18/07/2022;18/07/2022;Oui;9,836192;17,659311
2022;juillet;28/07/2022;339;Chien Domestique;MC;Sarh;Banda;Moudjiro;Pas de Quartier;781024205;non;1;M;Supporte;Oui- Attaché avec une chaîne et deux cadenas;Oui;Non;25/07/2022;25/07/2022;Oui;9,050306;18,44516
2022;juillet;28/07/2022;340;Chien Domestique;MC;Danamadji;Bambara;Dankolo;Myabolo;36799330;non;4;F;Namandé;Oui- Attaché avec une chaîne et deux cadenas;Oui;Non;28/05/2022;28/05/2022;Oui;9,131838;18,813757
2022;juillet;28/07/2022;341;Chien Domestique;MKE;Guelendeng;Guelendeng 2;Yadawa;Pas de quartier;784181376;non;1;F;Keleiba;Oui- Attaché avec une chaîne et deux cadenas;Oui;Non;27/07/2022;27/07/2022;Oui;10,915552;15,553701
2022;juillet;29/07/2022;342;Chat Domestique;SLM;Am Timan;Sihep;Hile Babakar;Pas de Quartier;2,20E+11;Non;2;F;Faroudja;Oui- Attaché avec une chaîne et deux cadenas;Oui;Non;24/07/2022;27/07/2022;Non;11,211126;20,576695
2022;juillet;30/07/2022;343;Chat Domestique;CB;Bousso;Mogo;Modtot;Pas de Quartier;461985055;non;3;M;Ram;Oui- Attaché avec une chaîne et deux cadenas;Oui;Non;23/07/2022;23/07/2022;Non;10,494997;16,757375
2022;juillet;30/07/2022;344;Chien Domestique;MKE;Guelendeng;Guelendeng 1;Medegue;Medegue Mousgoum;11870126;non;5;F;Atapa;Oui- Attaché avec une chaîne et deux cadenas;Oui;Non;30/07/2022;30/07/2022;Oui;11,028481;15,446452
2022;juillet;31/07/2022;345;Chien Domestique;LOC;Benoye;Bourou Evangelique;Dotouma;Memongde;*AIGW*0000;Non;1;M;Kismadji;Oui- Attaché avec une chaîne et deux cadenas;Oui;Oui;31/07/2022;31/07/2022;Non;9,049299;16,350295
2022;juillet;31/07/2022;346;Chien Domestique;MKE;Guelendeng;Sanang;Bidiwine;Vogong-Siring;1,53E+11;Non;2;M;Souloukna;Oui- Attaché avec une chaîne et deux cadenas;Oui;Oui;31/07/2022;31/07/2022;Non;10,765987;15,540967
2022;août;01/08/2022;347;Chat Domestique;Tandjile;Bere;Tamio;Dambe-kophalam;Pas de Quartier;2,11E+11;non;3;F;Batou;Oui- Attaché avec une chaîne et deux cadenas;Oui;Non;12/07/2022;12/07/2022;Oui;9,224203;16,341852
2022;août;01/08/2022;348;Chien Domestique;MC;Sarh;Kokaga;Kissinga;Kissinga Centre;*AIGW*220023;non;2;F;Supporté;Oui- Attaché avec une chaîne et deux cadenas;Oui;Non;08/07/2022;08/07/2022;Oui;9,492589;18,194318
2022;août;01/08/2022;349;Chat Domestique;MKE;Bongor;Djoumane;Djoumane;Kouhop;1,99E+11;Non;3;M;Miss;Oui- Attaché avec une chaîne et deux cadenas;Oui;Non;01/08/2022;01/08/2022;Non;9,878326;15,810214
2022;août;01/08/2022;350;Chien Domestique;MKE;Bongor;Bongor Sieke;Bongor Sieke;Hagassou 1;1,94E+11;Oui;3;F;Mingadi;Oui- Attaché avec une chaîne et deux cadenas;Oui;Oui;08/07/2022;08/07/2022;Non;10,25485;15,394855
2022;août;02/08/2022;351;Chien Domestique;MC;Danamadji;Moussafoyo;Paris Sakoula;Pas de Quartier;348416592;Oui;1;F;Daberi;Oui- Attaché avec une chaîne et deux cadenas;Oui;Non;25/07/2022;25/07/2022;Oui;8,763089;18,691167
2022;août;02/08/2022;352;Chien Domestique;LOC;Benoye;Tchaouen;Boumbaye 2;Ndegue;2,14E+11;Oui;2;M;Garde;Oui- Attaché avec une chaîne et deux cadenas;Oui;Oui;02/08/2022;02/08/2022;Non;9,205716;16,371032
2022;août;02/08/2022;353;Chien Domestique;Tandjile;Lai;Gabri-ngolo;Dombala;Pas de Quartier;2,08E+11;Non;4;M;Oba;Oui- Mais pas avec une chaîne et deux cadenas;Oui;Oui;02/08/2022;02/08/2022;Non;9,315879;16,331404
2022;août;02/08/2022;354;Chat Domestique;Tandjile;Lai;Gabri-ngolo;Dombala;Pas de Quartier;2,08E+11;Oui;1;F;Dains;Oui- Attaché avec une chaîne et deux cadenas;Oui;Non;28/07/2022;29/07/2022;Non;9,315879;16,331404
2022;août;02/08/2022;355;Chien Domestique;MC;Biobe;Mayo 2;Foure Koutou;Pas de Quartier;746036170;non;2;M;Gogou;Oui- Attaché avec une chaîne et deux cadenas;Oui;Non;16/07/2022;16/07/2022;Oui;9,570754;19,49889
2022;août;03/08/2022;356;Chat Domestique;CB;Bousso;Mogo;Moursey Massa;Pas de Quartier;415392579;Non;2;F;Mariam;Oui- Attaché avec une chaîne et deux cadenas;Oui;Non;01/08/2022;01/08/2022;Oui;10,465737;16,704775
2022;août;03/08/2022;357;Chat Domestique;CB;Bailli;Mourai Sara;Mourai Sara;Pas de Quartier;940934880;non;1;F;Mariam;Oui- Attaché avec une chaîne et deux cadenas;Oui;Non;04/07/2022;04/07/2022;Oui;10,625614;16,357667
2022;août;04/08/2022;358;Chat Domestique;Tandjile;Kolon;Gringa;Djobarzou;Pas de Quartier;*AIGW*220079;Oui;2;M;Endjedjekele;Oui- Attaché avec une chaîne et deux cadenas;Oui;Non;02/08/2022;02/08/2022;Oui;9,602353;15,952686
2022;août;04/08/2022;359;Chat Domestique;MKE;Bongor;Bodogol;Bodogol;Pas de quartier;1,97E+11;Oui;1;F;Halassa;Oui- Attaché avec une chaîne et deux cadenas;Oui;Non;04/08/2022;04/08/2022;Non;10,376682;15,298953
2022;août;04/08/2022;360;Chien Domestique;MKE;Guelendeng;Guelendeng 1;Sawata;Matoum;251268748;Oui;2;M;Ardeb;Oui- Attaché avec une chaîne et deux cadenas;Oui;Oui;03/08/2022;04/08/2022;Non;10,971644;15,525941
2022;août;05/08/2022;361;Chien Domestique;SLM;Haraze;Daha;Machtouraye;Pas de Quartier;2,22E+11;non;2;M;Supporté;Oui- Attaché avec une chaîne et deux cadenas;Oui;Non;06/08/2022;06/08/2022;Non;9,143487;20,257788
2022;août;05/08/2022;362;Chien Domestique;Tandjile;Bere;Kalme;Dalouna;Pas de Quartier;1,90E+11;non;2;M;Loguenang;Oui- Attaché avec une chaîne et deux cadenas;Oui;Non;08/08/2022;05/08/2022;Oui;9,281166;16,264924
2023;août;05/08/2022;363;Chien Domestique;SLM;Haraze;Markaba;Ndirmigne;Pas de Quartier;*AIGW*220090;Oui;4;F;Fakir;Oui- Attaché avec une chaîne et deux cadenas;Oui;Non;10/01/2023;11/01/2023;Oui;9,428838;20,507025
2022;août;05/08/2022;364;Chien Domestique;CB;Bailli;Mourai Sara;Mourai Sara;Pas de Quartier;10758097;non;2;F;Police;Oui- Attaché avec une chaîne et deux cadenas;Oui;Non;02/08/2022;02/08/2022;Oui;10,625614;16,357667
2022;août;06/08/2022;365;Chien Domestique;LOC;Benoye;Bourou Evangelique;Dotouma;Memongde;4,99E+11;Non;2;F;Gobie;Oui- Attaché avec une chaîne et deux cadenas;Oui;Oui;05/08/2022;06/10/2022;Non;9,049299;16,350295
2022;août;06/08/2022;366;Chien Domestique;Tandjile;Bere;Tamio;Pah-ka 1;Pas de Quartier;6,11E+11;Oui;3;F;SAMSAM;Oui- Attaché avec une chaîne et deux cadenas;Oui;Non;03/08/2022;04/08/2022;Oui;9,217263;16,279262
2022;août;06/08/2022;367;Chien Domestique;Tandjile;Bere;Tamio;Tamio;Tamio 1;*AIGW*220051;non;1;F;YAKATERENG;Oui- Attaché avec une chaîne et deux cadenas;Oui;Non;04/08/2022;04/08/2022;Oui;9,244078;16,28758
2022;août;06/08/2022;368;Chien Domestique;MKE;Guelendeng;Guelendeng 2;Guelendeng;Martawa;1,58E+11;non;3;F;Supporter;Oui- Attaché avec une chaîne et deux cadenas;Oui;Non;05/08/2022;05/08/2022;Oui;10,921966;15,548799
2022;août;07/08/2022;369;Chien Domestique;MC;Balimba;Balimba;Ngakedje;Pas de Quartier;1,33E+11;non;3;M;Ambayon;Oui- Attaché avec une chaîne et deux cadenas;Oui;Non;06/08/2022;06/08/2022;Oui;9,187141;18,303371
2022;août;07/08/2022;370;Chien Domestique;MKE;Guelendeng;Bere;Mitau;Pas de Quartier;158554060;Oui;2;M;Lapia;Oui- Attaché avec une chaîne et deux cadenas;Oui;Oui;06/08/2022;07/08/2022;Non;10,817613;15,743472
2022;août;08/08/2022;371;Chien Domestique;MC;Sarh;Kokaga;Dibatime;Pas de Quartier;64551716;non;2;M;Supporté;Oui- Attaché avec une chaîne et deux cadenas;Oui;Non;04/08/2022;04/08/2022;Oui;9,324491;18,225032
2022;août;08/08/2022;372;Chien Domestique;Tandjile;Lai;Lai;Kabre-mbassa;carre 2;2,13E+11;Non;4;F;Massal;Oui- Attaché avec une chaîne et deux cadenas;Oui;Non;06/08/2022;07/08/2022;Oui;9,351996;16,306254
2022;août;08/08/2022;373;Chien Domestique;CB;Bailli;Kelengue;Mourai Houssa;Pas de Quartier;917516700;non;1;M;Tayarbi;Oui- Attaché avec une chaîne et deux cadenas;Oui;Non;05/08/2022;05/08/2022;Oui;10,69704;16,224369
2022;août;08/08/2022;374;Chien Domestique;CB;Mandelia;Mede;Mede 3 Sara;Pas de Quartier;3,97E+11;non;1;M;Tout passe;Oui- Attaché avec une chaîne et deux cadenas;Oui;Non;26/07/2022;26/07/2022;Oui;11,819586;15,332059
2022;août;09/08/2022;375;Chien Domestique;Tandjile;Bere;Tamio;Mbengue-yemi;Pas de Quartier;14579619;non;3;M;KARDAPENA;Oui- Attaché avec une chaîne et deux cadenas;Oui;Non;06/08/2022;06/08/2022;Oui;9,227109;16,279184
2022;août;09/08/2022;376;Chien Domestique;Tandjile;Bere;Tamio;Tamio Mbassa;Pas de Quartier;5,16E+11;Oui;6;M;PATIENCE;Oui- Attaché avec une chaîne et deux cadenas;Oui;Non;08/08/2022;08/08/2022;Oui;9,231679;16,275505
2022;août;09/08/2022;377;Chien Domestique;MC;Kyabe;Marabe;Dangabol;Pas de Quartier;762773451;non;2;F;SUPPORTÉ;Oui- Attaché avec une chaîne et deux cadenas;Oui;Non;07/08/2022;07/08/2022;Oui;9,253967;18,650302
2022;août;09/08/2022;378;Chien Domestique;Tandjile;Bere;Tamio;Kobkouale-yang;Pas de Quartier;*AIGW*220068;non;> 10;F;Dabikaya;Oui- Attaché avec une chaîne et deux cadenas;Oui;Non;07/08/2022;07/08/2022;Oui;9,254578;16,281081
2022;août;09/08/2022;379;Chien Domestique;Tandjile;Bere;Tamio;Kobkouale-yang;Pas de Quartier;2,11E+11;non;2;M;LION;Oui- Attaché avec une chaîne et deux cadenas;Oui;Non;08/08/2022;08/08/2022;Oui;9,254578;16,281081
2022;août;09/08/2022;380;Chien Domestique;Tandjile;Bere;Kalme;Kalmé;Soumaï 1;2,11E+11;non;2;F;Haïkama;Oui- Attaché avec une chaîne et deux cadenas;Oui;Oui;09/08/2022;09/08/2022;Non;9,287778;16,255212
2022;août;09/08/2022;381;Chien Domestique;Tandjile;Lai;Gabri-ngolo;Dombala;Pas de Quartier;2,04E+11;Non;5;F;L\'homme;Oui- Attaché avec une chaîne et deux cadenas;Oui;Oui;09/08/2022;09/08/2022;Non;9,315879;16,331404
2022;août;09/08/2022;382;Chien Domestique;Tandjile;Lai;Gabri-ngolo;Dombala;Pas de Quartier;1,48E+11;Non;4;F;La vie;Oui- Attaché avec une chaîne et deux cadenas;Non;Oui;09/08/2022;09/08/2022;Non;9,315879;16,331404
2022;août;10/08/2022;383;Chien Domestique;MKE;Guelendeng;Guelendeng 1;Medegue;Medegue Mousgoum;703913939;non;4;F;Laoulobonta;Oui- Attaché avec une chaîne et deux cadenas;Oui;Non;06/08/2022;07/08/2022;Oui;11,028481;15,446452
2022;août;11/08/2022;384;Chien Domestique;MC;Sarh;Banda;Molori 2;Pas de Quartier;807081651;Non;4;F;Hamngori;Oui- Mais pas avec une chaîne et deux cadenas;Oui;Oui;09/08/2022;09/08/2022;Non;9,091339;18,487032
2022;août;11/08/2022;385;Chien Domestique;MC;Sarh;Badara;Gorogoro;Gorogoro Carre 3;1,27E+11;non;2;F;Nadjiri;Oui- Attaché avec une chaîne et deux cadenas;Oui;Non;05/08/2022;05/08/2022;Oui;9,144896;18,457628
2022;août;11/08/2022;386;Chien Domestique;Tandjile;Bere;Tamio;Kobkouale-yang;Pas de Quartier;8123589;non;2;M;TCHAKOUSSI;Oui- Attaché avec une chaîne et deux cadenas;Oui;Non;09/08/2022;09/08/2022;Oui;9,254578;16,281081
2022;août;11/08/2022;387;Chien Domestique;MKE;Bongor;Djarwaye;Mouk;Mouk;1,98E+11;Oui;3;M;Sogoudang;Oui- Attaché avec une chaîne et deux cadenas;Oui;Oui;11/08/2022;11/08/2022;Non;10,172677;15,613371
2022;août;12/08/2022;388;Chien Domestique;Tandjile;Bere;Tamio;Tamio Mbassa;Pas de Quartier;5,17E+11;Oui;2;M;TOUT PASSE;Oui- Attaché avec une chaîne et deux cadenas;Oui;Non;15/07/2022;15/07/2022;Oui;9,231679;16,275505
2022;août;12/08/2022;389;Chien Domestique;Tandjile;Lai;Gabri-ngolo;Dombala;Pas de Quartier;2,04E+11;Non;2;M;Ngabaoudjeoudonan;Oui- Attaché avec une chaîne et deux cadenas;Non;Non;04/08/2022;04/08/2022;Non;9,315879;16,331404
2022;août;12/08/2022;390;Chat Domestique;MKE;Guelendeng;Guelendeng 1;Garwaye;Garwaye Moutou;437951898;non;2;M;Moyo4;Oui- Attaché avec une chaîne et deux cadenas;Oui;Non;08/08/2022;08/08/2022;Oui;10,938774;15,524758
2022;août;13/08/2022;391;Chien Domestique;MC;Sarh;Banda;Molori 2;Pas de Quartier;198881328;Non;3;F;MPS;Oui- Mais pas avec une chaîne et deux cadenas;Oui;Oui;09/08/2022;09/08/2022;Non;9,091339;18,487032
2022;août;13/08/2022;392;Chien Domestique;MKE;Guelendeng;Guelendeng 3;Midjoue;Pas de Quartier;56392769;non;1;F;Gorozengue;Oui- Attaché avec une chaîne et deux cadenas;Oui;Non;26/07/2022;04/08/2022;Oui;10,905014;15,58964
2022;août;14/08/2022;393;Chat Domestique;MC;Kyabe;Djobada;Kemanga;Centre;519336293;non;3;M;Mariam;Oui- Attaché avec une chaîne et deux cadenas;Oui;Non;11/08/2022;11/08/2022;Oui;9,218449;18,92734
2022;août;14/08/2022;394;Chien Domestique;Tandjile;Bere;Tamio;Djengdra 1;Pas de Quartier;1,44E+11;non;2;M;Marabanwa;Oui- Attaché avec une chaîne et deux cadenas;Oui;Non;08/08/2022;08/08/2022;Oui;9,218603;16,328671
2022;août;14/08/2022;395;Chien Domestique;Tandjile;Lai;Gabri-ngolo;Toulo;Pas de Quartier;2,05E+11;Non;4;F;Supporter;Oui- Attaché avec une chaîne et deux cadenas;Oui;Oui;15/08/2022;15/08/2022;Non;9,30374;16,341563
2022;août;14/08/2022;396;Chien Domestique;Tandjile;Bere;Kalme;Tchadam;Pas de Quartier;1,90E+11;Oui;3;F;Djkeiyapa;Oui- Attaché avec une chaîne et deux cadenas;Oui;Oui;14/08/2022;15/08/2022;Non;9,313217;16,280678
2022;août;14/08/2022;397;Chat Domestique;NDJ;9e Arrondissement;Walia Est;Ngonba;Carre 42;5,11E+11;Oui;2;F;Miss;Oui- Attaché avec une chaîne et deux cadenas;Oui;Oui;14/08/2022;14/08/2022;Non;12,068717;15,115092
2022;août;15/08/2022;398;Chien Domestique;MC;Balimba;Bemouli;Doba 2;Pas de Quartier;1,04E+11;Oui;2;F;Guirdounian;Oui- Attaché avec une chaîne et deux cadenas;Oui;Non;12/08/2022;12/08/2022;Oui;9,073784;18,148402
2022;août;15/08/2022;399;Chien Domestique;Tandjile;Bere;Tamio;Pah-ka 1;Pas de Quartier;1112375;Oui;1;M;Patience;Oui- Attaché avec une chaîne et deux cadenas;Oui;Non;08/08/2022;08/08/2022;Oui;9,217263;16,279262
2022;août;15/08/2022;400;Chien Domestique;MC;Kyabe;Marabe;Kamanga 2;Centre;180782354;non;2;F;Habe;Oui- Attaché avec une chaîne et deux cadenas;Oui;Non;13/08/2022;15/08/2022;Oui;9,220445;18,611255
2022;août;15/08/2022;401;Chien Domestique;Tandjile;Bere;Tamio;Tamio Mbassa;Pas de Quartier;5,19E+11;Oui;1;F;GENTILLE;Oui- Attaché avec une chaîne et deux cadenas;Oui;Non;15/07/2022;15/07/2022;Oui;9,231679;16,275505
2022;août;15/08/2022;402;Chien Domestique;Tandjile;Lai;Gabri-ngolo;Dombala;Pas de Quartier;*AIGW*220073;Non;6;M;Dog;Oui- Attaché avec une chaîne et deux cadenas;Oui;Non;02/08/2022;02/08/2022;Oui;9,315879;16,331404
2022;août;15/08/2022;403;Chien Domestique;Tandjile;Lai;Lai;Kabre-mbassa;carre 1;2,01E+11;Non;1;M;Dobal;Oui- Attaché avec une chaîne et deux cadenas;Oui;Non;11/08/2022;11/08/2022;Oui;9,355277;16,303192
2022;août;15/08/2022;404;Chat Domestique;Tandjile;Lai;Lai;Lai avion;carre 1;4142386;Oui;2;F;Mariam;Oui- Attaché avec une chaîne et deux cadenas;Oui;Non;10/08/2022;12/08/2022;Non;9,398411;16,306943
2022;août;15/08/2022;405;Chien Domestique;CB;Mandelia;Raf;Raf Jardin;Pas de Quartier;4,07E+11;non;2;M;Djamousse;Oui- Attaché avec une chaîne et deux cadenas;Oui;Non;12/08/2022;12/08/2022;Oui;11,918697;15,26428
2022;août;16/08/2022;406;Chien Domestique;MC;Sarh;Banda;Mallah;Mallah Centre;122242253;non;2;F;innocente;Oui- Attaché avec une chaîne et deux cadenas;Oui;Non;16/08/2022;16/08/2022;Oui;9,001;18,497246
2022;août;16/08/2022;407;Chat Domestique;MC;Sarh;Badara;Moussamere;Moussamere Centre;1,28E+11;non;5;M;Miss;Oui- Attaché avec une chaîne et deux cadenas;Oui;Non;22/06/2022;22/06/2022;Oui;9,118539;18,502878
2022;août;16/08/2022;408;Chat Domestique;MC;Sarh;Badara;Gorogoro;Gorogoro Carre 2;1,28E+11;non;2;M;Mariam;Oui- Attaché avec une chaîne et deux cadenas;Oui;Non;05/08/2022;05/08/2022;Oui;9,165272;18,448792
2022;août;16/08/2022;409;Chien Domestique;MC;Sarh;Kemkian;Mailaou;Mailaou 1;314580762;non;2;M;Rocky;Oui- Attaché avec une chaîne et deux cadenas;Oui;Non;27/07/2022;27/07/2022;Oui;9,180752;18,351421
2022;août;16/08/2022;410;Chien Domestique;Tandjile;Bere;Kalme;Kalmé;Soumaï 2;1,44E+11;non;3;F;Gardienne;Oui- Attaché avec une chaîne et deux cadenas;Oui;Non;16/08/2022;16/08/2022;Oui;9,287778;16,255212
2022;août;16/08/2022;411;Chien Domestique;Tandjile;Lai;Lai;Ndoubamanie;carre 1;3123625;Oui;5;M;Voleur;Oui- Attaché avec une chaîne et deux cadenas;Oui;Non;14/08/2022;14/08/2022;Oui;9,350454;16,352623
2022;août;16/08/2022;412;Chat Domestique;Tandjile;Lai;Lai;Tagbian;carre 6;10719374;Oui;1;M;Miss;Oui- Attaché avec une chaîne et deux cadenas;Oui;Non;15/08/2022;15/08/2022;Oui;9,38845;16,297647
2022;août;16/08/2022;413;Chien Domestique;CB;Bailli;Bailli 2;Lac Tchad;Pas de Quartier;944631049;Oui;2;M;Supporté;Oui- Attaché avec une chaîne et deux cadenas;Oui;Non;12/08/2022;12/08/2022;Oui;10,435187;16,334457
2022;août;16/08/2022;414;Chat Domestique;MKE;Guelendeng;Abba Limane;Abba Limane Borno;Pas de Quartier;78113554;Oui;4;M;Zogtou;Oui- Attaché avec une chaîne et deux cadenas;Oui;Non;12/08/2022;12/08/2022;Oui;11,173095;15,365697
2022;août;17/08/2022;415;Chat Domestique;MC;Kyabe;Marabe;Bodobo 2;Centre;125578558;non;4;F;Misse;Oui- Attaché avec une chaîne et deux cadenas;Oui;Oui;28/07/2022;28/07/2022;Non;9,262334;18,547507
2022;août;17/08/2022;416;Chien Domestique;MC;Kyabe;Marabe;Marakouya 1;Goulabanda;754426643;non;2;M;Hassé;Oui- Attaché avec une chaîne et deux cadenas;Oui;Non;15/07/2022;15/07/2022;Oui;9,313183;18,522111
2022;août;17/08/2022;417;Chat Domestique;Tandjile;Kolon;Gringa;Ambass Teli;Pas de Quartier;239893855;Oui;3;M;Batou;Oui- Mais pas avec une chaîne et deux cadenas;Oui;Non;24/07/2022;24/07/2022;Non;9,542147;15,969274
2022;août;17/08/2022;418;Chien Domestique;MC;Biobe;Mayo 1;Gatabolo;Pas de Quartier;746324582;Oui;5;M;Kouré;Oui- Attaché avec une chaîne et deux cadenas;Oui;Non;16/08/2022;17/08/2022;Non;9,615369;19,504524
2022;août;17/08/2022;419;Chat Domestique;CB;Bailli;Bogomoro;Baigane 2;Pas de Quartier;17512426;Oui;6-11 mois;F;Patou;Oui- Attaché avec une chaîne et deux cadenas;Oui;Non;09/08/2022;09/08/2022;Oui;10,800952;16,067194
2022;août;17/08/2022;420;Chien Domestique;CB;Mandelia;Bougoumene;Kolemara Bord;Pas de Quartier;10454466;non;1;F;Nemba;Oui- Attaché avec une chaîne et deux cadenas;Oui;Oui;14/06/2022;14/06/2022;Non;11,509913;15,316691
2022;août;18/08/2022;421;Chat Domestique;Tandjile;Kolon;Gringa;Ambass Tchinda 1;Pas de Quartier;*AIGW*220042;Oui;2;F;Batou;Oui- Mais pas avec une chaîne et deux cadenas;Oui;Non;18/08/2022;18/08/2022;Non;9,559146;15,941429
2022;août;18/08/2022;422;Chien Domestique;CB;Bailli;Kelengue;Goudoum Goudoum;Montagne;79854550;non;2;F;Garde;Oui- Attaché avec une chaîne et deux cadenas;Oui;Non;16/08/2022;16/08/2022;Oui;10,650841;16,310322
2022;août;18/08/2022;423;Chien Domestique;MKE;Guelendeng;Mogrom;Brawandji 2;Pas de Quartier;80578396;non;6;M;Rebelle;Oui- Attaché avec une chaîne et deux cadenas;Oui;Non;16/08/2022;16/08/2022;Oui;11,118034;15,390308
2022;août;19/08/2022;424;Chien Domestique;MC;Balimba;Balimba;Bedouma 1;Pas de Quartier;1,33E+11;Oui;3;F;Zagwar;Oui- Attaché avec une chaîne et deux cadenas;Oui;Non;12/08/2022;12/08/2022;Non;9,139238;18,341563
2022;août;19/08/2022;425;Chien Domestique;Tandjile;Bere;Tamio;Tamio Mbassa;Pas de Quartier;4,93E+11;Oui;3;F;YANLI;Oui- Attaché avec une chaîne et deux cadenas;Oui;Oui;19/08/2022;19/08/2022;Non;9,231679;16,275505
2022;août;19/08/2022;426;Chien Domestique;Tandjile;Bere;Tamio;Tamio;Tamio 6;11514531;non;3;F;DASEKOBDEGUE;Oui- Attaché avec une chaîne et deux cadenas;Oui;Non;08/08/2022;08/08/2022;Oui;9,240416;16,290225
2022;août;19/08/2022;427;Chien Domestique;Tandjile;Bere;Tamio;Kara;Pas de Quartier;1680188;non;2;M;TOUADEYO;Oui- Attaché avec une chaîne et deux cadenas;Oui;Non;15/08/2022;15/08/2022;Oui;9,254364;16,334531
2022;août;19/08/2022;428;Chien Domestique;Tandjile;Bere;Kalme;Kidjimina 2;Doumber;2,03E+11;Oui;4;M;Dadaboeddi;Oui- Attaché avec une chaîne et deux cadenas;Oui;Oui;19/08/2022;19/08/2022;Non;9,280665;16,284573
2022;août;19/08/2022;429;Chien Domestique;Tandjile;Bere;Kalme;Kalmé;Soumaï 2;1,52E+11;non;2;M;Tranquille;Oui- Attaché avec une chaîne et deux cadenas;Oui;Non;19/08/2022;19/08/2022;Oui;9,287778;16,255212
2022;août;19/08/2022;430;Chien Domestique;Tandjile;Lai;Gabri-ngolo;Toulo;Pas de Quartier;4,02E+11;Non;3;F;Supporter;Oui- Attaché avec une chaîne et deux cadenas;Oui;Non;17/08/2022;17/08/2022;Oui;9,30374;16,341563
2022;août;19/08/2022;431;Chien Domestique;Tandjile;Lai;Gabri-ngolo;Dombala;Pas de Quartier;4,13E+11;Non;3;M;Deoulemgodo;Oui- Attaché avec une chaîne et deux cadenas;Oui;Non;07/08/2022;08/08/2022;Oui;9,315879;16,331404
2022;août;19/08/2022;432;Chat Domestique;Tandjile;Lai;Lai;Kabre-mbassa;carre 3;*AIGW*220055;Non;1;F;Mariam;Oui- Attaché avec une chaîne et deux cadenas;Oui;Non;16/08/2022;16/08/2022;Oui;9,341495;16,314134
2022;août;19/08/2022;433;Chien Domestique;Tandjile;Lai;Lai;Kabre-mbassa;carre 2;2,03E+11;Non;2;M;Doyen;Oui- Attaché avec une chaîne et deux cadenas;Oui;Non;16/08/2022;17/08/2022;Oui;9,351996;16,306254
2022;août;19/08/2022;434;Chien Domestique;CB;Bailli;Mourai Sara;Samem;Pas de Quartier;879020337;non;4;M;Homme;Oui- Attaché avec une chaîne et deux cadenas;Oui;Non;02/08/2022;03/08/2022;Oui;10,636743;16,339574
2022;août;19/08/2022;435;Chien Domestique;CB;Bailli;Bogomoro;Dombolo Arabe;Pas de Quartier;135508067;Oui;2;M;Arbate;Oui- Attaché avec une chaîne et deux cadenas;Oui;Non;13/08/2022;13/08/2022;Oui;10,864971;15,832491
2022;août;20/08/2022;436;Chien Domestique;MC;Sarh;Kemdere;Mossiara;Mossiara Centre;1,24E+11;Oui;3;F;Patience;Oui- Attaché avec une chaîne et deux cadenas;Oui;Non;19/08/2022;19/08/2022;Oui;9,064333;18,373775
2022;août;20/08/2022;437;Chien Domestique;CB;Kouno;Miltou;Bilet;Pas de Quartier;39956216;Oui;2;M;Deoulemgodo;Oui- Attaché avec une chaîne et deux cadenas;Oui;Non;16/08/2022;16/08/2022;Oui;10,369377;17,303507
2022;août;20/08/2022;438;Chien Domestique;MKE;Guelendeng;Nanguigoto;Diganali;Pas de Quartier;1,61E+11;non;3;F;Yosiato;Oui- Attaché avec une chaîne et deux cadenas;Oui;Non;12/08/2022;12/08/2022;Oui;10,777643;15,990631
2022;août;20/08/2022;439;Chien Domestique;CB;Massenya;Bouram;Bendjidite;Pas de Quartier;592967825;Oui;1;M;Belgique;Oui- Attaché avec une chaîne et deux cadenas;Oui;Non;18/08/2022;18/08/2022;Oui;11,040416;15,947976
2022;août;21/08/2022;440;Chien Domestique;MC;Sarh;Banda;Molori 2;Pas de Quartier;4211802;Oui;3;M;Darnas;Oui- Mais pas avec une chaîne et deux cadenas;Oui;Oui;17/08/2022;17/08/2022;Non;9,091339;18,487032
2022;août;22/08/2022;441;Chien Domestique;MC;Sarh;Banda;Molori 2;Pas de Quartier;1,24E+11;Oui;1;M;Réseau;Oui- Mais pas avec une chaîne et deux cadenas;Oui;Oui;09/08/2022;09/08/2022;Non;9,091339;18,487032
2022;août;22/08/2022;442;Chien Domestique;MC;Balimba;Balimba;Mandikaga;Mandikaga 1;1,36E+11;non;2;M;Dounia;Oui- Attaché avec une chaîne et deux cadenas;Oui;Non;17/08/2022;17/08/2022;Oui;9,211553;18,272906
2022;août;22/08/2022;443;Chien Domestique;Tandjile;Bere;Kalme;Kalmé;Soumaï 1;1,49E+11;non;2;F;Samsam;Oui- Attaché avec une chaîne et deux cadenas;Oui;Non;22/08/2022;22/08/2022;Oui;9,287778;16,255212
2022;août;22/08/2022;444;Chien Domestique;CB;Bousso;Mbaranga;Gaba;Pas de Quartier;316521382;Oui;2;M;diclo;Oui- Attaché avec une chaîne et deux cadenas;Oui;Non;20/08/2022;20/08/2022;Oui;10,596121;16,982198
2022;août;22/08/2022;445;Chat Domestique;MKE;Guelendeng;Bere;Boudanassa Massa;Pas de Quartier;59327708;non;2;F;Batouna;Oui- Attaché avec une chaîne et deux cadenas;Oui;Non;09/08/2022;09/08/2022;Oui;10,858792;15,688632
2022;août;24/08/2022;446;Chien Domestique;Tandjile;Lai;Gabri-ngolo;Dombala;Pas de Quartier;4,12E+11;Non;4;M;Supporté;Oui- Attaché avec une chaîne et deux cadenas;Oui;Non;17/08/2022;17/08/2022;Oui;9,315879;16,331404
2022;août;24/08/2022;447;Chat Domestique;Tandjile;Lai;Gabri-ngolo;Dombala;Pas de Quartier;4,15E+11;Non;2;M;Mariam;Oui- Attaché avec une chaîne et deux cadenas;Oui;Oui;02/08/2022;02/08/2022;Non;9,315879;16,331404
2022;août;24/08/2022;448;Chien Domestique;Tandjile;Kolon;Besmé-kolong;Didiksou;Pas de Quartier;281325732;Oui;2;F;Iissa;Oui- Attaché avec une chaîne et deux cadenas;Oui;Non;24/08/2022;24/08/2022;Non;9,393369;15,985792
2022;août;24/08/2022;449;Chien Domestique;MC;Biobe;Biobe;Ngadji;Pas de Quartier;483068913;Oui;6;M;Batou;Oui- Attaché avec une chaîne et deux cadenas;Oui;Non;12/08/2022;12/08/2022;Oui;9,84088;19,472773
2022;août;24/08/2022;450;Chien Domestique;MKE;Guelendeng;Mogrom;Brawandji 2;Pas de Quartier;699204588;non;3;M;Naïguisia;Oui- Attaché avec une chaîne et deux cadenas;Oui;Non;22/08/2022;22/08/2022;Oui;11,118034;15,390308
2022;août;25/08/2022;451;Chien Domestique;MC;Sarh;Maingara;Maingara 1;Pas de Quartier;1,23E+11;Oui;2;F;Couvre -feu;Oui- Attaché avec une chaîne et deux cadenas;Oui;Oui;21/08/2022;25/08/2022;Non;9,132618;18,383419
2022;août;25/08/2022;452;Chat Domestique;LOC;Benoye;Tchaouen;Guelmar;Guelmar;1,92E+11;Non;4;F;Mariam;Oui- Attaché avec une chaîne et deux cadenas;Oui;Non;13/08/2022;13/08/2022;Oui;9,159737;16,343049
2022;août;25/08/2022;453;Chien Domestique;Tandjile;Bere;Tamio;Tamio;Tamio 1;7219788;non;4;F;YAGO;Oui- Attaché avec une chaîne et deux cadenas;Oui;Non;04/08/2022;04/08/2022;Oui;9,244078;16,28758
2022;août;25/08/2022;454;Chien Domestique;Tandjile;Lai;Gabri-ngolo;Dombala;Pas de Quartier;4,13E+11;Non;1;M;Domaramal;Oui- Attaché avec une chaîne et deux cadenas;Oui;Non;08/08/2022;08/08/2022;Oui;9,315879;16,331404
2022;août;25/08/2022;455;Chien Domestique;Tandjile;Lai;Gabri-ngolo;Dombala;Pas de Quartier;4,14E+11;Non;2;M;Djinoudjibaouwaye;Oui- Attaché avec une chaîne et deux cadenas;Oui;Oui;24/08/2022;25/08/2022;Non;9,315879;16,331404
2022;août;25/08/2022;456;Chien Domestique;Tandjile;Lai;Lai;Ndoubamanie;carre 1;*AIGW*220060;Oui;4;F;Badal;Oui- Attaché avec une chaîne et deux cadenas;Oui;Non;02/08/2022;02/08/2022;Oui;9,350454;16,352623
2022;août;26/08/2022;457;Chien Domestique;MC;Balimba;Bemouli;Maimou;Pas de Quartier;1,09E+11;non;4;F;Nanguimbon;Oui- Attaché avec une chaîne et deux cadenas;Oui;Non;29/06/2022;29/06/2022;Non;9,000355;18,049783
2022;août;26/08/2022;458;Chien Domestique;MC;Sarh;Badara;Ndokoro;Djodogo Centre;1,14E+11;non;2;M;Hakodjo;Oui- Attaché avec une chaîne et deux cadenas;Oui;Non;24/08/2022;24/08/2022;Oui;9,15929;18,49942
2022;août;26/08/2022;459;Chat Domestique;LOC;Benoye;Tchaouen;Goga;Pas de Quartier;1,90E+11;Oui;3;F;Miss;Oui- Attaché avec une chaîne et deux cadenas;Oui;Non;10/08/2022;19/07/2022;Oui;9,171317;16,334463
2022;août;26/08/2022;460;Chien Domestique;Tandjile;Bere;Kalme;Kalmé;Bilé;2,08E+11;non;2;F;Yakoubiesoue;Oui- Attaché avec une chaîne et deux cadenas;Oui;Oui;26/08/2022;26/08/2022;Non;9,287778;16,255212
2022;août;27/08/2022;461;Chien Domestique;MC;Sarh;Kemdere;Doyaba;Goro;1,25E+11;Oui;1;M;Supporté;Oui- Attaché avec une chaîne et deux cadenas;Oui;Oui;27/08/2022;27/08/2022;Non;9,085587;18,423274
2022;août;27/08/2022;462;Chien Domestique;CB;Bailli;Mourai Sara;Bere Bere;Pas de Quartier;181835899;non;1;F;Sambaï madi;Oui- Attaché avec une chaîne et deux cadenas;Oui;Oui;27/08/2022;27/08/2022;Non;10,642278;16,32801
2022;août;28/08/2022;463;Chat Domestique;MC;Kyabe;Kyabe;Kyabe;Betanie;2,11E+11;Non;< 6 mois;M;Miss;Non- L\'animal n\'est pas attaché;Non;Non;28/08/2022;28/08/2022;Non;9,46189;18,952896
2022;août;29/08/2022;464;Chien Domestique;MC;Biobe;Mayo 2;Ndaka;Pas de Quartier;688925647;non;3;F;Supporté;Oui- Attaché avec une chaîne et deux cadenas;Oui;Non;06/06/2022;08/06/2022;Oui;9,569382;19,521033
2022;août;29/08/2022;465;Chien Domestique;MC;Biobe;Mayo 2;Ridina;Pas de Quartier;513883666;Oui;2;M;Gassirou;Oui- Attaché avec une chaîne et deux cadenas;Oui;Non;27/08/2022;29/08/2022;Oui;10,208628;16,971741
2022;août;29/08/2022;466;Chat Domestique;MC;Biobe;Mayo 2;Ridina;Pas de Quartier;719997119;Oui;2;M;Mariam;Oui- Attaché avec une chaîne et deux cadenas;Oui;Non;27/08/2022;29/08/2022;Oui;10,208628;16,971741
2022;août;30/08/2022;467;Chien Domestique;Tandjile;Bere;Tamio;Dambe-kophalam;Pas de Quartier;*AIGW*220074;non;1;F;Supportée;Oui- Attaché avec une chaîne et deux cadenas;Oui;Non;08/08/2022;08/08/2022;Oui;9,224203;16,341852
2022;août;30/08/2022;468;Chien Domestique;MC;Sarh;Kokaga;Dibatime;Pas de Quartier;329848464;non;1;M;La vie;Oui- Attaché avec une chaîne et deux cadenas;Oui;Non;17/08/2022;18/08/2022;Oui;9,324491;18,225032
2022;août;30/08/2022;469;Chien Domestique;Tandjile;Lai;Lai;Kabre-mbassa;carre 2;1,51E+11;Oui;3;M;Dodjialbey;Oui- Attaché avec une chaîne et deux cadenas;Oui;Non;17/08/2022;17/08/2022;Oui;9,351996;16,306254
2022;août;30/08/2022;470;Chien Domestique;MKE;Guelendeng;Nanguigoto;Diganali;Pas de Quartier;51683228;non;2;M;Djakobi;Oui- Attaché avec une chaîne et deux cadenas;Oui;Non;24/05/2022;24/05/2022;Oui;10,777643;15,990631
2022;août;31/08/2022;471;Chien Domestique;MC;Balimba;Bemouli;Mangara 1;Mangara 1;1,08E+11;Oui;2;M;Jagouar;Oui- Attaché avec une chaîne et deux cadenas;Oui;Oui;31/08/2022;31/08/2022;Non;9,002981;18,074241
2022;août;31/08/2022;472;Chien Domestique;MDL;Bedaya;Balmani;Reni;Mayndeye;1,06E+11;non;3;M;Paamo;Oui- Attaché avec une chaîne et deux cadenas;Oui;Non;24/08/2022;24/08/2022;Oui;9,155734;18,140197
2022;septembre;01/09/2022;473;Chien Domestique;LOC;Benoye;Tchaouen;Koutou Mbo;Koutou 2;2,06E+11;Non;2;M;Tapalo;Oui- Attaché avec une chaîne et deux cadenas;Oui;Oui;31/08/2022;01/09/2022;Non;9,151258;16,394713
2022;septembre;01/09/2022;474;Chat Domestique;MC;Sarh;Kemata;Kotongoro 2;Pas de Quartier;429633019;Oui;2;M;Miss;Oui- Attaché avec une chaîne et deux cadenas;Oui;Oui;01/09/2022;01/09/2022;Non;9,259108;18,457578
2022;septembre;01/09/2022;475;Chien Domestique;CB;Bousso;Mogo;Modkouro;Pas de Quartier;593406787;Oui;2;M;Nanglemadi;Oui- Attaché avec une chaîne et deux cadenas;Oui;Non;26/08/2022;26/08/2022;Oui;10,536118;16,87622
2022;septembre;02/09/2022;476;Chien Domestique;MC;Balimba;Manda;Mata;Pas de Quartier;1,05E+11;non;1;M;Nanharngon;Non-_Lanimal_nest_pas_attache;Non;Oui;27/08/2022;27/08/2022;Non;9,208307;18,217754
2022;septembre;02/09/2022;477;Chien Domestique;Tandjile;Bere;Tamio;Tamio;Tamio 1;2,07E+11;non;2;M;YAGAMANG;Oui- Attaché avec une chaîne et deux cadenas;Oui;Non;02/09/2022;02/09/2022;Oui;9,244078;16,28758
2022;septembre;02/09/2022;478;Chien Domestique;CB;Mandelia;Bougoumene;Dangabo;Pas de Quartier;4,09E+11;non;2;M;Marechal;Oui- Attaché avec une chaîne et deux cadenas;Oui;Non;25/08/2022;25/08/2022;Oui;11,458781;15,337975
2022;septembre;03/09/2022;479;Chien Domestique;MC;Balimba;Manda;Mata;Pas de Quartier;1,06E+11;non;1;F;Ndjiataho;Oui- Attaché avec une chaîne et deux cadenas;Oui;Non;27/08/2022;27/08/2022;Oui;9,208307;18,217754
2022;septembre;03/09/2022;480;Chien Domestique;Tandjile;Bere;Tamio;Kara;Pas de Quartier;13002640;non;3;F;MOPHASE;Oui- Attaché avec une chaîne et deux cadenas;Oui;Non;01/09/2022;01/09/2022;Oui;9,254364;16,334531
2022;septembre;03/09/2022;481;Chien Domestique;Tandjile;Bere;Kalme;Kidjimina 2;Ngodje;2,09E+11;Oui;3;M;Lavie;Oui- Attaché avec une chaîne et deux cadenas;Oui;Oui;03/09/2022;03/09/2022;Non;9,278881;16,287821
2022;septembre;03/09/2022;482;Chien Domestique;Tandjile;Bere;Kalme;Kidjimina 2;Doumber;2,09E+11;Non;3;F;Yakoubiesoue;Oui- Attaché avec une chaîne et deux cadenas;Oui;Oui;02/09/2022;03/09/2022;Non;9,280665;16,284573
2022;septembre;03/09/2022;483;Chien Domestique;Tandjile;Lai;Gabri-ngolo;Hamakara;Pas de Quartier;1,43E+11;Non;1;F;Piston;Oui- Attaché avec une chaîne et deux cadenas;Oui;Oui;03/09/2022;03/09/2022;Non;9,294061;16,352681
2022;septembre;03/09/2022;484;Chien Domestique;Tandjile;Lai;Gabri-ngolo;Dombala;Pas de Quartier;1,46E+11;Non;2;M;Akoulbei;Oui- Attaché avec une chaîne et deux cadenas;Non;Oui;24/08/2022;25/08/2022;Non;9,315879;16,331404
2022;septembre;03/09/2022;485;Chien Domestique;CB;Dourbali;Bougoumene Dourbali;Loukouhisseini;Pas de Quartier;3,96E+11;Oui;3;F;Soulouka;Oui- Attaché avec une chaîne et deux cadenas;Oui;Non;29/08/2022;29/08/2022;Oui;11,342228;15,465029
2022;septembre;04/09/2022;486;Chien Domestique;MC;Balimba;Manda;Mayo 2;Pas de Quartier;2,08E+11;non;3;F;Supporté;Oui- Attaché avec une chaîne et deux cadenas;Oui;Non;22/08/2022;22/08/2022;Oui;9,120766;18,182304
2022;septembre;04/09/2022;487;Chien Domestique;MC;Balimba;Manda;Manda;Manda 1;1,04E+11;Oui;2;M;Man-imoumi;Oui- Attaché avec une chaîne et deux cadenas;Oui;Non;02/09/2022;02/09/2022;Oui;9,184204;18,207767
2022;septembre;05/09/2022;488;Chien Domestique;Tandjile;Bere;Tamio;Pah-ka 1;Pas de Quartier;2,09E+11;Oui;1;M;DJAKASNA;Oui- Attaché avec une chaîne et deux cadenas;Oui;Non;31/08/2022;31/08/2022;Oui;9,217263;16,279262
2022;septembre;05/09/2022;489;Chien Domestique;Tandjile;Bere;Tamio;Kobkouale-yang;Pas de Quartier;2,11E+11;Oui;1;M;DJAMADJIBEY;Oui- Attaché avec une chaîne et deux cadenas;Oui;Non;28/07/2022;28/07/2022;Oui;9,254578;16,281081
2022;septembre;05/09/2022;490;Chien Domestique;CB;Bousso;Kiao;Nara Ngardamari;Nara Ngardamari Sara;2,43E+11;non;1;F;Sabour;Oui- Attaché avec une chaîne et deux cadenas;Oui;Non;01/09/2022;01/09/2022;Oui;10,678685;16,357025
2022;septembre;06/09/2022;491;Chien Domestique;MC;Balimba;Manda;Mayo 2;Pas de Quartier;2,08E+11;non;3;F;Goby;Oui- Attaché avec une chaîne et deux cadenas;Oui;Non;17/07/2022;17/07/2022;Non;9,120766;18,182304
2022;septembre;06/09/2022;492;Chat Domestique;MC;Balimba;Manda;Mayo 2;Pas de Quartier;1,04E+11;non;2;M;Minou;Oui- Attaché avec une chaîne et deux cadenas;Oui;Non;29/08/2022;29/08/2022;Non;9,120766;18,182304
2022;septembre;06/09/2022;493;Chien Domestique;Tandjile;Bere;Kalme;Dalouna;Pas de Quartier;1,50E+11;non;2;F;Yagodga;Oui- Attaché avec une chaîne et deux cadenas;Oui;Non;06/09/2022;06/09/2022;Oui;9,281166;16,264924
2022;septembre;06/09/2022;494;Chien Domestique;CB;Kouno;Miltou;Kana Gassang;Pas de Quartier;488618272;Oui;3;F;Doud;Oui- Attaché avec une chaîne et deux cadenas;Oui;Non;04/09/2022;04/09/2022;Oui;10,105911;17,564662
2022;septembre;06/09/2022;495;Chien Domestique;MKE;Guelendeng;Guelendeng 2;Yadawa;Pas de Quartier;70665056;non;4;F;Supporte;Oui- Attaché avec une chaîne et deux cadenas;Oui;Non;27/08/2022;27/08/2022;Oui;10,915552;15,553701
2022;septembre;07/09/2022;496;Chien Domestique;MC;Sarh;Kokaga;Helibongo;Helibongo Centre;41667406;non;3;F;Jalousie;Oui- Attaché avec une chaîne et deux cadenas;Oui;Non;06/09/2022;07/09/2022;Oui;9,217377;18,372896
2022;septembre;07/09/2022;497;Chien Domestique;Tandjile;Bere;Tamio;Djengdra 2;Pas de Quartier;3476642;non;2;F;Samsam;Oui- Attaché avec une chaîne et deux cadenas;Oui;Non;06/09/2022;06/09/2022;Oui;9,222052;16,326968
2022;septembre;07/09/2022;498;Chien Domestique;Tandjile;Bere;Tamio;Tamio;Tamio 4;5122217;non;1;M;Maoucekarem;Oui- Attaché avec une chaîne et deux cadenas;Oui;Non;07/09/2022;07/09/2022;Oui;9,239988;16,290114
2022;septembre;07/09/2022;499;Chien Domestique;Tandjile;Bere;Tamio;Kobkouale-yang;Pas de Quartier;2,14E+11;non;2;M;SUPPORTÉ;Oui- Attaché avec une chaîne et deux cadenas;Oui;Non;01/09/2022;01/09/2022;Oui;9,254578;16,281081
2022;septembre;07/09/2022;500;Chat Domestique;MC;Kyabe;Kyabe;Kyabe;Mouga;*AIGW*220031;non;3;M;Miss;Oui- Attaché avec une chaîne et deux cadenas;Oui;Non;07/09/2022;07/09/2022;Oui;9,459503;18,954939
2022;septembre;07/09/2022;501;Chat Domestique;Tandjile;Kolon;Gringa;Golonga;Pas de Quartier;*AIGW*220050;Oui;3;F;Batou;Oui- Attaché avec une chaîne et deux cadenas;Oui;Non;06/09/2022;07/09/2022;Non;9,47844;15,955405
2022;septembre;08/09/2022;502;Chien Domestique;MC;Balimba;Bemouli;Maimou;Pas de Quartier;1,10E+11;non;4;M;La Vie;Oui- Attaché avec une chaîne et deux cadenas;Oui;Non;06/08/2022;07/09/2022;Oui;9,000355;18,049783
2022;septembre;08/09/2022;503;Chien Domestique;MC;Balimba;Manda;Manda;Manda 1;2,03E+11;Oui;1;F;Ndoulé;Oui- Attaché avec une chaîne et deux cadenas;Oui;Non;25/09/2022;25/09/2022;Oui;9,184204;18,207767
2022;septembre;08/09/2022;504;Chien Domestique;Tandjile;Bere;Tamio;Tamio Mbassa;Pas de Quartier;7069617;Oui;3;M;LABEDERENG;Oui- Attaché avec une chaîne et deux cadenas;Oui;Non;07/09/2022;07/09/2022;Oui;9,231679;16,275505
2022;septembre;08/09/2022;505;Chien Domestique;Tandjile;Bere;Tamio;Kara;Pas de Quartier;3286214;non;1;M;DILIMDE;Oui- Attaché avec une chaîne et deux cadenas;Oui;Non;05/09/2022;05/09/2022;Oui;9,254364;16,334531
2022;septembre;08/09/2022;506;Chien Domestique;Tandjile;Lai;Gabri-ngolo;Hamakara;Pas de Quartier;1,43E+11;Non;3;F;Donangbamaoude;Oui- Attaché avec une chaîne et deux cadenas;Oui;Non;03/09/2022;03/09/2022;Oui;9,294061;16,352681
2022;septembre;09/09/2022;507;Chien Domestique;MC;Sarh;Kemkian;Mailaou;Mailaou 4;1,22E+11;non;> 10;M;Patience;Oui- Attaché avec une chaîne et deux cadenas;Oui;Non;08/08/2022;08/08/2022;Oui;9,176257;18,350386
2022;septembre;09/09/2022;508;Chien Domestique;MC;Sarh;Kokaga;Kissinga;Kissinga Centre;1,15E+11;non;3;M;Supporter;Oui- Attaché avec une chaîne et deux cadenas;Oui;Oui;06/09/2022;06/09/2022;Non;9,492589;18,194318
2022;septembre;10/09/2022;509;Chat Domestique;LOC;Benoye;Tchaouen;Doguiring;Pas de Quartier;*AIGW*220041;Non;3;F;Batou;Oui- Attaché avec une chaîne et deux cadenas;Oui;Non;25/08/2022;26/08/2022;Oui;9,164138;16,340478
2022;septembre;10/09/2022;510;Chien Domestique;Tandjile;Lai;Lai;Kabre-mbassa;carre 3;3,29E+11;Non;2;M;Patience;Oui- Attaché avec une chaîne et deux cadenas;Oui;Non;06/09/2022;07/09/2022;Oui;9,341495;16,314134
2022;septembre;10/09/2022;511;Chat Domestique;MC;Kyabe;Kyabe;Kyabe;Modjogoule;2,12E+11;non;2;M;Ce n\'est est pas la peine;Oui- Attaché avec une chaîne et deux cadenas;Oui;Non;29/08/2022;29/08/2022;Oui;9,456839;18,945651
2022;septembre;11/09/2022;512;Chien Domestique;Tandjile;Bere;Tamio;Djengdra 1;Pas de Quartier;8413615;non;2;M;Maoutonang;Oui- Attaché avec une chaîne et deux cadenas;Oui;Non;07/09/2022;07/09/2022;Oui;9,218603;16,328671
2022;septembre;11/09/2022;513;Chien Domestique;Tandjile;Bere;Tamio;Tamio;Tamio 1;*AIGW*220052;non;2;F;Bouladeyo;Oui- Attaché avec une chaîne et deux cadenas;Oui;Non;07/09/2022;07/09/2022;Oui;9,244078;16,28758
2022;septembre;11/09/2022;514;Chat Domestique;Tandjile;Lai;Lai;Dougmayo;carre 2;1,49E+11;Oui;2;M;Miss;Oui- Attaché avec une chaîne et deux cadenas;Oui;Non;24/08/2022;25/08/2022;Oui;9,406667;16,310935
2022;septembre;12/09/2022;515;Chien Domestique;MC;Sarh;Kokaga;Kissinga;Carre Tolobo;404787486;Oui;4;F;Aman;Oui- Attaché avec une chaîne et deux cadenas;Non;Oui;10/09/2022;12/09/2022;Non;9,173014;18,367765
2022;septembre;12/09/2022;516;Chien Domestique;CB;Bousso;Mbaranga;Dole Toumack;Pas de Quartier;2,41E+11;non;3;M;Djedote;Oui- Attaché avec une chaîne et deux cadenas;Oui;Non;10/09/2022;10/09/2022;Oui;10,485332;17,184723
2022;septembre;14/09/2022;517;Chien Domestique;MC;Kyabe;Massa Kaba;Massa Kaba;Pas de Quartier;91882867;non;3;M;Djoémotoh;Oui- Attaché avec une chaîne et deux cadenas;Oui;Non;12/09/2022;12/09/2022;Oui;9,412636;18,829403
2022;septembre;15/09/2022;518;Chien Domestique;MC;Sarh;Banda Quartier;Badi;Pas de Quartier;1,23E+11;Oui;3;F;Pandjilemg;Oui- Attaché avec une chaîne et deux cadenas;Oui;Oui;15/09/2022;15/09/2022;Non;9,154584;18,373339
2022;septembre;15/09/2022;519;Chat Domestique;Tandjile;Bere;Bere public;Bere;Bere-mission;10119701;Oui;1;M;Bakane yanfa;Oui- Attaché avec une chaîne et deux cadenas;Oui;Non;09/09/2022;16/09/2022;Non;9,31471;16,161144
2022;septembre;15/09/2022;520;Chien Domestique;Tandjile;Lai;Lai;Ndoubamanie;carre 1;*AIGW*220064;Oui;3;M;Bouge pas;Oui- Attaché avec une chaîne et deux cadenas;Oui;Non;13/09/2022;13/09/2022;Oui;9,350454;16,352623
2022;septembre;15/09/2022;521;Chien Domestique;CB;Bailli;Mourai Sara;Samem;Pas de Quartier;1000176xy;non;8;M;Haut la main;Oui- Attaché avec une chaîne et deux cadenas;Oui;Oui;01/09/2022;01/09/2022;Non;10,636743;16,339574
2022;septembre;15/09/2022;522;Chien Domestique;CB;Mandelia;Bougoumene;Koutmoussouri;Pas de Quartier;5,13E+11;Oui;2;M;Express;Oui- Attaché avec une chaîne et deux cadenas;Oui;Non;10/08/2022;11/08/2022;Oui;11,439235;15,342832
2022;septembre;16/09/2022;523;Chat Domestique;LOC;Benoye;Tchaouen;Koutou Mbo;Koutou 2;10989618;Non;2;F;Misse;Oui- Attaché avec une chaîne et deux cadenas;Oui;Non;10/09/2022;11/09/2022;Non;9,151258;16,394713
2022;septembre;16/09/2022;524;Chien Domestique;Tandjile;Bere;Tamio;Djengdra 2;Pas de Quartier;3271538;non;2;F;Gobi;Oui- Attaché avec une chaîne et deux cadenas;Oui;Non;14/09/2022;14/09/2022;Oui;9,222052;16,326968
2022;septembre;16/09/2022;525;Chien Domestique;Tandjile;Bere;Tamio;Tamio Mbassa;Pas de Quartier;13683416;Oui;2;F;DOUTE;Oui- Attaché avec une chaîne et deux cadenas;Oui;Non;05/09/2022;05/09/2022;Oui;9,231679;16,275505
2022;septembre;16/09/2022;526;Chien Domestique;MKE;Guelendeng;Guelendeng 2;Guelendeng;Galang;5768621709;non;1;F;Djakobi;Oui- Attaché avec une chaîne et deux cadenas;Oui;Non;14/09/2022;14/09/2022;Oui;10,917561;15,556783
2022;septembre;17/09/2022;527;Chat Domestique;LOC;Benoye;Tchaouen;Sawa Gogo;Pas de Quartier;*AIGW*220072;Non;3;F;Messe Batou;Oui- Attaché avec une chaîne et deux cadenas;Oui;Non;08/09/2022;08/09/2022;Oui;9,164932;16,340042
2022;septembre;17/09/2022;528;Chien Domestique;CB;Kouno;Kouno;Ger;Pas de Quartier;361958317;Oui;1;F;Pastience;Oui- Attaché avec une chaîne et deux cadenas;Oui;Oui;17/09/2022;17/09/2022;Non;9,878901;17,638828
2022;septembre;17/09/2022;529;Chat Domestique;MKE;Guelendeng;Bere;Bere Ville;Bere Centre;1,75E+11;non;3;F;Mariam;Oui- Attaché avec une chaîne et deux cadenas;Oui;Non;10/09/2022;10/09/2022;Oui;10,78169;15,763621
2022;septembre;18/09/2022;530;Chien Domestique;LOC;Benoye;Tallade-mianro;Boumou;Pas de quartier;12382329;Non;2;M;Sortie;Oui- Attaché avec une chaîne et deux cadenas;Oui;Non;18/09/2022;19/09/2022;Non;9,031763;16,432902
2022;septembre;18/09/2022;531;Chien Domestique;CB;Kouno;Kouno;Nganga;Pas de Quartier;834280806;Oui;2;F;Ngueramlo;Oui- Attaché avec une chaîne et deux cadenas;Oui;Oui;18/09/2022;18/09/2022;Non;9,820911;17,689867
2022;septembre;20/09/2022;532;Chien Domestique;Tandjile;Bere;Tamio;Tamio;Tamio 1;2224466;non;4;F;PATIENCE;Oui- Attaché avec une chaîne et deux cadenas;Oui;Non;20/09/2022;20/09/2022;Oui;9,244078;16,28758
2022;septembre;20/09/2022;533;Chien Domestique;Tandjile;Bere;Kalme;Kalmé;Soumaï 2;2641416;non;2;F;Kerkandi;Oui- Attaché avec une chaîne et deux cadenas;Oui;Non;20/09/2022;20/09/2022;Oui;9,287778;16,255212
2022;septembre;20/09/2022;534;Chien Domestique;Tandjile;Lai;Gabri-ngolo;Dombala;Pas de Quartier;1,44E+11;Non;2;M;Ndadja;Oui- Attaché avec une chaîne et deux cadenas;Non;Non;15/09/2022;15/09/2022;Non;9,315879;16,331404
2022;septembre;20/09/2022;535;Chien Domestique;Tandjile;Lai;Lai;Noungou;carre 4;1,66E+11;Non;2;F;Enlemega;Oui- Attaché avec une chaîne et deux cadenas;Oui;Non;16/09/2022;16/09/2022;Non;9,409834;16,292918
2022;septembre;21/09/2022;536;Chien Domestique;MC;Danamadji;Bambara;Kaimane-mba;Pas de Quartier;1,18E+11;non;3;F;Hakeman;Oui- Attaché avec une chaîne et deux cadenas;Oui;Non;21/09/2022;21/09/2022;Oui;9,055154;18,66605
2022;septembre;21/09/2022;537;Chien Domestique;MC;Korbol;Niellim;Houal;Pas de Quartier;257433844;non;2;F;Halimbo;Oui- Attaché avec une chaîne et deux cadenas;Oui;Non;25/07/2022;25/07/2022;Oui;9,582301;17,93271
2022;septembre;21/09/2022;538;Chat Domestique;CB;Bailli;Kelengue;Boye;Pas de Quartier;78404942;non;3;F;Batou;Oui- Attaché avec une chaîne et deux cadenas;Oui;Non;19/09/2022;19/09/2022;Oui;10,684435;16,255124
2022;septembre;21/09/2022;539;Chien Domestique;NDJ;9e Arrondissement;Toukra;Dogoré;Pas de Quartier;1,00E+11;non;1;M;Supporter;Oui- Attaché avec une chaîne et deux cadenas;Oui;Non;07/09/2022;07/09/2022;Oui;12,030126;15,152577
2022;septembre;22/09/2022;540;Chien Domestique;CB;Massenya;Bouram;Ladja;Pas de Quartier;2,36E+11;Non;2;F;Griéo;Oui- Attaché avec une chaîne et deux cadenas;Oui;Non;03/09/2022;06/09/2022;Oui;11,167378;15,786748
2022;septembre;23/09/2022;541;Chat Domestique;Tandjile;Bere;Kalme;Kalmé;Soumaï 3;5892396;non;2;M;Batou;Oui- Attaché avec une chaîne et deux cadenas;Oui;Non;23/09/2022;23/09/2022;Oui;9,287778;16,255212
2022;septembre;23/09/2022;542;Chat Domestique;NDJ;9e Arrondissement;Walia Ordre de Malte;Walia Gardolet;Carre 10;*AIGW*220081;Oui;3;M;Miss;Oui- Attaché avec une chaîne et deux cadenas;Oui;Oui;22/09/2022;23/09/2022;Non;12,051367;15,081764
2022;septembre;24/09/2022;543;Chien Domestique;MC;Kyabe;Massa Kaba;Kourou;Pas de Quartier;639184255;non;3;F;Mori;Oui- Attaché avec une chaîne et deux cadenas;Oui;Non;03/08/2022;03/08/2022;Oui;9,335739;18,807094
2022;septembre;25/09/2022;544;Chien Domestique;MKE;Guelendeng;Abba Limane;Abory Mbarma;Abory Mbarma;1,86E+11;non;1;F;Madam;Oui- Attaché avec une chaîne et deux cadenas;Oui;Non;24/09/2022;24/09/2022;Oui;11,191899;15,387091
2022;septembre;26/09/2022;545;Chien Domestique;Tandjile;Bere;Tamio;Dambe-kophalam;Pas de Quartier;*AIGW*220047;non;1;M;La vie;Oui- Attaché avec une chaîne et deux cadenas;Oui;Non;16/09/2022;16/09/2022;Oui;9,224203;16,341852
2022;septembre;26/09/2022;546;Chien Domestique;Tandjile;Bere;Tamio;Kara;Pas de Quartier;12277320;non;6-11 mois;F;GUERE-AL;Oui- Attaché avec une chaîne et deux cadenas;Oui;Non;13/09/2022;13/09/2022;Oui;9,254364;16,334531
2022;septembre;26/09/2022;547;Chat Domestique;MC;Kyabe;Kyabe;Kyabe;Donio Village;577743488;non;4;M;Miss;Oui- Attaché avec une chaîne et deux cadenas;Oui;Non;01/07/2022;01/07/2022;Oui;9,460854;18,963827
2022;septembre;27/09/2022;548;Chien Domestique;Tandjile;Lai;Lai;Taba 1;carre 1;1,65E+11;Non;3;F;Avenir;Oui- Attaché avec une chaîne et deux cadenas;Oui;Oui;27/09/2022;27/09/2022;Non;9,394158;16,299159
2022;septembre;27/09/2022;549;Chien Domestique;CB;Bailli;Mourai Sara;Mourai Sara;Pas de Quartier;390478615;non;2;M;Patouchou;Oui- Attaché avec une chaîne et deux cadenas;Oui;Non;21/09/2022;21/09/2022;Oui;10,625614;16,357667
2022;septembre;27/09/2022;550;Chien Domestique;CB;Bailli;Kelengue;Kelengue;Pas de Quartier;228511549;non;2;M;Soglé;Oui- Attaché avec une chaîne et deux cadenas;Oui;Non;26/09/2022;26/09/2022;Oui;10,727899;16,164395
2022;septembre;29/09/2022;551;Chien Domestique;Tandjile;Lai;Gabri-ngolo;Dombala;Pas de quartier;1,52E+11;Oui;2;M;Tamambeual;Oui- Attaché avec une chaîne et deux cadenas;Oui;Non;18/09/2022;19/09/2022;Non;9,315879;16,331404
2022;septembre;29/09/2022;552;Chien Domestique;Tandjile;Lai;Lai;Kabre-mbassa;carre 3;19266282;Oui;4;F;Patience;Oui- Attaché avec une chaîne et deux cadenas;Oui;Non;19/09/2022;19/09/2022;Oui;9,341495;16,314134
2022;septembre;29/09/2022;553;Chien Domestique;MKE;Guelendeng;Guelendeng 2;Laki;Pas de Quartier;901547258;Oui;2;M;Aness;Oui- Attaché avec une chaîne et deux cadenas;Oui;Non;27/09/2022;27/09/2022;Oui;10,882933;15,567882
2022;septembre;30/09/2022;554;Chien Domestique;Tandjile;Lai;Gabri-ngolo;Gabri-ngolo;Pas de Quartier;1,52E+11;Non;1;F;Haïtara;Oui- Attaché avec une chaîne et deux cadenas;Oui;Non;30/09/2022;30/09/2022;Non;9,256392;16,382823
2022;septembre;30/09/2022;555;Chien Domestique;CB;Massenya;Bouram;Wouro-Biridji 1;Pas de Quartier;19037653;Non;3;M;Dogo;Oui- Attaché avec une chaîne et deux cadenas;Oui;Non;28/09/2022;28/09/2022;Oui;10,97759;16,04859
2022;octobre;04/10/2022;556;Chat Domestique;MKE;Guelendeng;Bere;Bere Ville;Bere Centre;1,55E+11;non;2;M;Abase;Oui- Attaché avec une chaîne et deux cadenas;Oui;Non;04/10/2022;04/10/2022;Oui;10,78169;15,763621
2022;octobre;05/10/2022;557;Chien Domestique;Tandjile;Bere;Tamio;Dambe-kophalam;Pas de Quartier;*AIGW*220043;non;1;M;Supporté;Oui- Attaché avec une chaîne et deux cadenas;Oui;Non;22/09/2022;22/09/2022;Oui;9,224203;16,341852
2022;octobre;05/10/2022;558;Chien Domestique;Tandjile;Bere;Tamio;Tamio;Tamio 4;18721614;non;1;M;Dasekobdegue;Oui- Attaché avec une chaîne et deux cadenas;Oui;Non;03/10/2022;04/10/2022;Non;9,239988;16,290114
2022;octobre;05/10/2022;559;Chat Domestique;Tandjile;Bere;Kalme;Kalmé;Tchabroum;11461661;non;1;M;Miss;Oui- Attaché avec une chaîne et deux cadenas;Oui;Non;02/10/2022;05/10/2022;Oui;9,28675;16,254985
2022;octobre;05/10/2022;560;Chien Domestique;MKE;Guelendeng;Mogrom;Mogrom Biao;Biao Korkossom;240199824;non;4;M;Maison D\'arrêt;Oui- Attaché avec une chaîne et deux cadenas;Oui;Non;27/07/2022;27/07/2022;Oui;11,077916;15,413079
2022;octobre;07/10/2022;561;Chien Domestique;Tandjile;Bere;Tamio;Tamio Mbassa;Pas de Quartier;6124728;Oui;1;F;DEBAKANGDI;Oui- Attaché avec une chaîne et deux cadenas;Oui;Non;06/10/2022;06/10/2022;Oui;9,231679;16,275505
2022;octobre;08/10/2022;562;Chat Domestique;MC;Sarh;Kassai;Kassai;Kassai 19;1,19E+11;non;1;M;Neïma;Oui- Attaché avec une chaîne et deux cadenas;Oui;Oui;08/10/2022;08/10/2022;Non;9,122153;18,401233
2022;octobre;08/10/2022;563;Chien Domestique;SLM;Haraze;Daha;Ndobe;Pas de Quartier;2,18E+11;Non;3;M;Djakidja;Oui- Attaché avec une chaîne et deux cadenas;Oui;Non;01/10/2022;02/10/2022;Non;9,297536;20,487072
2022;octobre;10/10/2022;564;Chien Domestique;MC;Balimba;Manda;Mata;Pas de Quartier;2,06E+11;non;4;M;Cobra;Oui- Attaché avec une chaîne et deux cadenas;Oui;Non;06/10/2022;06/10/2022;Oui;9,208307;18,217754
2022;octobre;10/10/2022;565;Chien Domestique;Tandjile;Bere;Tamio;Kara;Pas de Quartier;11833426;non;3;F;SIAGA;Oui- Attaché avec une chaîne et deux cadenas;Oui;Non;05/10/2022;05/10/2022;Oui;9,254364;16,334531
2022;octobre;10/10/2022;566;Chien Domestique;Tandjile;Bere;Tamio;Kobkouale-yang;Pas de Quartier;14161126;non;2;M;OPJ;Oui- Attaché avec une chaîne et deux cadenas;Oui;Non;04/10/2022;04/10/2022;Oui;9,254578;16,281081
2022;octobre;12/10/2022;567;Chien Domestique;Tandjile;Bere;Tamio;Djengdra 2;Pas de Quartier;*AIGW*220066;non;2;M;Djakobi;Oui- Attaché avec une chaîne et deux cadenas;Oui;Non;04/10/2022;04/10/2022;Oui;9,222052;16,326968
2022;octobre;15/10/2022;568;Chien Domestique;CB;Bousso;Mbaranga;Dahara Sahara;Pas de Quartier;257014065;Oui;2;M;Doud;Oui- Attaché avec une chaîne et deux cadenas;Oui;Non;12/10/2022;13/10/2022;Oui;10,583405;16,871958
2022;octobre;17/10/2022;569;Chien Domestique;Tandjile;Bere;Tamio;Tamio;Tamio 4;11115816;non;3;F;Samsam;Oui- Attaché avec une chaîne et deux cadenas;Oui;Non;05/10/2022;05/10/2022;Oui;9,239988;16,290114
2022;octobre;17/10/2022;570;Chat Domestique;Tandjile;Lai;Lai;Taba 2;carre 1;4,95E+11;Oui;2;M;Missi;Oui- Attaché avec une chaîne et deux cadenas;Oui;Non;13/10/2022;13/10/2022;Non;9,39795;16,302259
2022;octobre;18/10/2022;571;Chien Domestique;MKE;Bongor;Ham;Mouroup 2;Mouroup;2,01E+11;Oui;3;F;Djivida;Oui- Attaché avec une chaîne et deux cadenas;Oui;Non;10/10/2022;10/10/2022;Non;9,969005;15,731834
2022;octobre;19/10/2022;572;Chien Domestique;Tandjile;Bere;Tamio;Bemeudé;Pas de Quartier;*AIGW*220049;non;1;F;Chance;Oui- Attaché avec une chaîne et deux cadenas;Oui;Non;10/10/2022;10/10/2022;Oui;9,213566;16,27619
2022;octobre;19/10/2022;573;Chien Domestique;Tandjile;Bere;Tamio;Kara;Pas de Quartier;5,05E+11;non;6;M;DJAKOBEI;Oui- Attaché avec une chaîne et deux cadenas;Oui;Non;17/10/2022;17/10/2022;Oui;9,254364;16,334531
2022;octobre;21/10/2022;574;Chien Domestique;Tandjile;Bere;Tamio;Mbengue-yemi;Pas de Quartier;2,14E+11;non;3;F;La vie;Oui- Attaché avec une chaîne et deux cadenas;Oui;Non;06/10/2022;06/10/2022;Oui;9,227109;16,279184
2022;octobre;22/10/2022;575;Chien Domestique;CB;Bousso;Matabono;Taradona;Pas de Quartier;2,42E+11;Non;3;M;Police;Oui- Attaché avec une chaîne et deux cadenas;Oui;Non;19/10/2022;20/12/2022;Non;10,634864;16,797413
2022;octobre;23/10/2022;576;Chien Domestique;CB;Bousso;Mbaranga;Gaba;Pas de Quartier;2,42E+11;non;1;F;Machine;Oui- Attaché avec une chaîne et deux cadenas;Oui;Non;12/10/2022;13/10/2022;Oui;10,596121;16,982198
2022;octobre;24/10/2022;577;Chien Domestique;Tandjile;Bere;Tamio;Bemeudé;Pas de Quartier;*AIGW*220078;non;2;M;Djakobi;Oui- Attaché avec une chaîne et deux cadenas;Oui;Non;17/10/2022;17/10/2022;Oui;9,213566;16,27619
2022;octobre;24/10/2022;578;Chien Domestique;Tandjile;Bere;Tamio;Tamio Mbassa;Pas de Quartier;*AIGW*220057;Oui;6-11 mois;M;Dasekobdegue;Oui- Attaché avec une chaîne et deux cadenas;Oui;Non;25/07/2022;25/07/2022;Oui;9,231679;16,275505
2022;octobre;25/10/2022;579;Chien Domestique;Tandjile;Bere;Kalme;Kalmé;Soumaï 1;6977191;non;2;F;Kerekassian;Oui- Attaché avec une chaîne et deux cadenas;Oui;Non;25/10/2022;24/10/2022;Oui;9,287778;16,255212
2022;octobre;27/10/2022;580;Chien Domestique;MC;Sarh;Badara;Koumabombo;Koumabombo Centre;1,35E+11;non;2;F;Nanhoulouma;Oui- Attaché avec une chaîne et deux cadenas;Oui;Oui;27/10/2022;27/10/2022;Non;9,106078;18,531898
2022;octobre;27/10/2022;581;Chien Domestique;MC;Danamadji;Bambara;Tarangara;Rere;35040757;non;2;M;An-madi;Oui- Attaché avec une chaîne et deux cadenas;Oui;Non;18/10/2022;18/10/2022;Oui;9,13828;18,741445
2022;octobre;31/10/2022;582;Chien Domestique;MC;Kyabe;Boyama;Boyama;Pas de Quartier;630677483;Oui;3;M;Issoyeye;Oui- Attaché avec une chaîne et deux cadenas;Oui;Non;24/10/2022;25/10/2022;Oui;9,303531;19,311299
2022;novembre;01/11/2022;583;Chat Domestique;MKE;Bongor;Bongor;Arkaou;Pas de quartier;*AIGW*220065;Non;8;F;Miss;Oui- Attaché avec une chaîne et deux cadenas;Oui;Non;31/10/2022;01/11/2022;Non;10,339318;16,267734
2022;novembre;02/11/2022;584;Chien Domestique;Tandjile;Bere;Tamio;Pah-ka 1;Pas de Quartier;*AIGW*220080;Non;1;M;Yaiga;Oui- Attaché avec une chaîne et deux cadenas;Oui;Non;02/11/2022;02/11/2022;Non;9,217263;16,279262
2022;novembre;02/11/2022;585;Chien Domestique;Tandjile;Bere;Tamio;Kobkouale-yang;Pas de Quartier;3166514;non;4;F;DIBAKANDI;Oui- Attaché avec une chaîne et deux cadenas;Oui;Non;26/10/2022;26/10/2022;Oui;9,254578;16,281081
2022;novembre;06/11/2022;586;Chat Domestique;Tandjile;Bere;Tamio;Guelkeb;Pas de Quartier;3421749;non;1;F;BATOU;Oui- Attaché avec une chaîne et deux cadenas;Oui;Non;04/11/2022;04/11/2022;Oui;9,243844;16,340372
2022;novembre;10/11/2022;587;Chien Domestique;MC;Sarh;Kokaga;Kissinga;Kissinga Centre;1,12E+11;non;3;F;Benorom;Oui- Attaché avec une chaîne et deux cadenas;Oui;Non;08/11/2022;08/11/2022;Oui;9,492589;18,194318
2022;novembre;14/11/2022;588;Chien Domestique;LOC;Benoye;Tchaouen;Douah;Ngeli;*AIGW*220063;Oui;1;F;Dénédjéatolsi;Oui- Attaché avec une chaîne et deux cadenas;Oui;Non;26/10/2022;29/10/2022;Oui;9,20845;16,372454
2022;novembre;14/11/2022;589;Chien Domestique;Tandjile;Bere;Tamio;Tamio;Tamio 4;6338190;non;2;F;Yajouga;Oui- Attaché avec une chaîne et deux cadenas;Oui;Non;12/11/2022;13/11/2022;Oui;9,239988;16,290114
2022;novembre;18/11/2022;590;Chien Domestique;MC;Balimba;Manda;Mayo 2;Pas de Quartier;2,06E+11;non;2;F;Koumtiman;Oui- Attaché avec une chaîne et deux cadenas;Oui;Non;16/11/2022;16/11/2022;Oui;9,120766;18,182304
2022;novembre;18/11/2022;591;Chien Domestique;MDL;Bedaya;Balmani;Reni;Reni;1,06E+11;non;3;F;Supporté;Oui- Attaché avec une chaîne et deux cadenas;Oui;Non;14/11/2022;14/11/2022;Oui;9,164078;18,11925
2022;novembre;22/11/2022;592;Chien Domestique;Tandjile;Bere;Tamio;Kara;Pas de Quartier;*AIGW*220070;non;3;M;Noudjigoto;Oui- Attaché avec une chaîne et deux cadenas;Oui;Non;12/11/2022;12/11/2022;Oui;9,254364;16,334531
2022;décembre;01/12/2022;593;Chien Domestique;MC;Biobe;Mayo 2;Garambou;Pas de Quartier;672199080;Oui;3;F;Supporté;Oui- Attaché avec une chaîne et deux cadenas;Oui;Non;01/12/2022;02/12/2022;Non;9,609401;19,598892
2022;décembre;01/12/2022;594;Chien Domestique;CB;Bousso;Mbaranga;Goulaka;Komé;2,34E+11;Non;1;M;Domguedowol;Oui- Attaché avec une chaîne et deux cadenas;Oui;Non;23/11/2022;24/11/2022;Oui;10,434458;17,182922
2022;décembre;07/12/2022;595;Chien Domestique;CB;Bailli;Mourai Sara;Samem;Pas de Quartier;1000134xy;non;1;F;Travail;Oui- Attaché avec une chaîne et deux cadenas;Oui;Non;02/12/2022;02/12/2022;Oui;10,636743;16,339574
2022;décembre;09/12/2022;596;Chien Domestique;LOC;Benoye;Tchaouen;Teima;Pas de Quartier;*AIGW*220061;Non;1;M;Suporté;Oui- Attaché avec une chaîne et deux cadenas;Oui;Oui;09/12/2022;09/12/2022;Non;9,184781;16,320877
2022;décembre;16/12/2022;597;Chien Domestique;Tandjile;Bere;Tamio;Dambe-kophalam;Pas de Quartier;*AIGW*220045;non;1;F;La vie;Oui- Attaché avec une chaîne et deux cadenas;Oui;Non;13/12/2022;13/12/2022;Oui;9,224203;16,341852
2022;décembre;19/12/2022;598;Chien Domestique;MKE;Bongor;Balampouta;Daba zero;Saini;1,79E+11;Oui;2;M;Hagandonon;Oui- Attaché avec une chaîne et deux cadenas;Oui;Non;15/12/2022;16/12/2022;Oui;10,1971;15,448114
2022;décembre;21/12/2022;599;Chien Domestique;MC;Danamadji;Bambara;Dankolo;Myabolo;*AIGW*220025;non;2;M;Monice;Oui- Attaché avec une chaîne et deux cadenas;Oui;Non;08/12/2022;08/12/2022;Oui;9,131838;18,813757
